# Lambda_15(1^10) all feasible distributions
# Format: C, a (ball-14), b (ball-15), d (ball-16)
# Total: 35587 combinations

2033,0,1,2032
2034,0,17,2017
2034,1,15,2018
2034,2,13,2019
2034,3,11,2020
2034,4,9,2021
2034,5,7,2022
2034,6,5,2023
2034,7,3,2024
2034,8,1,2025
2035,0,33,2002
2035,1,31,2003
2035,2,29,2004
2035,3,27,2005
2035,4,25,2006
2035,5,23,2007
2035,6,21,2008
2035,7,19,2009
2035,8,17,2010
2035,9,15,2011
2035,10,13,2012
2035,11,11,2013
2035,12,9,2014
2035,13,7,2015
2035,14,5,2016
2035,15,3,2017
2035,16,1,2018
2036,0,49,1987
2036,1,47,1988
2036,2,45,1989
2036,3,43,1990
2036,4,41,1991
2036,5,39,1992
2036,6,37,1993
2036,7,35,1994
2036,8,33,1995
2036,9,31,1996
2036,10,29,1997
2036,11,27,1998
2036,12,25,1999
2036,13,23,2000
2036,14,21,2001
2036,15,19,2002
2036,16,17,2003
2036,17,15,2004
2036,18,13,2005
2036,19,11,2006
2036,20,9,2007
2036,21,7,2008
2036,22,5,2009
2036,23,3,2010
2036,24,1,2011
2037,0,65,1972
2037,1,63,1973
2037,2,61,1974
2037,3,59,1975
2037,4,57,1976
2037,5,55,1977
2037,6,53,1978
2037,7,51,1979
2037,8,49,1980
2037,9,47,1981
2037,10,45,1982
2037,11,43,1983
2037,12,41,1984
2037,13,39,1985
2037,14,37,1986
2037,15,35,1987
2037,16,33,1988
2037,17,31,1989
2037,18,29,1990
2037,19,27,1991
2037,20,25,1992
2037,21,23,1993
2037,22,21,1994
2037,23,19,1995
2037,24,17,1996
2037,25,15,1997
2037,26,13,1998
2037,27,11,1999
2037,28,9,2000
2037,29,7,2001
2037,30,5,2002
2037,31,3,2003
2037,32,1,2004
2038,0,81,1957
2038,1,79,1958
2038,2,77,1959
2038,3,75,1960
2038,4,73,1961
2038,5,71,1962
2038,6,69,1963
2038,7,67,1964
2038,8,65,1965
2038,9,63,1966
2038,10,61,1967
2038,11,59,1968
2038,12,57,1969
2038,13,55,1970
2038,14,53,1971
2038,15,51,1972
2038,16,49,1973
2038,17,47,1974
2038,18,45,1975
2038,19,43,1976
2038,20,41,1977
2038,21,39,1978
2038,22,37,1979
2038,23,35,1980
2038,24,33,1981
2038,25,31,1982
2038,26,29,1983
2038,27,27,1984
2038,28,25,1985
2038,29,23,1986
2038,30,21,1987
2038,31,19,1988
2038,32,17,1989
2038,33,15,1990
2038,34,13,1991
2038,35,11,1992
2038,36,9,1993
2038,37,7,1994
2038,38,5,1995
2038,39,3,1996
2038,40,1,1997
2039,0,97,1942
2039,1,95,1943
2039,2,93,1944
2039,3,91,1945
2039,4,89,1946
2039,5,87,1947
2039,6,85,1948
2039,7,83,1949
2039,8,81,1950
2039,9,79,1951
2039,10,77,1952
2039,11,75,1953
2039,12,73,1954
2039,13,71,1955
2039,14,69,1956
2039,15,67,1957
2039,16,65,1958
2039,17,63,1959
2039,18,61,1960
2039,19,59,1961
2039,20,57,1962
2039,21,55,1963
2039,22,53,1964
2039,23,51,1965
2039,24,49,1966
2039,25,47,1967
2039,26,45,1968
2039,27,43,1969
2039,28,41,1970
2039,29,39,1971
2039,30,37,1972
2039,31,35,1973
2039,32,33,1974
2039,33,31,1975
2039,34,29,1976
2039,35,27,1977
2039,36,25,1978
2039,37,23,1979
2039,38,21,1980
2039,39,19,1981
2039,40,17,1982
2039,41,15,1983
2039,42,13,1984
2039,43,11,1985
2039,44,9,1986
2039,45,7,1987
2039,46,5,1988
2039,47,3,1989
2039,48,1,1990
2040,0,113,1927
2040,1,111,1928
2040,2,109,1929
2040,3,107,1930
2040,4,105,1931
2040,5,103,1932
2040,6,101,1933
2040,7,99,1934
2040,8,97,1935
2040,9,95,1936
2040,10,93,1937
2040,11,91,1938
2040,12,89,1939
2040,13,87,1940
2040,14,85,1941
2040,15,83,1942
2040,16,81,1943
2040,17,79,1944
2040,18,77,1945
2040,19,75,1946
2040,20,73,1947
2040,21,71,1948
2040,22,69,1949
2040,23,67,1950
2040,24,65,1951
2040,25,63,1952
2040,26,61,1953
2040,27,59,1954
2040,28,57,1955
2040,29,55,1956
2040,30,53,1957
2040,31,51,1958
2040,32,49,1959
2040,33,47,1960
2040,34,45,1961
2040,35,43,1962
2040,36,41,1963
2040,37,39,1964
2040,38,37,1965
2040,39,35,1966
2040,40,33,1967
2040,41,31,1968
2040,42,29,1969
2040,43,27,1970
2040,44,25,1971
2040,45,23,1972
2040,46,21,1973
2040,47,19,1974
2040,48,17,1975
2040,49,15,1976
2040,50,13,1977
2040,51,11,1978
2040,52,9,1979
2040,53,7,1980
2040,54,5,1981
2040,55,3,1982
2040,56,1,1983
2041,0,129,1912
2041,1,127,1913
2041,2,125,1914
2041,3,123,1915
2041,4,121,1916
2041,5,119,1917
2041,6,117,1918
2041,7,115,1919
2041,8,113,1920
2041,9,111,1921
2041,10,109,1922
2041,11,107,1923
2041,12,105,1924
2041,13,103,1925
2041,14,101,1926
2041,15,99,1927
2041,16,97,1928
2041,17,95,1929
2041,18,93,1930
2041,19,91,1931
2041,20,89,1932
2041,21,87,1933
2041,22,85,1934
2041,23,83,1935
2041,24,81,1936
2041,25,79,1937
2041,26,77,1938
2041,27,75,1939
2041,28,73,1940
2041,29,71,1941
2041,30,69,1942
2041,31,67,1943
2041,32,65,1944
2041,33,63,1945
2041,34,61,1946
2041,35,59,1947
2041,36,57,1948
2041,37,55,1949
2041,38,53,1950
2041,39,51,1951
2041,40,49,1952
2041,41,47,1953
2041,42,45,1954
2041,43,43,1955
2041,44,41,1956
2041,45,39,1957
2041,46,37,1958
2041,47,35,1959
2041,48,33,1960
2041,49,31,1961
2041,50,29,1962
2041,51,27,1963
2041,52,25,1964
2041,53,23,1965
2041,54,21,1966
2041,55,19,1967
2041,56,17,1968
2041,57,15,1969
2041,58,13,1970
2041,59,11,1971
2041,60,9,1972
2041,61,7,1973
2041,62,5,1974
2041,63,3,1975
2041,64,1,1976
2042,0,145,1897
2042,1,143,1898
2042,2,141,1899
2042,3,139,1900
2042,4,137,1901
2042,5,135,1902
2042,6,133,1903
2042,7,131,1904
2042,8,129,1905
2042,9,127,1906
2042,10,125,1907
2042,11,123,1908
2042,12,121,1909
2042,13,119,1910
2042,14,117,1911
2042,15,115,1912
2042,16,113,1913
2042,17,111,1914
2042,18,109,1915
2042,19,107,1916
2042,20,105,1917
2042,21,103,1918
2042,22,101,1919
2042,23,99,1920
2042,24,97,1921
2042,25,95,1922
2042,26,93,1923
2042,27,91,1924
2042,28,89,1925
2042,29,87,1926
2042,30,85,1927
2042,31,83,1928
2042,32,81,1929
2042,33,79,1930
2042,34,77,1931
2042,35,75,1932
2042,36,73,1933
2042,37,71,1934
2042,38,69,1935
2042,39,67,1936
2042,40,65,1937
2042,41,63,1938
2042,42,61,1939
2042,43,59,1940
2042,44,57,1941
2042,45,55,1942
2042,46,53,1943
2042,47,51,1944
2042,48,49,1945
2042,49,47,1946
2042,50,45,1947
2042,51,43,1948
2042,52,41,1949
2042,53,39,1950
2042,54,37,1951
2042,55,35,1952
2042,56,33,1953
2042,57,31,1954
2042,58,29,1955
2042,59,27,1956
2042,60,25,1957
2042,61,23,1958
2042,62,21,1959
2042,63,19,1960
2042,64,17,1961
2042,65,15,1962
2042,66,13,1963
2042,67,11,1964
2042,68,9,1965
2042,69,7,1966
2042,70,5,1967
2042,71,3,1968
2042,72,1,1969
2043,0,161,1882
2043,1,159,1883
2043,2,157,1884
2043,3,155,1885
2043,4,153,1886
2043,5,151,1887
2043,6,149,1888
2043,7,147,1889
2043,8,145,1890
2043,9,143,1891
2043,10,141,1892
2043,11,139,1893
2043,12,137,1894
2043,13,135,1895
2043,14,133,1896
2043,15,131,1897
2043,16,129,1898
2043,17,127,1899
2043,18,125,1900
2043,19,123,1901
2043,20,121,1902
2043,21,119,1903
2043,22,117,1904
2043,23,115,1905
2043,24,113,1906
2043,25,111,1907
2043,26,109,1908
2043,27,107,1909
2043,28,105,1910
2043,29,103,1911
2043,30,101,1912
2043,31,99,1913
2043,32,97,1914
2043,33,95,1915
2043,34,93,1916
2043,35,91,1917
2043,36,89,1918
2043,37,87,1919
2043,38,85,1920
2043,39,83,1921
2043,40,81,1922
2043,41,79,1923
2043,42,77,1924
2043,43,75,1925
2043,44,73,1926
2043,45,71,1927
2043,46,69,1928
2043,47,67,1929
2043,48,65,1930
2043,49,63,1931
2043,50,61,1932
2043,51,59,1933
2043,52,57,1934
2043,53,55,1935
2043,54,53,1936
2043,55,51,1937
2043,56,49,1938
2043,57,47,1939
2043,58,45,1940
2043,59,43,1941
2043,60,41,1942
2043,61,39,1943
2043,62,37,1944
2043,63,35,1945
2043,64,33,1946
2043,65,31,1947
2043,66,29,1948
2043,67,27,1949
2043,68,25,1950
2043,69,23,1951
2043,70,21,1952
2043,71,19,1953
2043,72,17,1954
2043,73,15,1955
2043,74,13,1956
2043,75,11,1957
2043,76,9,1958
2043,77,7,1959
2043,78,5,1960
2043,79,3,1961
2043,80,1,1962
2044,0,177,1867
2044,1,175,1868
2044,2,173,1869
2044,3,171,1870
2044,4,169,1871
2044,5,167,1872
2044,6,165,1873
2044,7,163,1874
2044,8,161,1875
2044,9,159,1876
2044,10,157,1877
2044,11,155,1878
2044,12,153,1879
2044,13,151,1880
2044,14,149,1881
2044,15,147,1882
2044,16,145,1883
2044,17,143,1884
2044,18,141,1885
2044,19,139,1886
2044,20,137,1887
2044,21,135,1888
2044,22,133,1889
2044,23,131,1890
2044,24,129,1891
2044,25,127,1892
2044,26,125,1893
2044,27,123,1894
2044,28,121,1895
2044,29,119,1896
2044,30,117,1897
2044,31,115,1898
2044,32,113,1899
2044,33,111,1900
2044,34,109,1901
2044,35,107,1902
2044,36,105,1903
2044,37,103,1904
2044,38,101,1905
2044,39,99,1906
2044,40,97,1907
2044,41,95,1908
2044,42,93,1909
2044,43,91,1910
2044,44,89,1911
2044,45,87,1912
2044,46,85,1913
2044,47,83,1914
2044,48,81,1915
2044,49,79,1916
2044,50,77,1917
2044,51,75,1918
2044,52,73,1919
2044,53,71,1920
2044,54,69,1921
2044,55,67,1922
2044,56,65,1923
2044,57,63,1924
2044,58,61,1925
2044,59,59,1926
2044,60,57,1927
2044,61,55,1928
2044,62,53,1929
2044,63,51,1930
2044,64,49,1931
2044,65,47,1932
2044,66,45,1933
2044,67,43,1934
2044,68,41,1935
2044,69,39,1936
2044,70,37,1937
2044,71,35,1938
2044,72,33,1939
2044,73,31,1940
2044,74,29,1941
2044,75,27,1942
2044,76,25,1943
2044,77,23,1944
2044,78,21,1945
2044,79,19,1946
2044,80,17,1947
2044,81,15,1948
2044,82,13,1949
2044,83,11,1950
2044,84,9,1951
2044,85,7,1952
2044,86,5,1953
2044,87,3,1954
2044,88,1,1955
2045,0,193,1852
2045,1,191,1853
2045,2,189,1854
2045,3,187,1855
2045,4,185,1856
2045,5,183,1857
2045,6,181,1858
2045,7,179,1859
2045,8,177,1860
2045,9,175,1861
2045,10,173,1862
2045,11,171,1863
2045,12,169,1864
2045,13,167,1865
2045,14,165,1866
2045,15,163,1867
2045,16,161,1868
2045,17,159,1869
2045,18,157,1870
2045,19,155,1871
2045,20,153,1872
2045,21,151,1873
2045,22,149,1874
2045,23,147,1875
2045,24,145,1876
2045,25,143,1877
2045,26,141,1878
2045,27,139,1879
2045,28,137,1880
2045,29,135,1881
2045,30,133,1882
2045,31,131,1883
2045,32,129,1884
2045,33,127,1885
2045,34,125,1886
2045,35,123,1887
2045,36,121,1888
2045,37,119,1889
2045,38,117,1890
2045,39,115,1891
2045,40,113,1892
2045,41,111,1893
2045,42,109,1894
2045,43,107,1895
2045,44,105,1896
2045,45,103,1897
2045,46,101,1898
2045,47,99,1899
2045,48,97,1900
2045,49,95,1901
2045,50,93,1902
2045,51,91,1903
2045,52,89,1904
2045,53,87,1905
2045,54,85,1906
2045,55,83,1907
2045,56,81,1908
2045,57,79,1909
2045,58,77,1910
2045,59,75,1911
2045,60,73,1912
2045,61,71,1913
2045,62,69,1914
2045,63,67,1915
2045,64,65,1916
2045,65,63,1917
2045,66,61,1918
2045,67,59,1919
2045,68,57,1920
2045,69,55,1921
2045,70,53,1922
2045,71,51,1923
2045,72,49,1924
2045,73,47,1925
2045,74,45,1926
2045,75,43,1927
2045,76,41,1928
2045,77,39,1929
2045,78,37,1930
2045,79,35,1931
2045,80,33,1932
2045,81,31,1933
2045,82,29,1934
2045,83,27,1935
2045,84,25,1936
2045,85,23,1937
2045,86,21,1938
2045,87,19,1939
2045,88,17,1940
2045,89,15,1941
2045,90,13,1942
2045,91,11,1943
2045,92,9,1944
2045,93,7,1945
2045,94,5,1946
2045,95,3,1947
2045,96,1,1948
2046,0,209,1837
2046,1,207,1838
2046,2,205,1839
2046,3,203,1840
2046,4,201,1841
2046,5,199,1842
2046,6,197,1843
2046,7,195,1844
2046,8,193,1845
2046,9,191,1846
2046,10,189,1847
2046,11,187,1848
2046,12,185,1849
2046,13,183,1850
2046,14,181,1851
2046,15,179,1852
2046,16,177,1853
2046,17,175,1854
2046,18,173,1855
2046,19,171,1856
2046,20,169,1857
2046,21,167,1858
2046,22,165,1859
2046,23,163,1860
2046,24,161,1861
2046,25,159,1862
2046,26,157,1863
2046,27,155,1864
2046,28,153,1865
2046,29,151,1866
2046,30,149,1867
2046,31,147,1868
2046,32,145,1869
2046,33,143,1870
2046,34,141,1871
2046,35,139,1872
2046,36,137,1873
2046,37,135,1874
2046,38,133,1875
2046,39,131,1876
2046,40,129,1877
2046,41,127,1878
2046,42,125,1879
2046,43,123,1880
2046,44,121,1881
2046,45,119,1882
2046,46,117,1883
2046,47,115,1884
2046,48,113,1885
2046,49,111,1886
2046,50,109,1887
2046,51,107,1888
2046,52,105,1889
2046,53,103,1890
2046,54,101,1891
2046,55,99,1892
2046,56,97,1893
2046,57,95,1894
2046,58,93,1895
2046,59,91,1896
2046,60,89,1897
2046,61,87,1898
2046,62,85,1899
2046,63,83,1900
2046,64,81,1901
2046,65,79,1902
2046,66,77,1903
2046,67,75,1904
2046,68,73,1905
2046,69,71,1906
2046,70,69,1907
2046,71,67,1908
2046,72,65,1909
2046,73,63,1910
2046,74,61,1911
2046,75,59,1912
2046,76,57,1913
2046,77,55,1914
2046,78,53,1915
2046,79,51,1916
2046,80,49,1917
2046,81,47,1918
2046,82,45,1919
2046,83,43,1920
2046,84,41,1921
2046,85,39,1922
2046,86,37,1923
2046,87,35,1924
2046,88,33,1925
2046,89,31,1926
2046,90,29,1927
2046,91,27,1928
2046,92,25,1929
2046,93,23,1930
2046,94,21,1931
2046,95,19,1932
2046,96,17,1933
2046,97,15,1934
2046,98,13,1935
2046,99,11,1936
2046,100,9,1937
2046,101,7,1938
2046,102,5,1939
2046,103,3,1940
2046,104,1,1941
2047,0,225,1822
2047,1,223,1823
2047,2,221,1824
2047,3,219,1825
2047,4,217,1826
2047,5,215,1827
2047,6,213,1828
2047,7,211,1829
2047,8,209,1830
2047,9,207,1831
2047,10,205,1832
2047,11,203,1833
2047,12,201,1834
2047,13,199,1835
2047,14,197,1836
2047,15,195,1837
2047,16,193,1838
2047,17,191,1839
2047,18,189,1840
2047,19,187,1841
2047,20,185,1842
2047,21,183,1843
2047,22,181,1844
2047,23,179,1845
2047,24,177,1846
2047,25,175,1847
2047,26,173,1848
2047,27,171,1849
2047,28,169,1850
2047,29,167,1851
2047,30,165,1852
2047,31,163,1853
2047,32,161,1854
2047,33,159,1855
2047,34,157,1856
2047,35,155,1857
2047,36,153,1858
2047,37,151,1859
2047,38,149,1860
2047,39,147,1861
2047,40,145,1862
2047,41,143,1863
2047,42,141,1864
2047,43,139,1865
2047,44,137,1866
2047,45,135,1867
2047,46,133,1868
2047,47,131,1869
2047,48,129,1870
2047,49,127,1871
2047,50,125,1872
2047,51,123,1873
2047,52,121,1874
2047,53,119,1875
2047,54,117,1876
2047,55,115,1877
2047,56,113,1878
2047,57,111,1879
2047,58,109,1880
2047,59,107,1881
2047,60,105,1882
2047,61,103,1883
2047,62,101,1884
2047,63,99,1885
2047,64,97,1886
2047,65,95,1887
2047,66,93,1888
2047,67,91,1889
2047,68,89,1890
2047,69,87,1891
2047,70,85,1892
2047,71,83,1893
2047,72,81,1894
2047,73,79,1895
2047,74,77,1896
2047,75,75,1897
2047,76,73,1898
2047,77,71,1899
2047,78,69,1900
2047,79,67,1901
2047,80,65,1902
2047,81,63,1903
2047,82,61,1904
2047,83,59,1905
2047,84,57,1906
2047,85,55,1907
2047,86,53,1908
2047,87,51,1909
2047,88,49,1910
2047,89,47,1911
2047,90,45,1912
2047,91,43,1913
2047,92,41,1914
2047,93,39,1915
2047,94,37,1916
2047,95,35,1917
2047,96,33,1918
2047,97,31,1919
2047,98,29,1920
2047,99,27,1921
2047,100,25,1922
2047,101,23,1923
2047,102,21,1924
2047,103,19,1925
2047,104,17,1926
2047,105,15,1927
2047,106,13,1928
2047,107,11,1929
2047,108,9,1930
2047,109,7,1931
2047,110,5,1932
2047,111,3,1933
2047,112,1,1934
2048,0,241,1807
2048,1,239,1808
2048,2,237,1809
2048,3,235,1810
2048,4,233,1811
2048,5,231,1812
2048,6,229,1813
2048,7,227,1814
2048,8,225,1815
2048,9,223,1816
2048,10,221,1817
2048,11,219,1818
2048,12,217,1819
2048,13,215,1820
2048,14,213,1821
2048,15,211,1822
2048,16,209,1823
2048,17,207,1824
2048,18,205,1825
2048,19,203,1826
2048,20,201,1827
2048,21,199,1828
2048,22,197,1829
2048,23,195,1830
2048,24,193,1831
2048,25,191,1832
2048,26,189,1833
2048,27,187,1834
2048,28,185,1835
2048,29,183,1836
2048,30,181,1837
2048,31,179,1838
2048,32,177,1839
2048,33,175,1840
2048,34,173,1841
2048,35,171,1842
2048,36,169,1843
2048,37,167,1844
2048,38,165,1845
2048,39,163,1846
2048,40,161,1847
2048,41,159,1848
2048,42,157,1849
2048,43,155,1850
2048,44,153,1851
2048,45,151,1852
2048,46,149,1853
2048,47,147,1854
2048,48,145,1855
2048,49,143,1856
2048,50,141,1857
2048,51,139,1858
2048,52,137,1859
2048,53,135,1860
2048,54,133,1861
2048,55,131,1862
2048,56,129,1863
2048,57,127,1864
2048,58,125,1865
2048,59,123,1866
2048,60,121,1867
2048,61,119,1868
2048,62,117,1869
2048,63,115,1870
2048,64,113,1871
2048,65,111,1872
2048,66,109,1873
2048,67,107,1874
2048,68,105,1875
2048,69,103,1876
2048,70,101,1877
2048,71,99,1878
2048,72,97,1879
2048,73,95,1880
2048,74,93,1881
2048,75,91,1882
2048,76,89,1883
2048,77,87,1884
2048,78,85,1885
2048,79,83,1886
2048,80,81,1887
2048,81,79,1888
2048,82,77,1889
2048,83,75,1890
2048,84,73,1891
2048,85,71,1892
2048,86,69,1893
2048,87,67,1894
2048,88,65,1895
2048,89,63,1896
2048,90,61,1897
2048,91,59,1898
2048,92,57,1899
2048,93,55,1900
2048,94,53,1901
2048,95,51,1902
2048,96,49,1903
2048,97,47,1904
2048,98,45,1905
2048,99,43,1906
2048,100,41,1907
2048,101,39,1908
2048,102,37,1909
2048,103,35,1910
2048,104,33,1911
2048,105,31,1912
2048,106,29,1913
2048,107,27,1914
2048,108,25,1915
2048,109,23,1916
2048,110,21,1917
2048,111,19,1918
2048,112,17,1919
2048,113,15,1920
2048,114,13,1921
2048,115,11,1922
2048,116,9,1923
2048,117,7,1924
2048,118,5,1925
2048,119,3,1926
2048,120,1,1927
2049,0,257,1792
2049,1,255,1793
2049,2,253,1794
2049,3,251,1795
2049,4,249,1796
2049,5,247,1797
2049,6,245,1798
2049,7,243,1799
2049,8,241,1800
2049,9,239,1801
2049,10,237,1802
2049,11,235,1803
2049,12,233,1804
2049,13,231,1805
2049,14,229,1806
2049,15,227,1807
2049,16,225,1808
2049,17,223,1809
2049,18,221,1810
2049,19,219,1811
2049,20,217,1812
2049,21,215,1813
2049,22,213,1814
2049,23,211,1815
2049,24,209,1816
2049,25,207,1817
2049,26,205,1818
2049,27,203,1819
2049,28,201,1820
2049,29,199,1821
2049,30,197,1822
2049,31,195,1823
2049,32,193,1824
2049,33,191,1825
2049,34,189,1826
2049,35,187,1827
2049,36,185,1828
2049,37,183,1829
2049,38,181,1830
2049,39,179,1831
2049,40,177,1832
2049,41,175,1833
2049,42,173,1834
2049,43,171,1835
2049,44,169,1836
2049,45,167,1837
2049,46,165,1838
2049,47,163,1839
2049,48,161,1840
2049,49,159,1841
2049,50,157,1842
2049,51,155,1843
2049,52,153,1844
2049,53,151,1845
2049,54,149,1846
2049,55,147,1847
2049,56,145,1848
2049,57,143,1849
2049,58,141,1850
2049,59,139,1851
2049,60,137,1852
2049,61,135,1853
2049,62,133,1854
2049,63,131,1855
2049,64,129,1856
2049,65,127,1857
2049,66,125,1858
2049,67,123,1859
2049,68,121,1860
2049,69,119,1861
2049,70,117,1862
2049,71,115,1863
2049,72,113,1864
2049,73,111,1865
2049,74,109,1866
2049,75,107,1867
2049,76,105,1868
2049,77,103,1869
2049,78,101,1870
2049,79,99,1871
2049,80,97,1872
2049,81,95,1873
2049,82,93,1874
2049,83,91,1875
2049,84,89,1876
2049,85,87,1877
2049,86,85,1878
2049,87,83,1879
2049,88,81,1880
2049,89,79,1881
2049,90,77,1882
2049,91,75,1883
2049,92,73,1884
2049,93,71,1885
2049,94,69,1886
2049,95,67,1887
2049,96,65,1888
2049,97,63,1889
2049,98,61,1890
2049,99,59,1891
2049,100,57,1892
2049,101,55,1893
2049,102,53,1894
2049,103,51,1895
2049,104,49,1896
2049,105,47,1897
2049,106,45,1898
2049,107,43,1899
2049,108,41,1900
2049,109,39,1901
2049,110,37,1902
2049,111,35,1903
2049,112,33,1904
2049,113,31,1905
2049,114,29,1906
2049,115,27,1907
2049,116,25,1908
2049,117,23,1909
2049,118,21,1910
2049,119,19,1911
2049,120,17,1912
2049,121,15,1913
2049,122,13,1914
2049,123,11,1915
2049,124,9,1916
2049,125,7,1917
2049,126,5,1918
2049,127,3,1919
2049,128,1,1920
2050,0,273,1777
2050,1,271,1778
2050,2,269,1779
2050,3,267,1780
2050,4,265,1781
2050,5,263,1782
2050,6,261,1783
2050,7,259,1784
2050,8,257,1785
2050,9,255,1786
2050,10,253,1787
2050,11,251,1788
2050,12,249,1789
2050,13,247,1790
2050,14,245,1791
2050,15,243,1792
2050,16,241,1793
2050,17,239,1794
2050,18,237,1795
2050,19,235,1796
2050,20,233,1797
2050,21,231,1798
2050,22,229,1799
2050,23,227,1800
2050,24,225,1801
2050,25,223,1802
2050,26,221,1803
2050,27,219,1804
2050,28,217,1805
2050,29,215,1806
2050,30,213,1807
2050,31,211,1808
2050,32,209,1809
2050,33,207,1810
2050,34,205,1811
2050,35,203,1812
2050,36,201,1813
2050,37,199,1814
2050,38,197,1815
2050,39,195,1816
2050,40,193,1817
2050,41,191,1818
2050,42,189,1819
2050,43,187,1820
2050,44,185,1821
2050,45,183,1822
2050,46,181,1823
2050,47,179,1824
2050,48,177,1825
2050,49,175,1826
2050,50,173,1827
2050,51,171,1828
2050,52,169,1829
2050,53,167,1830
2050,54,165,1831
2050,55,163,1832
2050,56,161,1833
2050,57,159,1834
2050,58,157,1835
2050,59,155,1836
2050,60,153,1837
2050,61,151,1838
2050,62,149,1839
2050,63,147,1840
2050,64,145,1841
2050,65,143,1842
2050,66,141,1843
2050,67,139,1844
2050,68,137,1845
2050,69,135,1846
2050,70,133,1847
2050,71,131,1848
2050,72,129,1849
2050,73,127,1850
2050,74,125,1851
2050,75,123,1852
2050,76,121,1853
2050,77,119,1854
2050,78,117,1855
2050,79,115,1856
2050,80,113,1857
2050,81,111,1858
2050,82,109,1859
2050,83,107,1860
2050,84,105,1861
2050,85,103,1862
2050,86,101,1863
2050,87,99,1864
2050,88,97,1865
2050,89,95,1866
2050,90,93,1867
2050,91,91,1868
2050,92,89,1869
2050,93,87,1870
2050,94,85,1871
2050,95,83,1872
2050,96,81,1873
2050,97,79,1874
2050,98,77,1875
2050,99,75,1876
2050,100,73,1877
2050,101,71,1878
2050,102,69,1879
2050,103,67,1880
2050,104,65,1881
2050,105,63,1882
2050,106,61,1883
2050,107,59,1884
2050,108,57,1885
2050,109,55,1886
2050,110,53,1887
2050,111,51,1888
2050,112,49,1889
2050,113,47,1890
2050,114,45,1891
2050,115,43,1892
2050,116,41,1893
2050,117,39,1894
2050,118,37,1895
2050,119,35,1896
2050,120,33,1897
2050,121,31,1898
2050,122,29,1899
2050,123,27,1900
2050,124,25,1901
2050,125,23,1902
2050,126,21,1903
2050,127,19,1904
2050,128,17,1905
2050,129,15,1906
2050,130,13,1907
2050,131,11,1908
2050,132,9,1909
2050,133,7,1910
2050,134,5,1911
2050,135,3,1912
2050,136,1,1913
2051,0,289,1762
2051,1,287,1763
2051,2,285,1764
2051,3,283,1765
2051,4,281,1766
2051,5,279,1767
2051,6,277,1768
2051,7,275,1769
2051,8,273,1770
2051,9,271,1771
2051,10,269,1772
2051,11,267,1773
2051,12,265,1774
2051,13,263,1775
2051,14,261,1776
2051,15,259,1777
2051,16,257,1778
2051,17,255,1779
2051,18,253,1780
2051,19,251,1781
2051,20,249,1782
2051,21,247,1783
2051,22,245,1784
2051,23,243,1785
2051,24,241,1786
2051,25,239,1787
2051,26,237,1788
2051,27,235,1789
2051,28,233,1790
2051,29,231,1791
2051,30,229,1792
2051,31,227,1793
2051,32,225,1794
2051,33,223,1795
2051,34,221,1796
2051,35,219,1797
2051,36,217,1798
2051,37,215,1799
2051,38,213,1800
2051,39,211,1801
2051,40,209,1802
2051,41,207,1803
2051,42,205,1804
2051,43,203,1805
2051,44,201,1806
2051,45,199,1807
2051,46,197,1808
2051,47,195,1809
2051,48,193,1810
2051,49,191,1811
2051,50,189,1812
2051,51,187,1813
2051,52,185,1814
2051,53,183,1815
2051,54,181,1816
2051,55,179,1817
2051,56,177,1818
2051,57,175,1819
2051,58,173,1820
2051,59,171,1821
2051,60,169,1822
2051,61,167,1823
2051,62,165,1824
2051,63,163,1825
2051,64,161,1826
2051,65,159,1827
2051,66,157,1828
2051,67,155,1829
2051,68,153,1830
2051,69,151,1831
2051,70,149,1832
2051,71,147,1833
2051,72,145,1834
2051,73,143,1835
2051,74,141,1836
2051,75,139,1837
2051,76,137,1838
2051,77,135,1839
2051,78,133,1840
2051,79,131,1841
2051,80,129,1842
2051,81,127,1843
2051,82,125,1844
2051,83,123,1845
2051,84,121,1846
2051,85,119,1847
2051,86,117,1848
2051,87,115,1849
2051,88,113,1850
2051,89,111,1851
2051,90,109,1852
2051,91,107,1853
2051,92,105,1854
2051,93,103,1855
2051,94,101,1856
2051,95,99,1857
2051,96,97,1858
2051,97,95,1859
2051,98,93,1860
2051,99,91,1861
2051,100,89,1862
2051,101,87,1863
2051,102,85,1864
2051,103,83,1865
2051,104,81,1866
2051,105,79,1867
2051,106,77,1868
2051,107,75,1869
2051,108,73,1870
2051,109,71,1871
2051,110,69,1872
2051,111,67,1873
2051,112,65,1874
2051,113,63,1875
2051,114,61,1876
2051,115,59,1877
2051,116,57,1878
2051,117,55,1879
2051,118,53,1880
2051,119,51,1881
2051,120,49,1882
2051,121,47,1883
2051,122,45,1884
2051,123,43,1885
2051,124,41,1886
2051,125,39,1887
2051,126,37,1888
2051,127,35,1889
2051,128,33,1890
2051,129,31,1891
2051,130,29,1892
2051,131,27,1893
2051,132,25,1894
2051,133,23,1895
2051,134,21,1896
2051,135,19,1897
2051,136,17,1898
2051,137,15,1899
2051,138,13,1900
2051,139,11,1901
2051,140,9,1902
2051,141,7,1903
2051,142,5,1904
2051,143,3,1905
2051,144,1,1906
2052,0,305,1747
2052,1,303,1748
2052,2,301,1749
2052,3,299,1750
2052,4,297,1751
2052,5,295,1752
2052,6,293,1753
2052,7,291,1754
2052,8,289,1755
2052,9,287,1756
2052,10,285,1757
2052,11,283,1758
2052,12,281,1759
2052,13,279,1760
2052,14,277,1761
2052,15,275,1762
2052,16,273,1763
2052,17,271,1764
2052,18,269,1765
2052,19,267,1766
2052,20,265,1767
2052,21,263,1768
2052,22,261,1769
2052,23,259,1770
2052,24,257,1771
2052,25,255,1772
2052,26,253,1773
2052,27,251,1774
2052,28,249,1775
2052,29,247,1776
2052,30,245,1777
2052,31,243,1778
2052,32,241,1779
2052,33,239,1780
2052,34,237,1781
2052,35,235,1782
2052,36,233,1783
2052,37,231,1784
2052,38,229,1785
2052,39,227,1786
2052,40,225,1787
2052,41,223,1788
2052,42,221,1789
2052,43,219,1790
2052,44,217,1791
2052,45,215,1792
2052,46,213,1793
2052,47,211,1794
2052,48,209,1795
2052,49,207,1796
2052,50,205,1797
2052,51,203,1798
2052,52,201,1799
2052,53,199,1800
2052,54,197,1801
2052,55,195,1802
2052,56,193,1803
2052,57,191,1804
2052,58,189,1805
2052,59,187,1806
2052,60,185,1807
2052,61,183,1808
2052,62,181,1809
2052,63,179,1810
2052,64,177,1811
2052,65,175,1812
2052,66,173,1813
2052,67,171,1814
2052,68,169,1815
2052,69,167,1816
2052,70,165,1817
2052,71,163,1818
2052,72,161,1819
2052,73,159,1820
2052,74,157,1821
2052,75,155,1822
2052,76,153,1823
2052,77,151,1824
2052,78,149,1825
2052,79,147,1826
2052,80,145,1827
2052,81,143,1828
2052,82,141,1829
2052,83,139,1830
2052,84,137,1831
2052,85,135,1832
2052,86,133,1833
2052,87,131,1834
2052,88,129,1835
2052,89,127,1836
2052,90,125,1837
2052,91,123,1838
2052,92,121,1839
2052,93,119,1840
2052,94,117,1841
2052,95,115,1842
2052,96,113,1843
2052,97,111,1844
2052,98,109,1845
2052,99,107,1846
2052,100,105,1847
2052,101,103,1848
2052,102,101,1849
2052,103,99,1850
2052,104,97,1851
2052,105,95,1852
2052,106,93,1853
2052,107,91,1854
2052,108,89,1855
2052,109,87,1856
2052,110,85,1857
2052,111,83,1858
2052,112,81,1859
2052,113,79,1860
2052,114,77,1861
2052,115,75,1862
2052,116,73,1863
2052,117,71,1864
2052,118,69,1865
2052,119,67,1866
2052,120,65,1867
2052,121,63,1868
2052,122,61,1869
2052,123,59,1870
2052,124,57,1871
2052,125,55,1872
2052,126,53,1873
2052,127,51,1874
2052,128,49,1875
2052,129,47,1876
2052,130,45,1877
2052,131,43,1878
2052,132,41,1879
2052,133,39,1880
2052,134,37,1881
2052,135,35,1882
2052,136,33,1883
2052,137,31,1884
2052,138,29,1885
2052,139,27,1886
2052,140,25,1887
2052,141,23,1888
2052,142,21,1889
2052,143,19,1890
2052,144,17,1891
2052,145,15,1892
2052,146,13,1893
2052,147,11,1894
2052,148,9,1895
2052,149,7,1896
2052,150,5,1897
2052,151,3,1898
2052,152,1,1899
2053,0,321,1732
2053,1,319,1733
2053,2,317,1734
2053,3,315,1735
2053,4,313,1736
2053,5,311,1737
2053,6,309,1738
2053,7,307,1739
2053,8,305,1740
2053,9,303,1741
2053,10,301,1742
2053,11,299,1743
2053,12,297,1744
2053,13,295,1745
2053,14,293,1746
2053,15,291,1747
2053,16,289,1748
2053,17,287,1749
2053,18,285,1750
2053,19,283,1751
2053,20,281,1752
2053,21,279,1753
2053,22,277,1754
2053,23,275,1755
2053,24,273,1756
2053,25,271,1757
2053,26,269,1758
2053,27,267,1759
2053,28,265,1760
2053,29,263,1761
2053,30,261,1762
2053,31,259,1763
2053,32,257,1764
2053,33,255,1765
2053,34,253,1766
2053,35,251,1767
2053,36,249,1768
2053,37,247,1769
2053,38,245,1770
2053,39,243,1771
2053,40,241,1772
2053,41,239,1773
2053,42,237,1774
2053,43,235,1775
2053,44,233,1776
2053,45,231,1777
2053,46,229,1778
2053,47,227,1779
2053,48,225,1780
2053,49,223,1781
2053,50,221,1782
2053,51,219,1783
2053,52,217,1784
2053,53,215,1785
2053,54,213,1786
2053,55,211,1787
2053,56,209,1788
2053,57,207,1789
2053,58,205,1790
2053,59,203,1791
2053,60,201,1792
2053,61,199,1793
2053,62,197,1794
2053,63,195,1795
2053,64,193,1796
2053,65,191,1797
2053,66,189,1798
2053,67,187,1799
2053,68,185,1800
2053,69,183,1801
2053,70,181,1802
2053,71,179,1803
2053,72,177,1804
2053,73,175,1805
2053,74,173,1806
2053,75,171,1807
2053,76,169,1808
2053,77,167,1809
2053,78,165,1810
2053,79,163,1811
2053,80,161,1812
2053,81,159,1813
2053,82,157,1814
2053,83,155,1815
2053,84,153,1816
2053,85,151,1817
2053,86,149,1818
2053,87,147,1819
2053,88,145,1820
2053,89,143,1821
2053,90,141,1822
2053,91,139,1823
2053,92,137,1824
2053,93,135,1825
2053,94,133,1826
2053,95,131,1827
2053,96,129,1828
2053,97,127,1829
2053,98,125,1830
2053,99,123,1831
2053,100,121,1832
2053,101,119,1833
2053,102,117,1834
2053,103,115,1835
2053,104,113,1836
2053,105,111,1837
2053,106,109,1838
2053,107,107,1839
2053,108,105,1840
2053,109,103,1841
2053,110,101,1842
2053,111,99,1843
2053,112,97,1844
2053,113,95,1845
2053,114,93,1846
2053,115,91,1847
2053,116,89,1848
2053,117,87,1849
2053,118,85,1850
2053,119,83,1851
2053,120,81,1852
2053,121,79,1853
2053,122,77,1854
2053,123,75,1855
2053,124,73,1856
2053,125,71,1857
2053,126,69,1858
2053,127,67,1859
2053,128,65,1860
2053,129,63,1861
2053,130,61,1862
2053,131,59,1863
2053,132,57,1864
2053,133,55,1865
2053,134,53,1866
2053,135,51,1867
2053,136,49,1868
2053,137,47,1869
2053,138,45,1870
2053,139,43,1871
2053,140,41,1872
2053,141,39,1873
2053,142,37,1874
2053,143,35,1875
2053,144,33,1876
2053,145,31,1877
2053,146,29,1878
2053,147,27,1879
2053,148,25,1880
2053,149,23,1881
2053,150,21,1882
2053,151,19,1883
2053,152,17,1884
2053,153,15,1885
2053,154,13,1886
2053,155,11,1887
2053,156,9,1888
2053,157,7,1889
2053,158,5,1890
2053,159,3,1891
2053,160,1,1892
2054,0,337,1717
2054,1,335,1718
2054,2,333,1719
2054,3,331,1720
2054,4,329,1721
2054,5,327,1722
2054,6,325,1723
2054,7,323,1724
2054,8,321,1725
2054,9,319,1726
2054,10,317,1727
2054,11,315,1728
2054,12,313,1729
2054,13,311,1730
2054,14,309,1731
2054,15,307,1732
2054,16,305,1733
2054,17,303,1734
2054,18,301,1735
2054,19,299,1736
2054,20,297,1737
2054,21,295,1738
2054,22,293,1739
2054,23,291,1740
2054,24,289,1741
2054,25,287,1742
2054,26,285,1743
2054,27,283,1744
2054,28,281,1745
2054,29,279,1746
2054,30,277,1747
2054,31,275,1748
2054,32,273,1749
2054,33,271,1750
2054,34,269,1751
2054,35,267,1752
2054,36,265,1753
2054,37,263,1754
2054,38,261,1755
2054,39,259,1756
2054,40,257,1757
2054,41,255,1758
2054,42,253,1759
2054,43,251,1760
2054,44,249,1761
2054,45,247,1762
2054,46,245,1763
2054,47,243,1764
2054,48,241,1765
2054,49,239,1766
2054,50,237,1767
2054,51,235,1768
2054,52,233,1769
2054,53,231,1770
2054,54,229,1771
2054,55,227,1772
2054,56,225,1773
2054,57,223,1774
2054,58,221,1775
2054,59,219,1776
2054,60,217,1777
2054,61,215,1778
2054,62,213,1779
2054,63,211,1780
2054,64,209,1781
2054,65,207,1782
2054,66,205,1783
2054,67,203,1784
2054,68,201,1785
2054,69,199,1786
2054,70,197,1787
2054,71,195,1788
2054,72,193,1789
2054,73,191,1790
2054,74,189,1791
2054,75,187,1792
2054,76,185,1793
2054,77,183,1794
2054,78,181,1795
2054,79,179,1796
2054,80,177,1797
2054,81,175,1798
2054,82,173,1799
2054,83,171,1800
2054,84,169,1801
2054,85,167,1802
2054,86,165,1803
2054,87,163,1804
2054,88,161,1805
2054,89,159,1806
2054,90,157,1807
2054,91,155,1808
2054,92,153,1809
2054,93,151,1810
2054,94,149,1811
2054,95,147,1812
2054,96,145,1813
2054,97,143,1814
2054,98,141,1815
2054,99,139,1816
2054,100,137,1817
2054,101,135,1818
2054,102,133,1819
2054,103,131,1820
2054,104,129,1821
2054,105,127,1822
2054,106,125,1823
2054,107,123,1824
2054,108,121,1825
2054,109,119,1826
2054,110,117,1827
2054,111,115,1828
2054,112,113,1829
2054,113,111,1830
2054,114,109,1831
2054,115,107,1832
2054,116,105,1833
2054,117,103,1834
2054,118,101,1835
2054,119,99,1836
2054,120,97,1837
2054,121,95,1838
2054,122,93,1839
2054,123,91,1840
2054,124,89,1841
2054,125,87,1842
2054,126,85,1843
2054,127,83,1844
2054,128,81,1845
2054,129,79,1846
2054,130,77,1847
2054,131,75,1848
2054,132,73,1849
2054,133,71,1850
2054,134,69,1851
2054,135,67,1852
2054,136,65,1853
2054,137,63,1854
2054,138,61,1855
2054,139,59,1856
2054,140,57,1857
2054,141,55,1858
2054,142,53,1859
2054,143,51,1860
2054,144,49,1861
2054,145,47,1862
2054,146,45,1863
2054,147,43,1864
2054,148,41,1865
2054,149,39,1866
2054,150,37,1867
2054,151,35,1868
2054,152,33,1869
2054,153,31,1870
2054,154,29,1871
2054,155,27,1872
2054,156,25,1873
2054,157,23,1874
2054,158,21,1875
2054,159,19,1876
2054,160,17,1877
2054,161,15,1878
2054,162,13,1879
2054,163,11,1880
2054,164,9,1881
2054,165,7,1882
2054,166,5,1883
2054,167,3,1884
2054,168,1,1885
2055,0,353,1702
2055,1,351,1703
2055,2,349,1704
2055,3,347,1705
2055,4,345,1706
2055,5,343,1707
2055,6,341,1708
2055,7,339,1709
2055,8,337,1710
2055,9,335,1711
2055,10,333,1712
2055,11,331,1713
2055,12,329,1714
2055,13,327,1715
2055,14,325,1716
2055,15,323,1717
2055,16,321,1718
2055,17,319,1719
2055,18,317,1720
2055,19,315,1721
2055,20,313,1722
2055,21,311,1723
2055,22,309,1724
2055,23,307,1725
2055,24,305,1726
2055,25,303,1727
2055,26,301,1728
2055,27,299,1729
2055,28,297,1730
2055,29,295,1731
2055,30,293,1732
2055,31,291,1733
2055,32,289,1734
2055,33,287,1735
2055,34,285,1736
2055,35,283,1737
2055,36,281,1738
2055,37,279,1739
2055,38,277,1740
2055,39,275,1741
2055,40,273,1742
2055,41,271,1743
2055,42,269,1744
2055,43,267,1745
2055,44,265,1746
2055,45,263,1747
2055,46,261,1748
2055,47,259,1749
2055,48,257,1750
2055,49,255,1751
2055,50,253,1752
2055,51,251,1753
2055,52,249,1754
2055,53,247,1755
2055,54,245,1756
2055,55,243,1757
2055,56,241,1758
2055,57,239,1759
2055,58,237,1760
2055,59,235,1761
2055,60,233,1762
2055,61,231,1763
2055,62,229,1764
2055,63,227,1765
2055,64,225,1766
2055,65,223,1767
2055,66,221,1768
2055,67,219,1769
2055,68,217,1770
2055,69,215,1771
2055,70,213,1772
2055,71,211,1773
2055,72,209,1774
2055,73,207,1775
2055,74,205,1776
2055,75,203,1777
2055,76,201,1778
2055,77,199,1779
2055,78,197,1780
2055,79,195,1781
2055,80,193,1782
2055,81,191,1783
2055,82,189,1784
2055,83,187,1785
2055,84,185,1786
2055,85,183,1787
2055,86,181,1788
2055,87,179,1789
2055,88,177,1790
2055,89,175,1791
2055,90,173,1792
2055,91,171,1793
2055,92,169,1794
2055,93,167,1795
2055,94,165,1796
2055,95,163,1797
2055,96,161,1798
2055,97,159,1799
2055,98,157,1800
2055,99,155,1801
2055,100,153,1802
2055,101,151,1803
2055,102,149,1804
2055,103,147,1805
2055,104,145,1806
2055,105,143,1807
2055,106,141,1808
2055,107,139,1809
2055,108,137,1810
2055,109,135,1811
2055,110,133,1812
2055,111,131,1813
2055,112,129,1814
2055,113,127,1815
2055,114,125,1816
2055,115,123,1817
2055,116,121,1818
2055,117,119,1819
2055,118,117,1820
2055,119,115,1821
2055,120,113,1822
2055,121,111,1823
2055,122,109,1824
2055,123,107,1825
2055,124,105,1826
2055,125,103,1827
2055,126,101,1828
2055,127,99,1829
2055,128,97,1830
2055,129,95,1831
2055,130,93,1832
2055,131,91,1833
2055,132,89,1834
2055,133,87,1835
2055,134,85,1836
2055,135,83,1837
2055,136,81,1838
2055,137,79,1839
2055,138,77,1840
2055,139,75,1841
2055,140,73,1842
2055,141,71,1843
2055,142,69,1844
2055,143,67,1845
2055,144,65,1846
2055,145,63,1847
2055,146,61,1848
2055,147,59,1849
2055,148,57,1850
2055,149,55,1851
2055,150,53,1852
2055,151,51,1853
2055,152,49,1854
2055,153,47,1855
2055,154,45,1856
2055,155,43,1857
2055,156,41,1858
2055,157,39,1859
2055,158,37,1860
2055,159,35,1861
2055,160,33,1862
2055,161,31,1863
2055,162,29,1864
2055,163,27,1865
2055,164,25,1866
2055,165,23,1867
2055,166,21,1868
2055,167,19,1869
2055,168,17,1870
2055,169,15,1871
2055,170,13,1872
2055,171,11,1873
2055,172,9,1874
2055,173,7,1875
2055,174,5,1876
2055,175,3,1877
2055,176,1,1878
2056,0,369,1687
2056,1,367,1688
2056,2,365,1689
2056,3,363,1690
2056,4,361,1691
2056,5,359,1692
2056,6,357,1693
2056,7,355,1694
2056,8,353,1695
2056,9,351,1696
2056,10,349,1697
2056,11,347,1698
2056,12,345,1699
2056,13,343,1700
2056,14,341,1701
2056,15,339,1702
2056,16,337,1703
2056,17,335,1704
2056,18,333,1705
2056,19,331,1706
2056,20,329,1707
2056,21,327,1708
2056,22,325,1709
2056,23,323,1710
2056,24,321,1711
2056,25,319,1712
2056,26,317,1713
2056,27,315,1714
2056,28,313,1715
2056,29,311,1716
2056,30,309,1717
2056,31,307,1718
2056,32,305,1719
2056,33,303,1720
2056,34,301,1721
2056,35,299,1722
2056,36,297,1723
2056,37,295,1724
2056,38,293,1725
2056,39,291,1726
2056,40,289,1727
2056,41,287,1728
2056,42,285,1729
2056,43,283,1730
2056,44,281,1731
2056,45,279,1732
2056,46,277,1733
2056,47,275,1734
2056,48,273,1735
2056,49,271,1736
2056,50,269,1737
2056,51,267,1738
2056,52,265,1739
2056,53,263,1740
2056,54,261,1741
2056,55,259,1742
2056,56,257,1743
2056,57,255,1744
2056,58,253,1745
2056,59,251,1746
2056,60,249,1747
2056,61,247,1748
2056,62,245,1749
2056,63,243,1750
2056,64,241,1751
2056,65,239,1752
2056,66,237,1753
2056,67,235,1754
2056,68,233,1755
2056,69,231,1756
2056,70,229,1757
2056,71,227,1758
2056,72,225,1759
2056,73,223,1760
2056,74,221,1761
2056,75,219,1762
2056,76,217,1763
2056,77,215,1764
2056,78,213,1765
2056,79,211,1766
2056,80,209,1767
2056,81,207,1768
2056,82,205,1769
2056,83,203,1770
2056,84,201,1771
2056,85,199,1772
2056,86,197,1773
2056,87,195,1774
2056,88,193,1775
2056,89,191,1776
2056,90,189,1777
2056,91,187,1778
2056,92,185,1779
2056,93,183,1780
2056,94,181,1781
2056,95,179,1782
2056,96,177,1783
2056,97,175,1784
2056,98,173,1785
2056,99,171,1786
2056,100,169,1787
2056,101,167,1788
2056,102,165,1789
2056,103,163,1790
2056,104,161,1791
2056,105,159,1792
2056,106,157,1793
2056,107,155,1794
2056,108,153,1795
2056,109,151,1796
2056,110,149,1797
2056,111,147,1798
2056,112,145,1799
2056,113,143,1800
2056,114,141,1801
2056,115,139,1802
2056,116,137,1803
2056,117,135,1804
2056,118,133,1805
2056,119,131,1806
2056,120,129,1807
2056,121,127,1808
2056,122,125,1809
2056,123,123,1810
2056,124,121,1811
2056,125,119,1812
2056,126,117,1813
2056,127,115,1814
2056,128,113,1815
2056,129,111,1816
2056,130,109,1817
2056,131,107,1818
2056,132,105,1819
2056,133,103,1820
2056,134,101,1821
2056,135,99,1822
2056,136,97,1823
2056,137,95,1824
2056,138,93,1825
2056,139,91,1826
2056,140,89,1827
2056,141,87,1828
2056,142,85,1829
2056,143,83,1830
2056,144,81,1831
2056,145,79,1832
2056,146,77,1833
2056,147,75,1834
2056,148,73,1835
2056,149,71,1836
2056,150,69,1837
2056,151,67,1838
2056,152,65,1839
2056,153,63,1840
2056,154,61,1841
2056,155,59,1842
2056,156,57,1843
2056,157,55,1844
2056,158,53,1845
2056,159,51,1846
2056,160,49,1847
2056,161,47,1848
2056,162,45,1849
2056,163,43,1850
2056,164,41,1851
2056,165,39,1852
2056,166,37,1853
2056,167,35,1854
2056,168,33,1855
2056,169,31,1856
2056,170,29,1857
2056,171,27,1858
2056,172,25,1859
2056,173,23,1860
2056,174,21,1861
2056,175,19,1862
2056,176,17,1863
2056,177,15,1864
2056,178,13,1865
2056,179,11,1866
2056,180,9,1867
2056,181,7,1868
2056,182,5,1869
2056,183,3,1870
2056,184,1,1871
2057,0,385,1672
2057,1,383,1673
2057,2,381,1674
2057,3,379,1675
2057,4,377,1676
2057,5,375,1677
2057,6,373,1678
2057,7,371,1679
2057,8,369,1680
2057,9,367,1681
2057,10,365,1682
2057,11,363,1683
2057,12,361,1684
2057,13,359,1685
2057,14,357,1686
2057,15,355,1687
2057,16,353,1688
2057,17,351,1689
2057,18,349,1690
2057,19,347,1691
2057,20,345,1692
2057,21,343,1693
2057,22,341,1694
2057,23,339,1695
2057,24,337,1696
2057,25,335,1697
2057,26,333,1698
2057,27,331,1699
2057,28,329,1700
2057,29,327,1701
2057,30,325,1702
2057,31,323,1703
2057,32,321,1704
2057,33,319,1705
2057,34,317,1706
2057,35,315,1707
2057,36,313,1708
2057,37,311,1709
2057,38,309,1710
2057,39,307,1711
2057,40,305,1712
2057,41,303,1713
2057,42,301,1714
2057,43,299,1715
2057,44,297,1716
2057,45,295,1717
2057,46,293,1718
2057,47,291,1719
2057,48,289,1720
2057,49,287,1721
2057,50,285,1722
2057,51,283,1723
2057,52,281,1724
2057,53,279,1725
2057,54,277,1726
2057,55,275,1727
2057,56,273,1728
2057,57,271,1729
2057,58,269,1730
2057,59,267,1731
2057,60,265,1732
2057,61,263,1733
2057,62,261,1734
2057,63,259,1735
2057,64,257,1736
2057,65,255,1737
2057,66,253,1738
2057,67,251,1739
2057,68,249,1740
2057,69,247,1741
2057,70,245,1742
2057,71,243,1743
2057,72,241,1744
2057,73,239,1745
2057,74,237,1746
2057,75,235,1747
2057,76,233,1748
2057,77,231,1749
2057,78,229,1750
2057,79,227,1751
2057,80,225,1752
2057,81,223,1753
2057,82,221,1754
2057,83,219,1755
2057,84,217,1756
2057,85,215,1757
2057,86,213,1758
2057,87,211,1759
2057,88,209,1760
2057,89,207,1761
2057,90,205,1762
2057,91,203,1763
2057,92,201,1764
2057,93,199,1765
2057,94,197,1766
2057,95,195,1767
2057,96,193,1768
2057,97,191,1769
2057,98,189,1770
2057,99,187,1771
2057,100,185,1772
2057,101,183,1773
2057,102,181,1774
2057,103,179,1775
2057,104,177,1776
2057,105,175,1777
2057,106,173,1778
2057,107,171,1779
2057,108,169,1780
2057,109,167,1781
2057,110,165,1782
2057,111,163,1783
2057,112,161,1784
2057,113,159,1785
2057,114,157,1786
2057,115,155,1787
2057,116,153,1788
2057,117,151,1789
2057,118,149,1790
2057,119,147,1791
2057,120,145,1792
2057,121,143,1793
2057,122,141,1794
2057,123,139,1795
2057,124,137,1796
2057,125,135,1797
2057,126,133,1798
2057,127,131,1799
2057,128,129,1800
2057,129,127,1801
2057,130,125,1802
2057,131,123,1803
2057,132,121,1804
2057,133,119,1805
2057,134,117,1806
2057,135,115,1807
2057,136,113,1808
2057,137,111,1809
2057,138,109,1810
2057,139,107,1811
2057,140,105,1812
2057,141,103,1813
2057,142,101,1814
2057,143,99,1815
2057,144,97,1816
2057,145,95,1817
2057,146,93,1818
2057,147,91,1819
2057,148,89,1820
2057,149,87,1821
2057,150,85,1822
2057,151,83,1823
2057,152,81,1824
2057,153,79,1825
2057,154,77,1826
2057,155,75,1827
2057,156,73,1828
2057,157,71,1829
2057,158,69,1830
2057,159,67,1831
2057,160,65,1832
2057,161,63,1833
2057,162,61,1834
2057,163,59,1835
2057,164,57,1836
2057,165,55,1837
2057,166,53,1838
2057,167,51,1839
2057,168,49,1840
2057,169,47,1841
2057,170,45,1842
2057,171,43,1843
2057,172,41,1844
2057,173,39,1845
2057,174,37,1846
2057,175,35,1847
2057,176,33,1848
2057,177,31,1849
2057,178,29,1850
2057,179,27,1851
2057,180,25,1852
2057,181,23,1853
2057,182,21,1854
2057,183,19,1855
2057,184,17,1856
2057,185,15,1857
2057,186,13,1858
2057,187,11,1859
2057,188,9,1860
2057,189,7,1861
2057,190,5,1862
2057,191,3,1863
2057,192,1,1864
2058,0,401,1657
2058,1,399,1658
2058,2,397,1659
2058,3,395,1660
2058,4,393,1661
2058,5,391,1662
2058,6,389,1663
2058,7,387,1664
2058,8,385,1665
2058,9,383,1666
2058,10,381,1667
2058,11,379,1668
2058,12,377,1669
2058,13,375,1670
2058,14,373,1671
2058,15,371,1672
2058,16,369,1673
2058,17,367,1674
2058,18,365,1675
2058,19,363,1676
2058,20,361,1677
2058,21,359,1678
2058,22,357,1679
2058,23,355,1680
2058,24,353,1681
2058,25,351,1682
2058,26,349,1683
2058,27,347,1684
2058,28,345,1685
2058,29,343,1686
2058,30,341,1687
2058,31,339,1688
2058,32,337,1689
2058,33,335,1690
2058,34,333,1691
2058,35,331,1692
2058,36,329,1693
2058,37,327,1694
2058,38,325,1695
2058,39,323,1696
2058,40,321,1697
2058,41,319,1698
2058,42,317,1699
2058,43,315,1700
2058,44,313,1701
2058,45,311,1702
2058,46,309,1703
2058,47,307,1704
2058,48,305,1705
2058,49,303,1706
2058,50,301,1707
2058,51,299,1708
2058,52,297,1709
2058,53,295,1710
2058,54,293,1711
2058,55,291,1712
2058,56,289,1713
2058,57,287,1714
2058,58,285,1715
2058,59,283,1716
2058,60,281,1717
2058,61,279,1718
2058,62,277,1719
2058,63,275,1720
2058,64,273,1721
2058,65,271,1722
2058,66,269,1723
2058,67,267,1724
2058,68,265,1725
2058,69,263,1726
2058,70,261,1727
2058,71,259,1728
2058,72,257,1729
2058,73,255,1730
2058,74,253,1731
2058,75,251,1732
2058,76,249,1733
2058,77,247,1734
2058,78,245,1735
2058,79,243,1736
2058,80,241,1737
2058,81,239,1738
2058,82,237,1739
2058,83,235,1740
2058,84,233,1741
2058,85,231,1742
2058,86,229,1743
2058,87,227,1744
2058,88,225,1745
2058,89,223,1746
2058,90,221,1747
2058,91,219,1748
2058,92,217,1749
2058,93,215,1750
2058,94,213,1751
2058,95,211,1752
2058,96,209,1753
2058,97,207,1754
2058,98,205,1755
2058,99,203,1756
2058,100,201,1757
2058,101,199,1758
2058,102,197,1759
2058,103,195,1760
2058,104,193,1761
2058,105,191,1762
2058,106,189,1763
2058,107,187,1764
2058,108,185,1765
2058,109,183,1766
2058,110,181,1767
2058,111,179,1768
2058,112,177,1769
2058,113,175,1770
2058,114,173,1771
2058,115,171,1772
2058,116,169,1773
2058,117,167,1774
2058,118,165,1775
2058,119,163,1776
2058,120,161,1777
2058,121,159,1778
2058,122,157,1779
2058,123,155,1780
2058,124,153,1781
2058,125,151,1782
2058,126,149,1783
2058,127,147,1784
2058,128,145,1785
2058,129,143,1786
2058,130,141,1787
2058,131,139,1788
2058,132,137,1789
2058,133,135,1790
2058,134,133,1791
2058,135,131,1792
2058,136,129,1793
2058,137,127,1794
2058,138,125,1795
2058,139,123,1796
2058,140,121,1797
2058,141,119,1798
2058,142,117,1799
2058,143,115,1800
2058,144,113,1801
2058,145,111,1802
2058,146,109,1803
2058,147,107,1804
2058,148,105,1805
2058,149,103,1806
2058,150,101,1807
2058,151,99,1808
2058,152,97,1809
2058,153,95,1810
2058,154,93,1811
2058,155,91,1812
2058,156,89,1813
2058,157,87,1814
2058,158,85,1815
2058,159,83,1816
2058,160,81,1817
2058,161,79,1818
2058,162,77,1819
2058,163,75,1820
2058,164,73,1821
2058,165,71,1822
2058,166,69,1823
2058,167,67,1824
2058,168,65,1825
2058,169,63,1826
2058,170,61,1827
2058,171,59,1828
2058,172,57,1829
2058,173,55,1830
2058,174,53,1831
2058,175,51,1832
2058,176,49,1833
2058,177,47,1834
2058,178,45,1835
2058,179,43,1836
2058,180,41,1837
2058,181,39,1838
2058,182,37,1839
2058,183,35,1840
2058,184,33,1841
2058,185,31,1842
2058,186,29,1843
2058,187,27,1844
2058,188,25,1845
2058,189,23,1846
2058,190,21,1847
2058,191,19,1848
2058,192,17,1849
2058,193,15,1850
2058,194,13,1851
2058,195,11,1852
2058,196,9,1853
2058,197,7,1854
2058,198,5,1855
2058,199,3,1856
2058,200,1,1857
2059,0,417,1642
2059,1,415,1643
2059,2,413,1644
2059,3,411,1645
2059,4,409,1646
2059,5,407,1647
2059,6,405,1648
2059,7,403,1649
2059,8,401,1650
2059,9,399,1651
2059,10,397,1652
2059,11,395,1653
2059,12,393,1654
2059,13,391,1655
2059,14,389,1656
2059,15,387,1657
2059,16,385,1658
2059,17,383,1659
2059,18,381,1660
2059,19,379,1661
2059,20,377,1662
2059,21,375,1663
2059,22,373,1664
2059,23,371,1665
2059,24,369,1666
2059,25,367,1667
2059,26,365,1668
2059,27,363,1669
2059,28,361,1670
2059,29,359,1671
2059,30,357,1672
2059,31,355,1673
2059,32,353,1674
2059,33,351,1675
2059,34,349,1676
2059,35,347,1677
2059,36,345,1678
2059,37,343,1679
2059,38,341,1680
2059,39,339,1681
2059,40,337,1682
2059,41,335,1683
2059,42,333,1684
2059,43,331,1685
2059,44,329,1686
2059,45,327,1687
2059,46,325,1688
2059,47,323,1689
2059,48,321,1690
2059,49,319,1691
2059,50,317,1692
2059,51,315,1693
2059,52,313,1694
2059,53,311,1695
2059,54,309,1696
2059,55,307,1697
2059,56,305,1698
2059,57,303,1699
2059,58,301,1700
2059,59,299,1701
2059,60,297,1702
2059,61,295,1703
2059,62,293,1704
2059,63,291,1705
2059,64,289,1706
2059,65,287,1707
2059,66,285,1708
2059,67,283,1709
2059,68,281,1710
2059,69,279,1711
2059,70,277,1712
2059,71,275,1713
2059,72,273,1714
2059,73,271,1715
2059,74,269,1716
2059,75,267,1717
2059,76,265,1718
2059,77,263,1719
2059,78,261,1720
2059,79,259,1721
2059,80,257,1722
2059,81,255,1723
2059,82,253,1724
2059,83,251,1725
2059,84,249,1726
2059,85,247,1727
2059,86,245,1728
2059,87,243,1729
2059,88,241,1730
2059,89,239,1731
2059,90,237,1732
2059,91,235,1733
2059,92,233,1734
2059,93,231,1735
2059,94,229,1736
2059,95,227,1737
2059,96,225,1738
2059,97,223,1739
2059,98,221,1740
2059,99,219,1741
2059,100,217,1742
2059,101,215,1743
2059,102,213,1744
2059,103,211,1745
2059,104,209,1746
2059,105,207,1747
2059,106,205,1748
2059,107,203,1749
2059,108,201,1750
2059,109,199,1751
2059,110,197,1752
2059,111,195,1753
2059,112,193,1754
2059,113,191,1755
2059,114,189,1756
2059,115,187,1757
2059,116,185,1758
2059,117,183,1759
2059,118,181,1760
2059,119,179,1761
2059,120,177,1762
2059,121,175,1763
2059,122,173,1764
2059,123,171,1765
2059,124,169,1766
2059,125,167,1767
2059,126,165,1768
2059,127,163,1769
2059,128,161,1770
2059,129,159,1771
2059,130,157,1772
2059,131,155,1773
2059,132,153,1774
2059,133,151,1775
2059,134,149,1776
2059,135,147,1777
2059,136,145,1778
2059,137,143,1779
2059,138,141,1780
2059,139,139,1781
2059,140,137,1782
2059,141,135,1783
2059,142,133,1784
2059,143,131,1785
2059,144,129,1786
2059,145,127,1787
2059,146,125,1788
2059,147,123,1789
2059,148,121,1790
2059,149,119,1791
2059,150,117,1792
2059,151,115,1793
2059,152,113,1794
2059,153,111,1795
2059,154,109,1796
2059,155,107,1797
2059,156,105,1798
2059,157,103,1799
2059,158,101,1800
2059,159,99,1801
2059,160,97,1802
2059,161,95,1803
2059,162,93,1804
2059,163,91,1805
2059,164,89,1806
2059,165,87,1807
2059,166,85,1808
2059,167,83,1809
2059,168,81,1810
2059,169,79,1811
2059,170,77,1812
2059,171,75,1813
2059,172,73,1814
2059,173,71,1815
2059,174,69,1816
2059,175,67,1817
2059,176,65,1818
2059,177,63,1819
2059,178,61,1820
2059,179,59,1821
2059,180,57,1822
2059,181,55,1823
2059,182,53,1824
2059,183,51,1825
2059,184,49,1826
2059,185,47,1827
2059,186,45,1828
2059,187,43,1829
2059,188,41,1830
2059,189,39,1831
2059,190,37,1832
2059,191,35,1833
2059,192,33,1834
2059,193,31,1835
2059,194,29,1836
2059,195,27,1837
2059,196,25,1838
2059,197,23,1839
2059,198,21,1840
2059,199,19,1841
2059,200,17,1842
2059,201,15,1843
2059,202,13,1844
2059,203,11,1845
2059,204,9,1846
2059,205,7,1847
2059,206,5,1848
2059,207,3,1849
2059,208,1,1850
2060,0,433,1627
2060,1,431,1628
2060,2,429,1629
2060,3,427,1630
2060,4,425,1631
2060,5,423,1632
2060,6,421,1633
2060,7,419,1634
2060,8,417,1635
2060,9,415,1636
2060,10,413,1637
2060,11,411,1638
2060,12,409,1639
2060,13,407,1640
2060,14,405,1641
2060,15,403,1642
2060,16,401,1643
2060,17,399,1644
2060,18,397,1645
2060,19,395,1646
2060,20,393,1647
2060,21,391,1648
2060,22,389,1649
2060,23,387,1650
2060,24,385,1651
2060,25,383,1652
2060,26,381,1653
2060,27,379,1654
2060,28,377,1655
2060,29,375,1656
2060,30,373,1657
2060,31,371,1658
2060,32,369,1659
2060,33,367,1660
2060,34,365,1661
2060,35,363,1662
2060,36,361,1663
2060,37,359,1664
2060,38,357,1665
2060,39,355,1666
2060,40,353,1667
2060,41,351,1668
2060,42,349,1669
2060,43,347,1670
2060,44,345,1671
2060,45,343,1672
2060,46,341,1673
2060,47,339,1674
2060,48,337,1675
2060,49,335,1676
2060,50,333,1677
2060,51,331,1678
2060,52,329,1679
2060,53,327,1680
2060,54,325,1681
2060,55,323,1682
2060,56,321,1683
2060,57,319,1684
2060,58,317,1685
2060,59,315,1686
2060,60,313,1687
2060,61,311,1688
2060,62,309,1689
2060,63,307,1690
2060,64,305,1691
2060,65,303,1692
2060,66,301,1693
2060,67,299,1694
2060,68,297,1695
2060,69,295,1696
2060,70,293,1697
2060,71,291,1698
2060,72,289,1699
2060,73,287,1700
2060,74,285,1701
2060,75,283,1702
2060,76,281,1703
2060,77,279,1704
2060,78,277,1705
2060,79,275,1706
2060,80,273,1707
2060,81,271,1708
2060,82,269,1709
2060,83,267,1710
2060,84,265,1711
2060,85,263,1712
2060,86,261,1713
2060,87,259,1714
2060,88,257,1715
2060,89,255,1716
2060,90,253,1717
2060,91,251,1718
2060,92,249,1719
2060,93,247,1720
2060,94,245,1721
2060,95,243,1722
2060,96,241,1723
2060,97,239,1724
2060,98,237,1725
2060,99,235,1726
2060,100,233,1727
2060,101,231,1728
2060,102,229,1729
2060,103,227,1730
2060,104,225,1731
2060,105,223,1732
2060,106,221,1733
2060,107,219,1734
2060,108,217,1735
2060,109,215,1736
2060,110,213,1737
2060,111,211,1738
2060,112,209,1739
2060,113,207,1740
2060,114,205,1741
2060,115,203,1742
2060,116,201,1743
2060,117,199,1744
2060,118,197,1745
2060,119,195,1746
2060,120,193,1747
2060,121,191,1748
2060,122,189,1749
2060,123,187,1750
2060,124,185,1751
2060,125,183,1752
2060,126,181,1753
2060,127,179,1754
2060,128,177,1755
2060,129,175,1756
2060,130,173,1757
2060,131,171,1758
2060,132,169,1759
2060,133,167,1760
2060,134,165,1761
2060,135,163,1762
2060,136,161,1763
2060,137,159,1764
2060,138,157,1765
2060,139,155,1766
2060,140,153,1767
2060,141,151,1768
2060,142,149,1769
2060,143,147,1770
2060,144,145,1771
2060,145,143,1772
2060,146,141,1773
2060,147,139,1774
2060,148,137,1775
2060,149,135,1776
2060,150,133,1777
2060,151,131,1778
2060,152,129,1779
2060,153,127,1780
2060,154,125,1781
2060,155,123,1782
2060,156,121,1783
2060,157,119,1784
2060,158,117,1785
2060,159,115,1786
2060,160,113,1787
2060,161,111,1788
2060,162,109,1789
2060,163,107,1790
2060,164,105,1791
2060,165,103,1792
2060,166,101,1793
2060,167,99,1794
2060,168,97,1795
2060,169,95,1796
2060,170,93,1797
2060,171,91,1798
2060,172,89,1799
2060,173,87,1800
2060,174,85,1801
2060,175,83,1802
2060,176,81,1803
2060,177,79,1804
2060,178,77,1805
2060,179,75,1806
2060,180,73,1807
2060,181,71,1808
2060,182,69,1809
2060,183,67,1810
2060,184,65,1811
2060,185,63,1812
2060,186,61,1813
2060,187,59,1814
2060,188,57,1815
2060,189,55,1816
2060,190,53,1817
2060,191,51,1818
2060,192,49,1819
2060,193,47,1820
2060,194,45,1821
2060,195,43,1822
2060,196,41,1823
2060,197,39,1824
2060,198,37,1825
2060,199,35,1826
2060,200,33,1827
2060,201,31,1828
2060,202,29,1829
2060,203,27,1830
2060,204,25,1831
2060,205,23,1832
2060,206,21,1833
2060,207,19,1834
2060,208,17,1835
2060,209,15,1836
2060,210,13,1837
2060,211,11,1838
2060,212,9,1839
2060,213,7,1840
2060,214,5,1841
2060,215,3,1842
2060,216,1,1843
2061,0,449,1612
2061,1,447,1613
2061,2,445,1614
2061,3,443,1615
2061,4,441,1616
2061,5,439,1617
2061,6,437,1618
2061,7,435,1619
2061,8,433,1620
2061,9,431,1621
2061,10,429,1622
2061,11,427,1623
2061,12,425,1624
2061,13,423,1625
2061,14,421,1626
2061,15,419,1627
2061,16,417,1628
2061,17,415,1629
2061,18,413,1630
2061,19,411,1631
2061,20,409,1632
2061,21,407,1633
2061,22,405,1634
2061,23,403,1635
2061,24,401,1636
2061,25,399,1637
2061,26,397,1638
2061,27,395,1639
2061,28,393,1640
2061,29,391,1641
2061,30,389,1642
2061,31,387,1643
2061,32,385,1644
2061,33,383,1645
2061,34,381,1646
2061,35,379,1647
2061,36,377,1648
2061,37,375,1649
2061,38,373,1650
2061,39,371,1651
2061,40,369,1652
2061,41,367,1653
2061,42,365,1654
2061,43,363,1655
2061,44,361,1656
2061,45,359,1657
2061,46,357,1658
2061,47,355,1659
2061,48,353,1660
2061,49,351,1661
2061,50,349,1662
2061,51,347,1663
2061,52,345,1664
2061,53,343,1665
2061,54,341,1666
2061,55,339,1667
2061,56,337,1668
2061,57,335,1669
2061,58,333,1670
2061,59,331,1671
2061,60,329,1672
2061,61,327,1673
2061,62,325,1674
2061,63,323,1675
2061,64,321,1676
2061,65,319,1677
2061,66,317,1678
2061,67,315,1679
2061,68,313,1680
2061,69,311,1681
2061,70,309,1682
2061,71,307,1683
2061,72,305,1684
2061,73,303,1685
2061,74,301,1686
2061,75,299,1687
2061,76,297,1688
2061,77,295,1689
2061,78,293,1690
2061,79,291,1691
2061,80,289,1692
2061,81,287,1693
2061,82,285,1694
2061,83,283,1695
2061,84,281,1696
2061,85,279,1697
2061,86,277,1698
2061,87,275,1699
2061,88,273,1700
2061,89,271,1701
2061,90,269,1702
2061,91,267,1703
2061,92,265,1704
2061,93,263,1705
2061,94,261,1706
2061,95,259,1707
2061,96,257,1708
2061,97,255,1709
2061,98,253,1710
2061,99,251,1711
2061,100,249,1712
2061,101,247,1713
2061,102,245,1714
2061,103,243,1715
2061,104,241,1716
2061,105,239,1717
2061,106,237,1718
2061,107,235,1719
2061,108,233,1720
2061,109,231,1721
2061,110,229,1722
2061,111,227,1723
2061,112,225,1724
2061,113,223,1725
2061,114,221,1726
2061,115,219,1727
2061,116,217,1728
2061,117,215,1729
2061,118,213,1730
2061,119,211,1731
2061,120,209,1732
2061,121,207,1733
2061,122,205,1734
2061,123,203,1735
2061,124,201,1736
2061,125,199,1737
2061,126,197,1738
2061,127,195,1739
2061,128,193,1740
2061,129,191,1741
2061,130,189,1742
2061,131,187,1743
2061,132,185,1744
2061,133,183,1745
2061,134,181,1746
2061,135,179,1747
2061,136,177,1748
2061,137,175,1749
2061,138,173,1750
2061,139,171,1751
2061,140,169,1752
2061,141,167,1753
2061,142,165,1754
2061,143,163,1755
2061,144,161,1756
2061,145,159,1757
2061,146,157,1758
2061,147,155,1759
2061,148,153,1760
2061,149,151,1761
2061,150,149,1762
2061,151,147,1763
2061,152,145,1764
2061,153,143,1765
2061,154,141,1766
2061,155,139,1767
2061,156,137,1768
2061,157,135,1769
2061,158,133,1770
2061,159,131,1771
2061,160,129,1772
2061,161,127,1773
2061,162,125,1774
2061,163,123,1775
2061,164,121,1776
2061,165,119,1777
2061,166,117,1778
2061,167,115,1779
2061,168,113,1780
2061,169,111,1781
2061,170,109,1782
2061,171,107,1783
2061,172,105,1784
2061,173,103,1785
2061,174,101,1786
2061,175,99,1787
2061,176,97,1788
2061,177,95,1789
2061,178,93,1790
2061,179,91,1791
2061,180,89,1792
2061,181,87,1793
2061,182,85,1794
2061,183,83,1795
2061,184,81,1796
2061,185,79,1797
2061,186,77,1798
2061,187,75,1799
2061,188,73,1800
2061,189,71,1801
2061,190,69,1802
2061,191,67,1803
2061,192,65,1804
2061,193,63,1805
2061,194,61,1806
2061,195,59,1807
2061,196,57,1808
2061,197,55,1809
2061,198,53,1810
2061,199,51,1811
2061,200,49,1812
2061,201,47,1813
2061,202,45,1814
2061,203,43,1815
2061,204,41,1816
2061,205,39,1817
2061,206,37,1818
2061,207,35,1819
2061,208,33,1820
2061,209,31,1821
2061,210,29,1822
2061,211,27,1823
2061,212,25,1824
2061,213,23,1825
2061,214,21,1826
2061,215,19,1827
2061,216,17,1828
2061,217,15,1829
2061,218,13,1830
2061,219,11,1831
2061,220,9,1832
2061,221,7,1833
2061,222,5,1834
2061,223,3,1835
2061,224,1,1836
2062,0,465,1597
2062,1,463,1598
2062,2,461,1599
2062,3,459,1600
2062,4,457,1601
2062,5,455,1602
2062,6,453,1603
2062,7,451,1604
2062,8,449,1605
2062,9,447,1606
2062,10,445,1607
2062,11,443,1608
2062,12,441,1609
2062,13,439,1610
2062,14,437,1611
2062,15,435,1612
2062,16,433,1613
2062,17,431,1614
2062,18,429,1615
2062,19,427,1616
2062,20,425,1617
2062,21,423,1618
2062,22,421,1619
2062,23,419,1620
2062,24,417,1621
2062,25,415,1622
2062,26,413,1623
2062,27,411,1624
2062,28,409,1625
2062,29,407,1626
2062,30,405,1627
2062,31,403,1628
2062,32,401,1629
2062,33,399,1630
2062,34,397,1631
2062,35,395,1632
2062,36,393,1633
2062,37,391,1634
2062,38,389,1635
2062,39,387,1636
2062,40,385,1637
2062,41,383,1638
2062,42,381,1639
2062,43,379,1640
2062,44,377,1641
2062,45,375,1642
2062,46,373,1643
2062,47,371,1644
2062,48,369,1645
2062,49,367,1646
2062,50,365,1647
2062,51,363,1648
2062,52,361,1649
2062,53,359,1650
2062,54,357,1651
2062,55,355,1652
2062,56,353,1653
2062,57,351,1654
2062,58,349,1655
2062,59,347,1656
2062,60,345,1657
2062,61,343,1658
2062,62,341,1659
2062,63,339,1660
2062,64,337,1661
2062,65,335,1662
2062,66,333,1663
2062,67,331,1664
2062,68,329,1665
2062,69,327,1666
2062,70,325,1667
2062,71,323,1668
2062,72,321,1669
2062,73,319,1670
2062,74,317,1671
2062,75,315,1672
2062,76,313,1673
2062,77,311,1674
2062,78,309,1675
2062,79,307,1676
2062,80,305,1677
2062,81,303,1678
2062,82,301,1679
2062,83,299,1680
2062,84,297,1681
2062,85,295,1682
2062,86,293,1683
2062,87,291,1684
2062,88,289,1685
2062,89,287,1686
2062,90,285,1687
2062,91,283,1688
2062,92,281,1689
2062,93,279,1690
2062,94,277,1691
2062,95,275,1692
2062,96,273,1693
2062,97,271,1694
2062,98,269,1695
2062,99,267,1696
2062,100,265,1697
2062,101,263,1698
2062,102,261,1699
2062,103,259,1700
2062,104,257,1701
2062,105,255,1702
2062,106,253,1703
2062,107,251,1704
2062,108,249,1705
2062,109,247,1706
2062,110,245,1707
2062,111,243,1708
2062,112,241,1709
2062,113,239,1710
2062,114,237,1711
2062,115,235,1712
2062,116,233,1713
2062,117,231,1714
2062,118,229,1715
2062,119,227,1716
2062,120,225,1717
2062,121,223,1718
2062,122,221,1719
2062,123,219,1720
2062,124,217,1721
2062,125,215,1722
2062,126,213,1723
2062,127,211,1724
2062,128,209,1725
2062,129,207,1726
2062,130,205,1727
2062,131,203,1728
2062,132,201,1729
2062,133,199,1730
2062,134,197,1731
2062,135,195,1732
2062,136,193,1733
2062,137,191,1734
2062,138,189,1735
2062,139,187,1736
2062,140,185,1737
2062,141,183,1738
2062,142,181,1739
2062,143,179,1740
2062,144,177,1741
2062,145,175,1742
2062,146,173,1743
2062,147,171,1744
2062,148,169,1745
2062,149,167,1746
2062,150,165,1747
2062,151,163,1748
2062,152,161,1749
2062,153,159,1750
2062,154,157,1751
2062,155,155,1752
2062,156,153,1753
2062,157,151,1754
2062,158,149,1755
2062,159,147,1756
2062,160,145,1757
2062,161,143,1758
2062,162,141,1759
2062,163,139,1760
2062,164,137,1761
2062,165,135,1762
2062,166,133,1763
2062,167,131,1764
2062,168,129,1765
2062,169,127,1766
2062,170,125,1767
2062,171,123,1768
2062,172,121,1769
2062,173,119,1770
2062,174,117,1771
2062,175,115,1772
2062,176,113,1773
2062,177,111,1774
2062,178,109,1775
2062,179,107,1776
2062,180,105,1777
2062,181,103,1778
2062,182,101,1779
2062,183,99,1780
2062,184,97,1781
2062,185,95,1782
2062,186,93,1783
2062,187,91,1784
2062,188,89,1785
2062,189,87,1786
2062,190,85,1787
2062,191,83,1788
2062,192,81,1789
2062,193,79,1790
2062,194,77,1791
2062,195,75,1792
2062,196,73,1793
2062,197,71,1794
2062,198,69,1795
2062,199,67,1796
2062,200,65,1797
2062,201,63,1798
2062,202,61,1799
2062,203,59,1800
2062,204,57,1801
2062,205,55,1802
2062,206,53,1803
2062,207,51,1804
2062,208,49,1805
2062,209,47,1806
2062,210,45,1807
2062,211,43,1808
2062,212,41,1809
2062,213,39,1810
2062,214,37,1811
2062,215,35,1812
2062,216,33,1813
2062,217,31,1814
2062,218,29,1815
2062,219,27,1816
2062,220,25,1817
2062,221,23,1818
2062,222,21,1819
2062,223,19,1820
2062,224,17,1821
2062,225,15,1822
2062,226,13,1823
2062,227,11,1824
2062,228,9,1825
2062,229,7,1826
2062,230,5,1827
2062,231,3,1828
2062,232,1,1829
2063,0,481,1582
2063,1,479,1583
2063,2,477,1584
2063,3,475,1585
2063,4,473,1586
2063,5,471,1587
2063,6,469,1588
2063,7,467,1589
2063,8,465,1590
2063,9,463,1591
2063,10,461,1592
2063,11,459,1593
2063,12,457,1594
2063,13,455,1595
2063,14,453,1596
2063,15,451,1597
2063,16,449,1598
2063,17,447,1599
2063,18,445,1600
2063,19,443,1601
2063,20,441,1602
2063,21,439,1603
2063,22,437,1604
2063,23,435,1605
2063,24,433,1606
2063,25,431,1607
2063,26,429,1608
2063,27,427,1609
2063,28,425,1610
2063,29,423,1611
2063,30,421,1612
2063,31,419,1613
2063,32,417,1614
2063,33,415,1615
2063,34,413,1616
2063,35,411,1617
2063,36,409,1618
2063,37,407,1619
2063,38,405,1620
2063,39,403,1621
2063,40,401,1622
2063,41,399,1623
2063,42,397,1624
2063,43,395,1625
2063,44,393,1626
2063,45,391,1627
2063,46,389,1628
2063,47,387,1629
2063,48,385,1630
2063,49,383,1631
2063,50,381,1632
2063,51,379,1633
2063,52,377,1634
2063,53,375,1635
2063,54,373,1636
2063,55,371,1637
2063,56,369,1638
2063,57,367,1639
2063,58,365,1640
2063,59,363,1641
2063,60,361,1642
2063,61,359,1643
2063,62,357,1644
2063,63,355,1645
2063,64,353,1646
2063,65,351,1647
2063,66,349,1648
2063,67,347,1649
2063,68,345,1650
2063,69,343,1651
2063,70,341,1652
2063,71,339,1653
2063,72,337,1654
2063,73,335,1655
2063,74,333,1656
2063,75,331,1657
2063,76,329,1658
2063,77,327,1659
2063,78,325,1660
2063,79,323,1661
2063,80,321,1662
2063,81,319,1663
2063,82,317,1664
2063,83,315,1665
2063,84,313,1666
2063,85,311,1667
2063,86,309,1668
2063,87,307,1669
2063,88,305,1670
2063,89,303,1671
2063,90,301,1672
2063,91,299,1673
2063,92,297,1674
2063,93,295,1675
2063,94,293,1676
2063,95,291,1677
2063,96,289,1678
2063,97,287,1679
2063,98,285,1680
2063,99,283,1681
2063,100,281,1682
2063,101,279,1683
2063,102,277,1684
2063,103,275,1685
2063,104,273,1686
2063,105,271,1687
2063,106,269,1688
2063,107,267,1689
2063,108,265,1690
2063,109,263,1691
2063,110,261,1692
2063,111,259,1693
2063,112,257,1694
2063,113,255,1695
2063,114,253,1696
2063,115,251,1697
2063,116,249,1698
2063,117,247,1699
2063,118,245,1700
2063,119,243,1701
2063,120,241,1702
2063,121,239,1703
2063,122,237,1704
2063,123,235,1705
2063,124,233,1706
2063,125,231,1707
2063,126,229,1708
2063,127,227,1709
2063,128,225,1710
2063,129,223,1711
2063,130,221,1712
2063,131,219,1713
2063,132,217,1714
2063,133,215,1715
2063,134,213,1716
2063,135,211,1717
2063,136,209,1718
2063,137,207,1719
2063,138,205,1720
2063,139,203,1721
2063,140,201,1722
2063,141,199,1723
2063,142,197,1724
2063,143,195,1725
2063,144,193,1726
2063,145,191,1727
2063,146,189,1728
2063,147,187,1729
2063,148,185,1730
2063,149,183,1731
2063,150,181,1732
2063,151,179,1733
2063,152,177,1734
2063,153,175,1735
2063,154,173,1736
2063,155,171,1737
2063,156,169,1738
2063,157,167,1739
2063,158,165,1740
2063,159,163,1741
2063,160,161,1742
2063,161,159,1743
2063,162,157,1744
2063,163,155,1745
2063,164,153,1746
2063,165,151,1747
2063,166,149,1748
2063,167,147,1749
2063,168,145,1750
2063,169,143,1751
2063,170,141,1752
2063,171,139,1753
2063,172,137,1754
2063,173,135,1755
2063,174,133,1756
2063,175,131,1757
2063,176,129,1758
2063,177,127,1759
2063,178,125,1760
2063,179,123,1761
2063,180,121,1762
2063,181,119,1763
2063,182,117,1764
2063,183,115,1765
2063,184,113,1766
2063,185,111,1767
2063,186,109,1768
2063,187,107,1769
2063,188,105,1770
2063,189,103,1771
2063,190,101,1772
2063,191,99,1773
2063,192,97,1774
2063,193,95,1775
2063,194,93,1776
2063,195,91,1777
2063,196,89,1778
2063,197,87,1779
2063,198,85,1780
2063,199,83,1781
2063,200,81,1782
2063,201,79,1783
2063,202,77,1784
2063,203,75,1785
2063,204,73,1786
2063,205,71,1787
2063,206,69,1788
2063,207,67,1789
2063,208,65,1790
2063,209,63,1791
2063,210,61,1792
2063,211,59,1793
2063,212,57,1794
2063,213,55,1795
2063,214,53,1796
2063,215,51,1797
2063,216,49,1798
2063,217,47,1799
2063,218,45,1800
2063,219,43,1801
2063,220,41,1802
2063,221,39,1803
2063,222,37,1804
2063,223,35,1805
2063,224,33,1806
2063,225,31,1807
2063,226,29,1808
2063,227,27,1809
2063,228,25,1810
2063,229,23,1811
2063,230,21,1812
2063,231,19,1813
2063,232,17,1814
2063,233,15,1815
2063,234,13,1816
2063,235,11,1817
2063,236,9,1818
2063,237,7,1819
2063,238,5,1820
2063,239,3,1821
2063,240,1,1822
2064,0,497,1567
2064,1,495,1568
2064,2,493,1569
2064,3,491,1570
2064,4,489,1571
2064,5,487,1572
2064,6,485,1573
2064,7,483,1574
2064,8,481,1575
2064,9,479,1576
2064,10,477,1577
2064,11,475,1578
2064,12,473,1579
2064,13,471,1580
2064,14,469,1581
2064,15,467,1582
2064,16,465,1583
2064,17,463,1584
2064,18,461,1585
2064,19,459,1586
2064,20,457,1587
2064,21,455,1588
2064,22,453,1589
2064,23,451,1590
2064,24,449,1591
2064,25,447,1592
2064,26,445,1593
2064,27,443,1594
2064,28,441,1595
2064,29,439,1596
2064,30,437,1597
2064,31,435,1598
2064,32,433,1599
2064,33,431,1600
2064,34,429,1601
2064,35,427,1602
2064,36,425,1603
2064,37,423,1604
2064,38,421,1605
2064,39,419,1606
2064,40,417,1607
2064,41,415,1608
2064,42,413,1609
2064,43,411,1610
2064,44,409,1611
2064,45,407,1612
2064,46,405,1613
2064,47,403,1614
2064,48,401,1615
2064,49,399,1616
2064,50,397,1617
2064,51,395,1618
2064,52,393,1619
2064,53,391,1620
2064,54,389,1621
2064,55,387,1622
2064,56,385,1623
2064,57,383,1624
2064,58,381,1625
2064,59,379,1626
2064,60,377,1627
2064,61,375,1628
2064,62,373,1629
2064,63,371,1630
2064,64,369,1631
2064,65,367,1632
2064,66,365,1633
2064,67,363,1634
2064,68,361,1635
2064,69,359,1636
2064,70,357,1637
2064,71,355,1638
2064,72,353,1639
2064,73,351,1640
2064,74,349,1641
2064,75,347,1642
2064,76,345,1643
2064,77,343,1644
2064,78,341,1645
2064,79,339,1646
2064,80,337,1647
2064,81,335,1648
2064,82,333,1649
2064,83,331,1650
2064,84,329,1651
2064,85,327,1652
2064,86,325,1653
2064,87,323,1654
2064,88,321,1655
2064,89,319,1656
2064,90,317,1657
2064,91,315,1658
2064,92,313,1659
2064,93,311,1660
2064,94,309,1661
2064,95,307,1662
2064,96,305,1663
2064,97,303,1664
2064,98,301,1665
2064,99,299,1666
2064,100,297,1667
2064,101,295,1668
2064,102,293,1669
2064,103,291,1670
2064,104,289,1671
2064,105,287,1672
2064,106,285,1673
2064,107,283,1674
2064,108,281,1675
2064,109,279,1676
2064,110,277,1677
2064,111,275,1678
2064,112,273,1679
2064,113,271,1680
2064,114,269,1681
2064,115,267,1682
2064,116,265,1683
2064,117,263,1684
2064,118,261,1685
2064,119,259,1686
2064,120,257,1687
2064,121,255,1688
2064,122,253,1689
2064,123,251,1690
2064,124,249,1691
2064,125,247,1692
2064,126,245,1693
2064,127,243,1694
2064,128,241,1695
2064,129,239,1696
2064,130,237,1697
2064,131,235,1698
2064,132,233,1699
2064,133,231,1700
2064,134,229,1701
2064,135,227,1702
2064,136,225,1703
2064,137,223,1704
2064,138,221,1705
2064,139,219,1706
2064,140,217,1707
2064,141,215,1708
2064,142,213,1709
2064,143,211,1710
2064,144,209,1711
2064,145,207,1712
2064,146,205,1713
2064,147,203,1714
2064,148,201,1715
2064,149,199,1716
2064,150,197,1717
2064,151,195,1718
2064,152,193,1719
2064,153,191,1720
2064,154,189,1721
2064,155,187,1722
2064,156,185,1723
2064,157,183,1724
2064,158,181,1725
2064,159,179,1726
2064,160,177,1727
2064,161,175,1728
2064,162,173,1729
2064,163,171,1730
2064,164,169,1731
2064,165,167,1732
2064,166,165,1733
2064,167,163,1734
2064,168,161,1735
2064,169,159,1736
2064,170,157,1737
2064,171,155,1738
2064,172,153,1739
2064,173,151,1740
2064,174,149,1741
2064,175,147,1742
2064,176,145,1743
2064,177,143,1744
2064,178,141,1745
2064,179,139,1746
2064,180,137,1747
2064,181,135,1748
2064,182,133,1749
2064,183,131,1750
2064,184,129,1751
2064,185,127,1752
2064,186,125,1753
2064,187,123,1754
2064,188,121,1755
2064,189,119,1756
2064,190,117,1757
2064,191,115,1758
2064,192,113,1759
2064,193,111,1760
2064,194,109,1761
2064,195,107,1762
2064,196,105,1763
2064,197,103,1764
2064,198,101,1765
2064,199,99,1766
2064,200,97,1767
2064,201,95,1768
2064,202,93,1769
2064,203,91,1770
2064,204,89,1771
2064,205,87,1772
2064,206,85,1773
2064,207,83,1774
2064,208,81,1775
2064,209,79,1776
2064,210,77,1777
2064,211,75,1778
2064,212,73,1779
2064,213,71,1780
2064,214,69,1781
2064,215,67,1782
2064,216,65,1783
2064,217,63,1784
2064,218,61,1785
2064,219,59,1786
2064,220,57,1787
2064,221,55,1788
2064,222,53,1789
2064,223,51,1790
2064,224,49,1791
2064,225,47,1792
2064,226,45,1793
2064,227,43,1794
2064,228,41,1795
2064,229,39,1796
2064,230,37,1797
2064,231,35,1798
2064,232,33,1799
2064,233,31,1800
2064,234,29,1801
2064,235,27,1802
2064,236,25,1803
2064,237,23,1804
2064,238,21,1805
2064,239,19,1806
2064,240,17,1807
2064,241,15,1808
2064,242,13,1809
2064,243,11,1810
2064,244,9,1811
2064,245,7,1812
2064,246,5,1813
2064,247,3,1814
2064,248,1,1815
2065,0,513,1552
2065,1,511,1553
2065,2,509,1554
2065,3,507,1555
2065,4,505,1556
2065,5,503,1557
2065,6,501,1558
2065,7,499,1559
2065,8,497,1560
2065,9,495,1561
2065,10,493,1562
2065,11,491,1563
2065,12,489,1564
2065,13,487,1565
2065,14,485,1566
2065,15,483,1567
2065,16,481,1568
2065,17,479,1569
2065,18,477,1570
2065,19,475,1571
2065,20,473,1572
2065,21,471,1573
2065,22,469,1574
2065,23,467,1575
2065,24,465,1576
2065,25,463,1577
2065,26,461,1578
2065,27,459,1579
2065,28,457,1580
2065,29,455,1581
2065,30,453,1582
2065,31,451,1583
2065,32,449,1584
2065,33,447,1585
2065,34,445,1586
2065,35,443,1587
2065,36,441,1588
2065,37,439,1589
2065,38,437,1590
2065,39,435,1591
2065,40,433,1592
2065,41,431,1593
2065,42,429,1594
2065,43,427,1595
2065,44,425,1596
2065,45,423,1597
2065,46,421,1598
2065,47,419,1599
2065,48,417,1600
2065,49,415,1601
2065,50,413,1602
2065,51,411,1603
2065,52,409,1604
2065,53,407,1605
2065,54,405,1606
2065,55,403,1607
2065,56,401,1608
2065,57,399,1609
2065,58,397,1610
2065,59,395,1611
2065,60,393,1612
2065,61,391,1613
2065,62,389,1614
2065,63,387,1615
2065,64,385,1616
2065,65,383,1617
2065,66,381,1618
2065,67,379,1619
2065,68,377,1620
2065,69,375,1621
2065,70,373,1622
2065,71,371,1623
2065,72,369,1624
2065,73,367,1625
2065,74,365,1626
2065,75,363,1627
2065,76,361,1628
2065,77,359,1629
2065,78,357,1630
2065,79,355,1631
2065,80,353,1632
2065,81,351,1633
2065,82,349,1634
2065,83,347,1635
2065,84,345,1636
2065,85,343,1637
2065,86,341,1638
2065,87,339,1639
2065,88,337,1640
2065,89,335,1641
2065,90,333,1642
2065,91,331,1643
2065,92,329,1644
2065,93,327,1645
2065,94,325,1646
2065,95,323,1647
2065,96,321,1648
2065,97,319,1649
2065,98,317,1650
2065,99,315,1651
2065,100,313,1652
2065,101,311,1653
2065,102,309,1654
2065,103,307,1655
2065,104,305,1656
2065,105,303,1657
2065,106,301,1658
2065,107,299,1659
2065,108,297,1660
2065,109,295,1661
2065,110,293,1662
2065,111,291,1663
2065,112,289,1664
2065,113,287,1665
2065,114,285,1666
2065,115,283,1667
2065,116,281,1668
2065,117,279,1669
2065,118,277,1670
2065,119,275,1671
2065,120,273,1672
2065,121,271,1673
2065,122,269,1674
2065,123,267,1675
2065,124,265,1676
2065,125,263,1677
2065,126,261,1678
2065,127,259,1679
2065,128,257,1680
2065,129,255,1681
2065,130,253,1682
2065,131,251,1683
2065,132,249,1684
2065,133,247,1685
2065,134,245,1686
2065,135,243,1687
2065,136,241,1688
2065,137,239,1689
2065,138,237,1690
2065,139,235,1691
2065,140,233,1692
2065,141,231,1693
2065,142,229,1694
2065,143,227,1695
2065,144,225,1696
2065,145,223,1697
2065,146,221,1698
2065,147,219,1699
2065,148,217,1700
2065,149,215,1701
2065,150,213,1702
2065,151,211,1703
2065,152,209,1704
2065,153,207,1705
2065,154,205,1706
2065,155,203,1707
2065,156,201,1708
2065,157,199,1709
2065,158,197,1710
2065,159,195,1711
2065,160,193,1712
2065,161,191,1713
2065,162,189,1714
2065,163,187,1715
2065,164,185,1716
2065,165,183,1717
2065,166,181,1718
2065,167,179,1719
2065,168,177,1720
2065,169,175,1721
2065,170,173,1722
2065,171,171,1723
2065,172,169,1724
2065,173,167,1725
2065,174,165,1726
2065,175,163,1727
2065,176,161,1728
2065,177,159,1729
2065,178,157,1730
2065,179,155,1731
2065,180,153,1732
2065,181,151,1733
2065,182,149,1734
2065,183,147,1735
2065,184,145,1736
2065,185,143,1737
2065,186,141,1738
2065,187,139,1739
2065,188,137,1740
2065,189,135,1741
2065,190,133,1742
2065,191,131,1743
2065,192,129,1744
2065,193,127,1745
2065,194,125,1746
2065,195,123,1747
2065,196,121,1748
2065,197,119,1749
2065,198,117,1750
2065,199,115,1751
2065,200,113,1752
2065,201,111,1753
2065,202,109,1754
2065,203,107,1755
2065,204,105,1756
2065,205,103,1757
2065,206,101,1758
2065,207,99,1759
2065,208,97,1760
2065,209,95,1761
2065,210,93,1762
2065,211,91,1763
2065,212,89,1764
2065,213,87,1765
2065,214,85,1766
2065,215,83,1767
2065,216,81,1768
2065,217,79,1769
2065,218,77,1770
2065,219,75,1771
2065,220,73,1772
2065,221,71,1773
2065,222,69,1774
2065,223,67,1775
2065,224,65,1776
2065,225,63,1777
2065,226,61,1778
2065,227,59,1779
2065,228,57,1780
2065,229,55,1781
2065,230,53,1782
2065,231,51,1783
2065,232,49,1784
2065,233,47,1785
2065,234,45,1786
2065,235,43,1787
2065,236,41,1788
2065,237,39,1789
2065,238,37,1790
2065,239,35,1791
2065,240,33,1792
2065,241,31,1793
2065,242,29,1794
2065,243,27,1795
2065,244,25,1796
2065,245,23,1797
2065,246,21,1798
2065,247,19,1799
2065,248,17,1800
2065,249,15,1801
2065,250,13,1802
2065,251,11,1803
2065,252,9,1804
2065,253,7,1805
2065,254,5,1806
2065,255,3,1807
2065,256,1,1808
2066,0,529,1537
2066,1,527,1538
2066,2,525,1539
2066,3,523,1540
2066,4,521,1541
2066,5,519,1542
2066,6,517,1543
2066,7,515,1544
2066,8,513,1545
2066,9,511,1546
2066,10,509,1547
2066,11,507,1548
2066,12,505,1549
2066,13,503,1550
2066,14,501,1551
2066,15,499,1552
2066,16,497,1553
2066,17,495,1554
2066,18,493,1555
2066,19,491,1556
2066,20,489,1557
2066,21,487,1558
2066,22,485,1559
2066,23,483,1560
2066,24,481,1561
2066,25,479,1562
2066,26,477,1563
2066,27,475,1564
2066,28,473,1565
2066,29,471,1566
2066,30,469,1567
2066,31,467,1568
2066,32,465,1569
2066,33,463,1570
2066,34,461,1571
2066,35,459,1572
2066,36,457,1573
2066,37,455,1574
2066,38,453,1575
2066,39,451,1576
2066,40,449,1577
2066,41,447,1578
2066,42,445,1579
2066,43,443,1580
2066,44,441,1581
2066,45,439,1582
2066,46,437,1583
2066,47,435,1584
2066,48,433,1585
2066,49,431,1586
2066,50,429,1587
2066,51,427,1588
2066,52,425,1589
2066,53,423,1590
2066,54,421,1591
2066,55,419,1592
2066,56,417,1593
2066,57,415,1594
2066,58,413,1595
2066,59,411,1596
2066,60,409,1597
2066,61,407,1598
2066,62,405,1599
2066,63,403,1600
2066,64,401,1601
2066,65,399,1602
2066,66,397,1603
2066,67,395,1604
2066,68,393,1605
2066,69,391,1606
2066,70,389,1607
2066,71,387,1608
2066,72,385,1609
2066,73,383,1610
2066,74,381,1611
2066,75,379,1612
2066,76,377,1613
2066,77,375,1614
2066,78,373,1615
2066,79,371,1616
2066,80,369,1617
2066,81,367,1618
2066,82,365,1619
2066,83,363,1620
2066,84,361,1621
2066,85,359,1622
2066,86,357,1623
2066,87,355,1624
2066,88,353,1625
2066,89,351,1626
2066,90,349,1627
2066,91,347,1628
2066,92,345,1629
2066,93,343,1630
2066,94,341,1631
2066,95,339,1632
2066,96,337,1633
2066,97,335,1634
2066,98,333,1635
2066,99,331,1636
2066,100,329,1637
2066,101,327,1638
2066,102,325,1639
2066,103,323,1640
2066,104,321,1641
2066,105,319,1642
2066,106,317,1643
2066,107,315,1644
2066,108,313,1645
2066,109,311,1646
2066,110,309,1647
2066,111,307,1648
2066,112,305,1649
2066,113,303,1650
2066,114,301,1651
2066,115,299,1652
2066,116,297,1653
2066,117,295,1654
2066,118,293,1655
2066,119,291,1656
2066,120,289,1657
2066,121,287,1658
2066,122,285,1659
2066,123,283,1660
2066,124,281,1661
2066,125,279,1662
2066,126,277,1663
2066,127,275,1664
2066,128,273,1665
2066,129,271,1666
2066,130,269,1667
2066,131,267,1668
2066,132,265,1669
2066,133,263,1670
2066,134,261,1671
2066,135,259,1672
2066,136,257,1673
2066,137,255,1674
2066,138,253,1675
2066,139,251,1676
2066,140,249,1677
2066,141,247,1678
2066,142,245,1679
2066,143,243,1680
2066,144,241,1681
2066,145,239,1682
2066,146,237,1683
2066,147,235,1684
2066,148,233,1685
2066,149,231,1686
2066,150,229,1687
2066,151,227,1688
2066,152,225,1689
2066,153,223,1690
2066,154,221,1691
2066,155,219,1692
2066,156,217,1693
2066,157,215,1694
2066,158,213,1695
2066,159,211,1696
2066,160,209,1697
2066,161,207,1698
2066,162,205,1699
2066,163,203,1700
2066,164,201,1701
2066,165,199,1702
2066,166,197,1703
2066,167,195,1704
2066,168,193,1705
2066,169,191,1706
2066,170,189,1707
2066,171,187,1708
2066,172,185,1709
2066,173,183,1710
2066,174,181,1711
2066,175,179,1712
2066,176,177,1713
2066,177,175,1714
2066,178,173,1715
2066,179,171,1716
2066,180,169,1717
2066,181,167,1718
2066,182,165,1719
2066,183,163,1720
2066,184,161,1721
2066,185,159,1722
2066,186,157,1723
2066,187,155,1724
2066,188,153,1725
2066,189,151,1726
2066,190,149,1727
2066,191,147,1728
2066,192,145,1729
2066,193,143,1730
2066,194,141,1731
2066,195,139,1732
2066,196,137,1733
2066,197,135,1734
2066,198,133,1735
2066,199,131,1736
2066,200,129,1737
2066,201,127,1738
2066,202,125,1739
2066,203,123,1740
2066,204,121,1741
2066,205,119,1742
2066,206,117,1743
2066,207,115,1744
2066,208,113,1745
2066,209,111,1746
2066,210,109,1747
2066,211,107,1748
2066,212,105,1749
2066,213,103,1750
2066,214,101,1751
2066,215,99,1752
2066,216,97,1753
2066,217,95,1754
2066,218,93,1755
2066,219,91,1756
2066,220,89,1757
2066,221,87,1758
2066,222,85,1759
2066,223,83,1760
2066,224,81,1761
2066,225,79,1762
2066,226,77,1763
2066,227,75,1764
2066,228,73,1765
2066,229,71,1766
2066,230,69,1767
2066,231,67,1768
2066,232,65,1769
2066,233,63,1770
2066,234,61,1771
2066,235,59,1772
2066,236,57,1773
2066,237,55,1774
2066,238,53,1775
2066,239,51,1776
2066,240,49,1777
2066,241,47,1778
2066,242,45,1779
2066,243,43,1780
2066,244,41,1781
2066,245,39,1782
2066,246,37,1783
2066,247,35,1784
2066,248,33,1785
2066,249,31,1786
2066,250,29,1787
2066,251,27,1788
2066,252,25,1789
2066,253,23,1790
2066,254,21,1791
2066,255,19,1792
2066,256,17,1793
2066,257,15,1794
2066,258,13,1795
2066,259,11,1796
2066,260,9,1797
2066,261,7,1798
2066,262,5,1799
2066,263,3,1800
2066,264,1,1801
2067,0,545,1522
2067,1,543,1523
2067,2,541,1524
2067,3,539,1525
2067,4,537,1526
2067,5,535,1527
2067,6,533,1528
2067,7,531,1529
2067,8,529,1530
2067,9,527,1531
2067,10,525,1532
2067,11,523,1533
2067,12,521,1534
2067,13,519,1535
2067,14,517,1536
2067,15,515,1537
2067,16,513,1538
2067,17,511,1539
2067,18,509,1540
2067,19,507,1541
2067,20,505,1542
2067,21,503,1543
2067,22,501,1544
2067,23,499,1545
2067,24,497,1546
2067,25,495,1547
2067,26,493,1548
2067,27,491,1549
2067,28,489,1550
2067,29,487,1551
2067,30,485,1552
2067,31,483,1553
2067,32,481,1554
2067,33,479,1555
2067,34,477,1556
2067,35,475,1557
2067,36,473,1558
2067,37,471,1559
2067,38,469,1560
2067,39,467,1561
2067,40,465,1562
2067,41,463,1563
2067,42,461,1564
2067,43,459,1565
2067,44,457,1566
2067,45,455,1567
2067,46,453,1568
2067,47,451,1569
2067,48,449,1570
2067,49,447,1571
2067,50,445,1572
2067,51,443,1573
2067,52,441,1574
2067,53,439,1575
2067,54,437,1576
2067,55,435,1577
2067,56,433,1578
2067,57,431,1579
2067,58,429,1580
2067,59,427,1581
2067,60,425,1582
2067,61,423,1583
2067,62,421,1584
2067,63,419,1585
2067,64,417,1586
2067,65,415,1587
2067,66,413,1588
2067,67,411,1589
2067,68,409,1590
2067,69,407,1591
2067,70,405,1592
2067,71,403,1593
2067,72,401,1594
2067,73,399,1595
2067,74,397,1596
2067,75,395,1597
2067,76,393,1598
2067,77,391,1599
2067,78,389,1600
2067,79,387,1601
2067,80,385,1602
2067,81,383,1603
2067,82,381,1604
2067,83,379,1605
2067,84,377,1606
2067,85,375,1607
2067,86,373,1608
2067,87,371,1609
2067,88,369,1610
2067,89,367,1611
2067,90,365,1612
2067,91,363,1613
2067,92,361,1614
2067,93,359,1615
2067,94,357,1616
2067,95,355,1617
2067,96,353,1618
2067,97,351,1619
2067,98,349,1620
2067,99,347,1621
2067,100,345,1622
2067,101,343,1623
2067,102,341,1624
2067,103,339,1625
2067,104,337,1626
2067,105,335,1627
2067,106,333,1628
2067,107,331,1629
2067,108,329,1630
2067,109,327,1631
2067,110,325,1632
2067,111,323,1633
2067,112,321,1634
2067,113,319,1635
2067,114,317,1636
2067,115,315,1637
2067,116,313,1638
2067,117,311,1639
2067,118,309,1640
2067,119,307,1641
2067,120,305,1642
2067,121,303,1643
2067,122,301,1644
2067,123,299,1645
2067,124,297,1646
2067,125,295,1647
2067,126,293,1648
2067,127,291,1649
2067,128,289,1650
2067,129,287,1651
2067,130,285,1652
2067,131,283,1653
2067,132,281,1654
2067,133,279,1655
2067,134,277,1656
2067,135,275,1657
2067,136,273,1658
2067,137,271,1659
2067,138,269,1660
2067,139,267,1661
2067,140,265,1662
2067,141,263,1663
2067,142,261,1664
2067,143,259,1665
2067,144,257,1666
2067,145,255,1667
2067,146,253,1668
2067,147,251,1669
2067,148,249,1670
2067,149,247,1671
2067,150,245,1672
2067,151,243,1673
2067,152,241,1674
2067,153,239,1675
2067,154,237,1676
2067,155,235,1677
2067,156,233,1678
2067,157,231,1679
2067,158,229,1680
2067,159,227,1681
2067,160,225,1682
2067,161,223,1683
2067,162,221,1684
2067,163,219,1685
2067,164,217,1686
2067,165,215,1687
2067,166,213,1688
2067,167,211,1689
2067,168,209,1690
2067,169,207,1691
2067,170,205,1692
2067,171,203,1693
2067,172,201,1694
2067,173,199,1695
2067,174,197,1696
2067,175,195,1697
2067,176,193,1698
2067,177,191,1699
2067,178,189,1700
2067,179,187,1701
2067,180,185,1702
2067,181,183,1703
2067,182,181,1704
2067,183,179,1705
2067,184,177,1706
2067,185,175,1707
2067,186,173,1708
2067,187,171,1709
2067,188,169,1710
2067,189,167,1711
2067,190,165,1712
2067,191,163,1713
2067,192,161,1714
2067,193,159,1715
2067,194,157,1716
2067,195,155,1717
2067,196,153,1718
2067,197,151,1719
2067,198,149,1720
2067,199,147,1721
2067,200,145,1722
2067,201,143,1723
2067,202,141,1724
2067,203,139,1725
2067,204,137,1726
2067,205,135,1727
2067,206,133,1728
2067,207,131,1729
2067,208,129,1730
2067,209,127,1731
2067,210,125,1732
2067,211,123,1733
2067,212,121,1734
2067,213,119,1735
2067,214,117,1736
2067,215,115,1737
2067,216,113,1738
2067,217,111,1739
2067,218,109,1740
2067,219,107,1741
2067,220,105,1742
2067,221,103,1743
2067,222,101,1744
2067,223,99,1745
2067,224,97,1746
2067,225,95,1747
2067,226,93,1748
2067,227,91,1749
2067,228,89,1750
2067,229,87,1751
2067,230,85,1752
2067,231,83,1753
2067,232,81,1754
2067,233,79,1755
2067,234,77,1756
2067,235,75,1757
2067,236,73,1758
2067,237,71,1759
2067,238,69,1760
2067,239,67,1761
2067,240,65,1762
2067,241,63,1763
2067,242,61,1764
2067,243,59,1765
2067,244,57,1766
2067,245,55,1767
2067,246,53,1768
2067,247,51,1769
2067,248,49,1770
2067,249,47,1771
2067,250,45,1772
2067,251,43,1773
2067,252,41,1774
2067,253,39,1775
2067,254,37,1776
2067,255,35,1777
2067,256,33,1778
2067,257,31,1779
2067,258,29,1780
2067,259,27,1781
2067,260,25,1782
2067,261,23,1783
2067,262,21,1784
2067,263,19,1785
2067,264,17,1786
2067,265,15,1787
2067,266,13,1788
2067,267,11,1789
2067,268,9,1790
2067,269,7,1791
2067,270,5,1792
2067,271,3,1793
2067,272,1,1794
2068,0,561,1507
2068,1,559,1508
2068,2,557,1509
2068,3,555,1510
2068,4,553,1511
2068,5,551,1512
2068,6,549,1513
2068,7,547,1514
2068,8,545,1515
2068,9,543,1516
2068,10,541,1517
2068,11,539,1518
2068,12,537,1519
2068,13,535,1520
2068,14,533,1521
2068,15,531,1522
2068,16,529,1523
2068,17,527,1524
2068,18,525,1525
2068,19,523,1526
2068,20,521,1527
2068,21,519,1528
2068,22,517,1529
2068,23,515,1530
2068,24,513,1531
2068,25,511,1532
2068,26,509,1533
2068,27,507,1534
2068,28,505,1535
2068,29,503,1536
2068,30,501,1537
2068,31,499,1538
2068,32,497,1539
2068,33,495,1540
2068,34,493,1541
2068,35,491,1542
2068,36,489,1543
2068,37,487,1544
2068,38,485,1545
2068,39,483,1546
2068,40,481,1547
2068,41,479,1548
2068,42,477,1549
2068,43,475,1550
2068,44,473,1551
2068,45,471,1552
2068,46,469,1553
2068,47,467,1554
2068,48,465,1555
2068,49,463,1556
2068,50,461,1557
2068,51,459,1558
2068,52,457,1559
2068,53,455,1560
2068,54,453,1561
2068,55,451,1562
2068,56,449,1563
2068,57,447,1564
2068,58,445,1565
2068,59,443,1566
2068,60,441,1567
2068,61,439,1568
2068,62,437,1569
2068,63,435,1570
2068,64,433,1571
2068,65,431,1572
2068,66,429,1573
2068,67,427,1574
2068,68,425,1575
2068,69,423,1576
2068,70,421,1577
2068,71,419,1578
2068,72,417,1579
2068,73,415,1580
2068,74,413,1581
2068,75,411,1582
2068,76,409,1583
2068,77,407,1584
2068,78,405,1585
2068,79,403,1586
2068,80,401,1587
2068,81,399,1588
2068,82,397,1589
2068,83,395,1590
2068,84,393,1591
2068,85,391,1592
2068,86,389,1593
2068,87,387,1594
2068,88,385,1595
2068,89,383,1596
2068,90,381,1597
2068,91,379,1598
2068,92,377,1599
2068,93,375,1600
2068,94,373,1601
2068,95,371,1602
2068,96,369,1603
2068,97,367,1604
2068,98,365,1605
2068,99,363,1606
2068,100,361,1607
2068,101,359,1608
2068,102,357,1609
2068,103,355,1610
2068,104,353,1611
2068,105,351,1612
2068,106,349,1613
2068,107,347,1614
2068,108,345,1615
2068,109,343,1616
2068,110,341,1617
2068,111,339,1618
2068,112,337,1619
2068,113,335,1620
2068,114,333,1621
2068,115,331,1622
2068,116,329,1623
2068,117,327,1624
2068,118,325,1625
2068,119,323,1626
2068,120,321,1627
2068,121,319,1628
2068,122,317,1629
2068,123,315,1630
2068,124,313,1631
2068,125,311,1632
2068,126,309,1633
2068,127,307,1634
2068,128,305,1635
2068,129,303,1636
2068,130,301,1637
2068,131,299,1638
2068,132,297,1639
2068,133,295,1640
2068,134,293,1641
2068,135,291,1642
2068,136,289,1643
2068,137,287,1644
2068,138,285,1645
2068,139,283,1646
2068,140,281,1647
2068,141,279,1648
2068,142,277,1649
2068,143,275,1650
2068,144,273,1651
2068,145,271,1652
2068,146,269,1653
2068,147,267,1654
2068,148,265,1655
2068,149,263,1656
2068,150,261,1657
2068,151,259,1658
2068,152,257,1659
2068,153,255,1660
2068,154,253,1661
2068,155,251,1662
2068,156,249,1663
2068,157,247,1664
2068,158,245,1665
2068,159,243,1666
2068,160,241,1667
2068,161,239,1668
2068,162,237,1669
2068,163,235,1670
2068,164,233,1671
2068,165,231,1672
2068,166,229,1673
2068,167,227,1674
2068,168,225,1675
2068,169,223,1676
2068,170,221,1677
2068,171,219,1678
2068,172,217,1679
2068,173,215,1680
2068,174,213,1681
2068,175,211,1682
2068,176,209,1683
2068,177,207,1684
2068,178,205,1685
2068,179,203,1686
2068,180,201,1687
2068,181,199,1688
2068,182,197,1689
2068,183,195,1690
2068,184,193,1691
2068,185,191,1692
2068,186,189,1693
2068,187,187,1694
2068,188,185,1695
2068,189,183,1696
2068,190,181,1697
2068,191,179,1698
2068,192,177,1699
2068,193,175,1700
2068,194,173,1701
2068,195,171,1702
2068,196,169,1703
2068,197,167,1704
2068,198,165,1705
2068,199,163,1706
2068,200,161,1707
2068,201,159,1708
2068,202,157,1709
2068,203,155,1710
2068,204,153,1711
2068,205,151,1712
2068,206,149,1713
2068,207,147,1714
2068,208,145,1715
2068,209,143,1716
2068,210,141,1717
2068,211,139,1718
2068,212,137,1719
2068,213,135,1720
2068,214,133,1721
2068,215,131,1722
2068,216,129,1723
2068,217,127,1724
2068,218,125,1725
2068,219,123,1726
2068,220,121,1727
2068,221,119,1728
2068,222,117,1729
2068,223,115,1730
2068,224,113,1731
2068,225,111,1732
2068,226,109,1733
2068,227,107,1734
2068,228,105,1735
2068,229,103,1736
2068,230,101,1737
2068,231,99,1738
2068,232,97,1739
2068,233,95,1740
2068,234,93,1741
2068,235,91,1742
2068,236,89,1743
2068,237,87,1744
2068,238,85,1745
2068,239,83,1746
2068,240,81,1747
2068,241,79,1748
2068,242,77,1749
2068,243,75,1750
2068,244,73,1751
2068,245,71,1752
2068,246,69,1753
2068,247,67,1754
2068,248,65,1755
2068,249,63,1756
2068,250,61,1757
2068,251,59,1758
2068,252,57,1759
2068,253,55,1760
2068,254,53,1761
2068,255,51,1762
2068,256,49,1763
2068,257,47,1764
2068,258,45,1765
2068,259,43,1766
2068,260,41,1767
2068,261,39,1768
2068,262,37,1769
2068,263,35,1770
2068,264,33,1771
2068,265,31,1772
2068,266,29,1773
2068,267,27,1774
2068,268,25,1775
2068,269,23,1776
2068,270,21,1777
2068,271,19,1778
2068,272,17,1779
2068,273,15,1780
2068,274,13,1781
2068,275,11,1782
2068,276,9,1783
2068,277,7,1784
2068,278,5,1785
2068,279,3,1786
2068,280,1,1787
2069,0,577,1492
2069,1,575,1493
2069,2,573,1494
2069,3,571,1495
2069,4,569,1496
2069,5,567,1497
2069,6,565,1498
2069,7,563,1499
2069,8,561,1500
2069,9,559,1501
2069,10,557,1502
2069,11,555,1503
2069,12,553,1504
2069,13,551,1505
2069,14,549,1506
2069,15,547,1507
2069,16,545,1508
2069,17,543,1509
2069,18,541,1510
2069,19,539,1511
2069,20,537,1512
2069,21,535,1513
2069,22,533,1514
2069,23,531,1515
2069,24,529,1516
2069,25,527,1517
2069,26,525,1518
2069,27,523,1519
2069,28,521,1520
2069,29,519,1521
2069,30,517,1522
2069,31,515,1523
2069,32,513,1524
2069,33,511,1525
2069,34,509,1526
2069,35,507,1527
2069,36,505,1528
2069,37,503,1529
2069,38,501,1530
2069,39,499,1531
2069,40,497,1532
2069,41,495,1533
2069,42,493,1534
2069,43,491,1535
2069,44,489,1536
2069,45,487,1537
2069,46,485,1538
2069,47,483,1539
2069,48,481,1540
2069,49,479,1541
2069,50,477,1542
2069,51,475,1543
2069,52,473,1544
2069,53,471,1545
2069,54,469,1546
2069,55,467,1547
2069,56,465,1548
2069,57,463,1549
2069,58,461,1550
2069,59,459,1551
2069,60,457,1552
2069,61,455,1553
2069,62,453,1554
2069,63,451,1555
2069,64,449,1556
2069,65,447,1557
2069,66,445,1558
2069,67,443,1559
2069,68,441,1560
2069,69,439,1561
2069,70,437,1562
2069,71,435,1563
2069,72,433,1564
2069,73,431,1565
2069,74,429,1566
2069,75,427,1567
2069,76,425,1568
2069,77,423,1569
2069,78,421,1570
2069,79,419,1571
2069,80,417,1572
2069,81,415,1573
2069,82,413,1574
2069,83,411,1575
2069,84,409,1576
2069,85,407,1577
2069,86,405,1578
2069,87,403,1579
2069,88,401,1580
2069,89,399,1581
2069,90,397,1582
2069,91,395,1583
2069,92,393,1584
2069,93,391,1585
2069,94,389,1586
2069,95,387,1587
2069,96,385,1588
2069,97,383,1589
2069,98,381,1590
2069,99,379,1591
2069,100,377,1592
2069,101,375,1593
2069,102,373,1594
2069,103,371,1595
2069,104,369,1596
2069,105,367,1597
2069,106,365,1598
2069,107,363,1599
2069,108,361,1600
2069,109,359,1601
2069,110,357,1602
2069,111,355,1603
2069,112,353,1604
2069,113,351,1605
2069,114,349,1606
2069,115,347,1607
2069,116,345,1608
2069,117,343,1609
2069,118,341,1610
2069,119,339,1611
2069,120,337,1612
2069,121,335,1613
2069,122,333,1614
2069,123,331,1615
2069,124,329,1616
2069,125,327,1617
2069,126,325,1618
2069,127,323,1619
2069,128,321,1620
2069,129,319,1621
2069,130,317,1622
2069,131,315,1623
2069,132,313,1624
2069,133,311,1625
2069,134,309,1626
2069,135,307,1627
2069,136,305,1628
2069,137,303,1629
2069,138,301,1630
2069,139,299,1631
2069,140,297,1632
2069,141,295,1633
2069,142,293,1634
2069,143,291,1635
2069,144,289,1636
2069,145,287,1637
2069,146,285,1638
2069,147,283,1639
2069,148,281,1640
2069,149,279,1641
2069,150,277,1642
2069,151,275,1643
2069,152,273,1644
2069,153,271,1645
2069,154,269,1646
2069,155,267,1647
2069,156,265,1648
2069,157,263,1649
2069,158,261,1650
2069,159,259,1651
2069,160,257,1652
2069,161,255,1653
2069,162,253,1654
2069,163,251,1655
2069,164,249,1656
2069,165,247,1657
2069,166,245,1658
2069,167,243,1659
2069,168,241,1660
2069,169,239,1661
2069,170,237,1662
2069,171,235,1663
2069,172,233,1664
2069,173,231,1665
2069,174,229,1666
2069,175,227,1667
2069,176,225,1668
2069,177,223,1669
2069,178,221,1670
2069,179,219,1671
2069,180,217,1672
2069,181,215,1673
2069,182,213,1674
2069,183,211,1675
2069,184,209,1676
2069,185,207,1677
2069,186,205,1678
2069,187,203,1679
2069,188,201,1680
2069,189,199,1681
2069,190,197,1682
2069,191,195,1683
2069,192,193,1684
2069,193,191,1685
2069,194,189,1686
2069,195,187,1687
2069,196,185,1688
2069,197,183,1689
2069,198,181,1690
2069,199,179,1691
2069,200,177,1692
2069,201,175,1693
2069,202,173,1694
2069,203,171,1695
2069,204,169,1696
2069,205,167,1697
2069,206,165,1698
2069,207,163,1699
2069,208,161,1700
2069,209,159,1701
2069,210,157,1702
2069,211,155,1703
2069,212,153,1704
2069,213,151,1705
2069,214,149,1706
2069,215,147,1707
2069,216,145,1708
2069,217,143,1709
2069,218,141,1710
2069,219,139,1711
2069,220,137,1712
2069,221,135,1713
2069,222,133,1714
2069,223,131,1715
2069,224,129,1716
2069,225,127,1717
2069,226,125,1718
2069,227,123,1719
2069,228,121,1720
2069,229,119,1721
2069,230,117,1722
2069,231,115,1723
2069,232,113,1724
2069,233,111,1725
2069,234,109,1726
2069,235,107,1727
2069,236,105,1728
2069,237,103,1729
2069,238,101,1730
2069,239,99,1731
2069,240,97,1732
2069,241,95,1733
2069,242,93,1734
2069,243,91,1735
2069,244,89,1736
2069,245,87,1737
2069,246,85,1738
2069,247,83,1739
2069,248,81,1740
2069,249,79,1741
2069,250,77,1742
2069,251,75,1743
2069,252,73,1744
2069,253,71,1745
2069,254,69,1746
2069,255,67,1747
2069,256,65,1748
2069,257,63,1749
2069,258,61,1750
2069,259,59,1751
2069,260,57,1752
2069,261,55,1753
2069,262,53,1754
2069,263,51,1755
2069,264,49,1756
2069,265,47,1757
2069,266,45,1758
2069,267,43,1759
2069,268,41,1760
2069,269,39,1761
2069,270,37,1762
2069,271,35,1763
2069,272,33,1764
2069,273,31,1765
2069,274,29,1766
2069,275,27,1767
2069,276,25,1768
2069,277,23,1769
2069,278,21,1770
2069,279,19,1771
2069,280,17,1772
2069,281,15,1773
2069,282,13,1774
2069,283,11,1775
2069,284,9,1776
2069,285,7,1777
2069,286,5,1778
2069,287,3,1779
2069,288,1,1780
2070,0,593,1477
2070,1,591,1478
2070,2,589,1479
2070,3,587,1480
2070,4,585,1481
2070,5,583,1482
2070,6,581,1483
2070,7,579,1484
2070,8,577,1485
2070,9,575,1486
2070,10,573,1487
2070,11,571,1488
2070,12,569,1489
2070,13,567,1490
2070,14,565,1491
2070,15,563,1492
2070,16,561,1493
2070,17,559,1494
2070,18,557,1495
2070,19,555,1496
2070,20,553,1497
2070,21,551,1498
2070,22,549,1499
2070,23,547,1500
2070,24,545,1501
2070,25,543,1502
2070,26,541,1503
2070,27,539,1504
2070,28,537,1505
2070,29,535,1506
2070,30,533,1507
2070,31,531,1508
2070,32,529,1509
2070,33,527,1510
2070,34,525,1511
2070,35,523,1512
2070,36,521,1513
2070,37,519,1514
2070,38,517,1515
2070,39,515,1516
2070,40,513,1517
2070,41,511,1518
2070,42,509,1519
2070,43,507,1520
2070,44,505,1521
2070,45,503,1522
2070,46,501,1523
2070,47,499,1524
2070,48,497,1525
2070,49,495,1526
2070,50,493,1527
2070,51,491,1528
2070,52,489,1529
2070,53,487,1530
2070,54,485,1531
2070,55,483,1532
2070,56,481,1533
2070,57,479,1534
2070,58,477,1535
2070,59,475,1536
2070,60,473,1537
2070,61,471,1538
2070,62,469,1539
2070,63,467,1540
2070,64,465,1541
2070,65,463,1542
2070,66,461,1543
2070,67,459,1544
2070,68,457,1545
2070,69,455,1546
2070,70,453,1547
2070,71,451,1548
2070,72,449,1549
2070,73,447,1550
2070,74,445,1551
2070,75,443,1552
2070,76,441,1553
2070,77,439,1554
2070,78,437,1555
2070,79,435,1556
2070,80,433,1557
2070,81,431,1558
2070,82,429,1559
2070,83,427,1560
2070,84,425,1561
2070,85,423,1562
2070,86,421,1563
2070,87,419,1564
2070,88,417,1565
2070,89,415,1566
2070,90,413,1567
2070,91,411,1568
2070,92,409,1569
2070,93,407,1570
2070,94,405,1571
2070,95,403,1572
2070,96,401,1573
2070,97,399,1574
2070,98,397,1575
2070,99,395,1576
2070,100,393,1577
2070,101,391,1578
2070,102,389,1579
2070,103,387,1580
2070,104,385,1581
2070,105,383,1582
2070,106,381,1583
2070,107,379,1584
2070,108,377,1585
2070,109,375,1586
2070,110,373,1587
2070,111,371,1588
2070,112,369,1589
2070,113,367,1590
2070,114,365,1591
2070,115,363,1592
2070,116,361,1593
2070,117,359,1594
2070,118,357,1595
2070,119,355,1596
2070,120,353,1597
2070,121,351,1598
2070,122,349,1599
2070,123,347,1600
2070,124,345,1601
2070,125,343,1602
2070,126,341,1603
2070,127,339,1604
2070,128,337,1605
2070,129,335,1606
2070,130,333,1607
2070,131,331,1608
2070,132,329,1609
2070,133,327,1610
2070,134,325,1611
2070,135,323,1612
2070,136,321,1613
2070,137,319,1614
2070,138,317,1615
2070,139,315,1616
2070,140,313,1617
2070,141,311,1618
2070,142,309,1619
2070,143,307,1620
2070,144,305,1621
2070,145,303,1622
2070,146,301,1623
2070,147,299,1624
2070,148,297,1625
2070,149,295,1626
2070,150,293,1627
2070,151,291,1628
2070,152,289,1629
2070,153,287,1630
2070,154,285,1631
2070,155,283,1632
2070,156,281,1633
2070,157,279,1634
2070,158,277,1635
2070,159,275,1636
2070,160,273,1637
2070,161,271,1638
2070,162,269,1639
2070,163,267,1640
2070,164,265,1641
2070,165,263,1642
2070,166,261,1643
2070,167,259,1644
2070,168,257,1645
2070,169,255,1646
2070,170,253,1647
2070,171,251,1648
2070,172,249,1649
2070,173,247,1650
2070,174,245,1651
2070,175,243,1652
2070,176,241,1653
2070,177,239,1654
2070,178,237,1655
2070,179,235,1656
2070,180,233,1657
2070,181,231,1658
2070,182,229,1659
2070,183,227,1660
2070,184,225,1661
2070,185,223,1662
2070,186,221,1663
2070,187,219,1664
2070,188,217,1665
2070,189,215,1666
2070,190,213,1667
2070,191,211,1668
2070,192,209,1669
2070,193,207,1670
2070,194,205,1671
2070,195,203,1672
2070,196,201,1673
2070,197,199,1674
2070,198,197,1675
2070,199,195,1676
2070,200,193,1677
2070,201,191,1678
2070,202,189,1679
2070,203,187,1680
2070,204,185,1681
2070,205,183,1682
2070,206,181,1683
2070,207,179,1684
2070,208,177,1685
2070,209,175,1686
2070,210,173,1687
2070,211,171,1688
2070,212,169,1689
2070,213,167,1690
2070,214,165,1691
2070,215,163,1692
2070,216,161,1693
2070,217,159,1694
2070,218,157,1695
2070,219,155,1696
2070,220,153,1697
2070,221,151,1698
2070,222,149,1699
2070,223,147,1700
2070,224,145,1701
2070,225,143,1702
2070,226,141,1703
2070,227,139,1704
2070,228,137,1705
2070,229,135,1706
2070,230,133,1707
2070,231,131,1708
2070,232,129,1709
2070,233,127,1710
2070,234,125,1711
2070,235,123,1712
2070,236,121,1713
2070,237,119,1714
2070,238,117,1715
2070,239,115,1716
2070,240,113,1717
2070,241,111,1718
2070,242,109,1719
2070,243,107,1720
2070,244,105,1721
2070,245,103,1722
2070,246,101,1723
2070,247,99,1724
2070,248,97,1725
2070,249,95,1726
2070,250,93,1727
2070,251,91,1728
2070,252,89,1729
2070,253,87,1730
2070,254,85,1731
2070,255,83,1732
2070,256,81,1733
2070,257,79,1734
2070,258,77,1735
2070,259,75,1736
2070,260,73,1737
2070,261,71,1738
2070,262,69,1739
2070,263,67,1740
2070,264,65,1741
2070,265,63,1742
2070,266,61,1743
2070,267,59,1744
2070,268,57,1745
2070,269,55,1746
2070,270,53,1747
2070,271,51,1748
2070,272,49,1749
2070,273,47,1750
2070,274,45,1751
2070,275,43,1752
2070,276,41,1753
2070,277,39,1754
2070,278,37,1755
2070,279,35,1756
2070,280,33,1757
2070,281,31,1758
2070,282,29,1759
2070,283,27,1760
2070,284,25,1761
2070,285,23,1762
2070,286,21,1763
2070,287,19,1764
2070,288,17,1765
2070,289,15,1766
2070,290,13,1767
2070,291,11,1768
2070,292,9,1769
2070,293,7,1770
2070,294,5,1771
2070,295,3,1772
2070,296,1,1773
2071,0,609,1462
2071,1,607,1463
2071,2,605,1464
2071,3,603,1465
2071,4,601,1466
2071,5,599,1467
2071,6,597,1468
2071,7,595,1469
2071,8,593,1470
2071,9,591,1471
2071,10,589,1472
2071,11,587,1473
2071,12,585,1474
2071,13,583,1475
2071,14,581,1476
2071,15,579,1477
2071,16,577,1478
2071,17,575,1479
2071,18,573,1480
2071,19,571,1481
2071,20,569,1482
2071,21,567,1483
2071,22,565,1484
2071,23,563,1485
2071,24,561,1486
2071,25,559,1487
2071,26,557,1488
2071,27,555,1489
2071,28,553,1490
2071,29,551,1491
2071,30,549,1492
2071,31,547,1493
2071,32,545,1494
2071,33,543,1495
2071,34,541,1496
2071,35,539,1497
2071,36,537,1498
2071,37,535,1499
2071,38,533,1500
2071,39,531,1501
2071,40,529,1502
2071,41,527,1503
2071,42,525,1504
2071,43,523,1505
2071,44,521,1506
2071,45,519,1507
2071,46,517,1508
2071,47,515,1509
2071,48,513,1510
2071,49,511,1511
2071,50,509,1512
2071,51,507,1513
2071,52,505,1514
2071,53,503,1515
2071,54,501,1516
2071,55,499,1517
2071,56,497,1518
2071,57,495,1519
2071,58,493,1520
2071,59,491,1521
2071,60,489,1522
2071,61,487,1523
2071,62,485,1524
2071,63,483,1525
2071,64,481,1526
2071,65,479,1527
2071,66,477,1528
2071,67,475,1529
2071,68,473,1530
2071,69,471,1531
2071,70,469,1532
2071,71,467,1533
2071,72,465,1534
2071,73,463,1535
2071,74,461,1536
2071,75,459,1537
2071,76,457,1538
2071,77,455,1539
2071,78,453,1540
2071,79,451,1541
2071,80,449,1542
2071,81,447,1543
2071,82,445,1544
2071,83,443,1545
2071,84,441,1546
2071,85,439,1547
2071,86,437,1548
2071,87,435,1549
2071,88,433,1550
2071,89,431,1551
2071,90,429,1552
2071,91,427,1553
2071,92,425,1554
2071,93,423,1555
2071,94,421,1556
2071,95,419,1557
2071,96,417,1558
2071,97,415,1559
2071,98,413,1560
2071,99,411,1561
2071,100,409,1562
2071,101,407,1563
2071,102,405,1564
2071,103,403,1565
2071,104,401,1566
2071,105,399,1567
2071,106,397,1568
2071,107,395,1569
2071,108,393,1570
2071,109,391,1571
2071,110,389,1572
2071,111,387,1573
2071,112,385,1574
2071,113,383,1575
2071,114,381,1576
2071,115,379,1577
2071,116,377,1578
2071,117,375,1579
2071,118,373,1580
2071,119,371,1581
2071,120,369,1582
2071,121,367,1583
2071,122,365,1584
2071,123,363,1585
2071,124,361,1586
2071,125,359,1587
2071,126,357,1588
2071,127,355,1589
2071,128,353,1590
2071,129,351,1591
2071,130,349,1592
2071,131,347,1593
2071,132,345,1594
2071,133,343,1595
2071,134,341,1596
2071,135,339,1597
2071,136,337,1598
2071,137,335,1599
2071,138,333,1600
2071,139,331,1601
2071,140,329,1602
2071,141,327,1603
2071,142,325,1604
2071,143,323,1605
2071,144,321,1606
2071,145,319,1607
2071,146,317,1608
2071,147,315,1609
2071,148,313,1610
2071,149,311,1611
2071,150,309,1612
2071,151,307,1613
2071,152,305,1614
2071,153,303,1615
2071,154,301,1616
2071,155,299,1617
2071,156,297,1618
2071,157,295,1619
2071,158,293,1620
2071,159,291,1621
2071,160,289,1622
2071,161,287,1623
2071,162,285,1624
2071,163,283,1625
2071,164,281,1626
2071,165,279,1627
2071,166,277,1628
2071,167,275,1629
2071,168,273,1630
2071,169,271,1631
2071,170,269,1632
2071,171,267,1633
2071,172,265,1634
2071,173,263,1635
2071,174,261,1636
2071,175,259,1637
2071,176,257,1638
2071,177,255,1639
2071,178,253,1640
2071,179,251,1641
2071,180,249,1642
2071,181,247,1643
2071,182,245,1644
2071,183,243,1645
2071,184,241,1646
2071,185,239,1647
2071,186,237,1648
2071,187,235,1649
2071,188,233,1650
2071,189,231,1651
2071,190,229,1652
2071,191,227,1653
2071,192,225,1654
2071,193,223,1655
2071,194,221,1656
2071,195,219,1657
2071,196,217,1658
2071,197,215,1659
2071,198,213,1660
2071,199,211,1661
2071,200,209,1662
2071,201,207,1663
2071,202,205,1664
2071,203,203,1665
2071,204,201,1666
2071,205,199,1667
2071,206,197,1668
2071,207,195,1669
2071,208,193,1670
2071,209,191,1671
2071,210,189,1672
2071,211,187,1673
2071,212,185,1674
2071,213,183,1675
2071,214,181,1676
2071,215,179,1677
2071,216,177,1678
2071,217,175,1679
2071,218,173,1680
2071,219,171,1681
2071,220,169,1682
2071,221,167,1683
2071,222,165,1684
2071,223,163,1685
2071,224,161,1686
2071,225,159,1687
2071,226,157,1688
2071,227,155,1689
2071,228,153,1690
2071,229,151,1691
2071,230,149,1692
2071,231,147,1693
2071,232,145,1694
2071,233,143,1695
2071,234,141,1696
2071,235,139,1697
2071,236,137,1698
2071,237,135,1699
2071,238,133,1700
2071,239,131,1701
2071,240,129,1702
2071,241,127,1703
2071,242,125,1704
2071,243,123,1705
2071,244,121,1706
2071,245,119,1707
2071,246,117,1708
2071,247,115,1709
2071,248,113,1710
2071,249,111,1711
2071,250,109,1712
2071,251,107,1713
2071,252,105,1714
2071,253,103,1715
2071,254,101,1716
2071,255,99,1717
2071,256,97,1718
2071,257,95,1719
2071,258,93,1720
2071,259,91,1721
2071,260,89,1722
2071,261,87,1723
2071,262,85,1724
2071,263,83,1725
2071,264,81,1726
2071,265,79,1727
2071,266,77,1728
2071,267,75,1729
2071,268,73,1730
2071,269,71,1731
2071,270,69,1732
2071,271,67,1733
2071,272,65,1734
2071,273,63,1735
2071,274,61,1736
2071,275,59,1737
2071,276,57,1738
2071,277,55,1739
2071,278,53,1740
2071,279,51,1741
2071,280,49,1742
2071,281,47,1743
2071,282,45,1744
2071,283,43,1745
2071,284,41,1746
2071,285,39,1747
2071,286,37,1748
2071,287,35,1749
2071,288,33,1750
2071,289,31,1751
2071,290,29,1752
2071,291,27,1753
2071,292,25,1754
2071,293,23,1755
2071,294,21,1756
2071,295,19,1757
2071,296,17,1758
2071,297,15,1759
2071,298,13,1760
2071,299,11,1761
2071,300,9,1762
2071,301,7,1763
2071,302,5,1764
2071,303,3,1765
2071,304,1,1766
2072,0,625,1447
2072,1,623,1448
2072,2,621,1449
2072,3,619,1450
2072,4,617,1451
2072,5,615,1452
2072,6,613,1453
2072,7,611,1454
2072,8,609,1455
2072,9,607,1456
2072,10,605,1457
2072,11,603,1458
2072,12,601,1459
2072,13,599,1460
2072,14,597,1461
2072,15,595,1462
2072,16,593,1463
2072,17,591,1464
2072,18,589,1465
2072,19,587,1466
2072,20,585,1467
2072,21,583,1468
2072,22,581,1469
2072,23,579,1470
2072,24,577,1471
2072,25,575,1472
2072,26,573,1473
2072,27,571,1474
2072,28,569,1475
2072,29,567,1476
2072,30,565,1477
2072,31,563,1478
2072,32,561,1479
2072,33,559,1480
2072,34,557,1481
2072,35,555,1482
2072,36,553,1483
2072,37,551,1484
2072,38,549,1485
2072,39,547,1486
2072,40,545,1487
2072,41,543,1488
2072,42,541,1489
2072,43,539,1490
2072,44,537,1491
2072,45,535,1492
2072,46,533,1493
2072,47,531,1494
2072,48,529,1495
2072,49,527,1496
2072,50,525,1497
2072,51,523,1498
2072,52,521,1499
2072,53,519,1500
2072,54,517,1501
2072,55,515,1502
2072,56,513,1503
2072,57,511,1504
2072,58,509,1505
2072,59,507,1506
2072,60,505,1507
2072,61,503,1508
2072,62,501,1509
2072,63,499,1510
2072,64,497,1511
2072,65,495,1512
2072,66,493,1513
2072,67,491,1514
2072,68,489,1515
2072,69,487,1516
2072,70,485,1517
2072,71,483,1518
2072,72,481,1519
2072,73,479,1520
2072,74,477,1521
2072,75,475,1522
2072,76,473,1523
2072,77,471,1524
2072,78,469,1525
2072,79,467,1526
2072,80,465,1527
2072,81,463,1528
2072,82,461,1529
2072,83,459,1530
2072,84,457,1531
2072,85,455,1532
2072,86,453,1533
2072,87,451,1534
2072,88,449,1535
2072,89,447,1536
2072,90,445,1537
2072,91,443,1538
2072,92,441,1539
2072,93,439,1540
2072,94,437,1541
2072,95,435,1542
2072,96,433,1543
2072,97,431,1544
2072,98,429,1545
2072,99,427,1546
2072,100,425,1547
2072,101,423,1548
2072,102,421,1549
2072,103,419,1550
2072,104,417,1551
2072,105,415,1552
2072,106,413,1553
2072,107,411,1554
2072,108,409,1555
2072,109,407,1556
2072,110,405,1557
2072,111,403,1558
2072,112,401,1559
2072,113,399,1560
2072,114,397,1561
2072,115,395,1562
2072,116,393,1563
2072,117,391,1564
2072,118,389,1565
2072,119,387,1566
2072,120,385,1567
2072,121,383,1568
2072,122,381,1569
2072,123,379,1570
2072,124,377,1571
2072,125,375,1572
2072,126,373,1573
2072,127,371,1574
2072,128,369,1575
2072,129,367,1576
2072,130,365,1577
2072,131,363,1578
2072,132,361,1579
2072,133,359,1580
2072,134,357,1581
2072,135,355,1582
2072,136,353,1583
2072,137,351,1584
2072,138,349,1585
2072,139,347,1586
2072,140,345,1587
2072,141,343,1588
2072,142,341,1589
2072,143,339,1590
2072,144,337,1591
2072,145,335,1592
2072,146,333,1593
2072,147,331,1594
2072,148,329,1595
2072,149,327,1596
2072,150,325,1597
2072,151,323,1598
2072,152,321,1599
2072,153,319,1600
2072,154,317,1601
2072,155,315,1602
2072,156,313,1603
2072,157,311,1604
2072,158,309,1605
2072,159,307,1606
2072,160,305,1607
2072,161,303,1608
2072,162,301,1609
2072,163,299,1610
2072,164,297,1611
2072,165,295,1612
2072,166,293,1613
2072,167,291,1614
2072,168,289,1615
2072,169,287,1616
2072,170,285,1617
2072,171,283,1618
2072,172,281,1619
2072,173,279,1620
2072,174,277,1621
2072,175,275,1622
2072,176,273,1623
2072,177,271,1624
2072,178,269,1625
2072,179,267,1626
2072,180,265,1627
2072,181,263,1628
2072,182,261,1629
2072,183,259,1630
2072,184,257,1631
2072,185,255,1632
2072,186,253,1633
2072,187,251,1634
2072,188,249,1635
2072,189,247,1636
2072,190,245,1637
2072,191,243,1638
2072,192,241,1639
2072,193,239,1640
2072,194,237,1641
2072,195,235,1642
2072,196,233,1643
2072,197,231,1644
2072,198,229,1645
2072,199,227,1646
2072,200,225,1647
2072,201,223,1648
2072,202,221,1649
2072,203,219,1650
2072,204,217,1651
2072,205,215,1652
2072,206,213,1653
2072,207,211,1654
2072,208,209,1655
2072,209,207,1656
2072,210,205,1657
2072,211,203,1658
2072,212,201,1659
2072,213,199,1660
2072,214,197,1661
2072,215,195,1662
2072,216,193,1663
2072,217,191,1664
2072,218,189,1665
2072,219,187,1666
2072,220,185,1667
2072,221,183,1668
2072,222,181,1669
2072,223,179,1670
2072,224,177,1671
2072,225,175,1672
2072,226,173,1673
2072,227,171,1674
2072,228,169,1675
2072,229,167,1676
2072,230,165,1677
2072,231,163,1678
2072,232,161,1679
2072,233,159,1680
2072,234,157,1681
2072,235,155,1682
2072,236,153,1683
2072,237,151,1684
2072,238,149,1685
2072,239,147,1686
2072,240,145,1687
2072,241,143,1688
2072,242,141,1689
2072,243,139,1690
2072,244,137,1691
2072,245,135,1692
2072,246,133,1693
2072,247,131,1694
2072,248,129,1695
2072,249,127,1696
2072,250,125,1697
2072,251,123,1698
2072,252,121,1699
2072,253,119,1700
2072,254,117,1701
2072,255,115,1702
2072,256,113,1703
2072,257,111,1704
2072,258,109,1705
2072,259,107,1706
2072,260,105,1707
2072,261,103,1708
2072,262,101,1709
2072,263,99,1710
2072,264,97,1711
2072,265,95,1712
2072,266,93,1713
2072,267,91,1714
2072,268,89,1715
2072,269,87,1716
2072,270,85,1717
2072,271,83,1718
2072,272,81,1719
2072,273,79,1720
2072,274,77,1721
2072,275,75,1722
2072,276,73,1723
2072,277,71,1724
2072,278,69,1725
2072,279,67,1726
2072,280,65,1727
2072,281,63,1728
2072,282,61,1729
2072,283,59,1730
2072,284,57,1731
2072,285,55,1732
2072,286,53,1733
2072,287,51,1734
2072,288,49,1735
2072,289,47,1736
2072,290,45,1737
2072,291,43,1738
2072,292,41,1739
2072,293,39,1740
2072,294,37,1741
2072,295,35,1742
2072,296,33,1743
2072,297,31,1744
2072,298,29,1745
2072,299,27,1746
2072,300,25,1747
2072,301,23,1748
2072,302,21,1749
2072,303,19,1750
2072,304,17,1751
2072,305,15,1752
2072,306,13,1753
2072,307,11,1754
2072,308,9,1755
2072,309,7,1756
2072,310,5,1757
2072,311,3,1758
2072,312,1,1759
2073,0,641,1432
2073,1,639,1433
2073,2,637,1434
2073,3,635,1435
2073,4,633,1436
2073,5,631,1437
2073,6,629,1438
2073,7,627,1439
2073,8,625,1440
2073,9,623,1441
2073,10,621,1442
2073,11,619,1443
2073,12,617,1444
2073,13,615,1445
2073,14,613,1446
2073,15,611,1447
2073,16,609,1448
2073,17,607,1449
2073,18,605,1450
2073,19,603,1451
2073,20,601,1452
2073,21,599,1453
2073,22,597,1454
2073,23,595,1455
2073,24,593,1456
2073,25,591,1457
2073,26,589,1458
2073,27,587,1459
2073,28,585,1460
2073,29,583,1461
2073,30,581,1462
2073,31,579,1463
2073,32,577,1464
2073,33,575,1465
2073,34,573,1466
2073,35,571,1467
2073,36,569,1468
2073,37,567,1469
2073,38,565,1470
2073,39,563,1471
2073,40,561,1472
2073,41,559,1473
2073,42,557,1474
2073,43,555,1475
2073,44,553,1476
2073,45,551,1477
2073,46,549,1478
2073,47,547,1479
2073,48,545,1480
2073,49,543,1481
2073,50,541,1482
2073,51,539,1483
2073,52,537,1484
2073,53,535,1485
2073,54,533,1486
2073,55,531,1487
2073,56,529,1488
2073,57,527,1489
2073,58,525,1490
2073,59,523,1491
2073,60,521,1492
2073,61,519,1493
2073,62,517,1494
2073,63,515,1495
2073,64,513,1496
2073,65,511,1497
2073,66,509,1498
2073,67,507,1499
2073,68,505,1500
2073,69,503,1501
2073,70,501,1502
2073,71,499,1503
2073,72,497,1504
2073,73,495,1505
2073,74,493,1506
2073,75,491,1507
2073,76,489,1508
2073,77,487,1509
2073,78,485,1510
2073,79,483,1511
2073,80,481,1512
2073,81,479,1513
2073,82,477,1514
2073,83,475,1515
2073,84,473,1516
2073,85,471,1517
2073,86,469,1518
2073,87,467,1519
2073,88,465,1520
2073,89,463,1521
2073,90,461,1522
2073,91,459,1523
2073,92,457,1524
2073,93,455,1525
2073,94,453,1526
2073,95,451,1527
2073,96,449,1528
2073,97,447,1529
2073,98,445,1530
2073,99,443,1531
2073,100,441,1532
2073,101,439,1533
2073,102,437,1534
2073,103,435,1535
2073,104,433,1536
2073,105,431,1537
2073,106,429,1538
2073,107,427,1539
2073,108,425,1540
2073,109,423,1541
2073,110,421,1542
2073,111,419,1543
2073,112,417,1544
2073,113,415,1545
2073,114,413,1546
2073,115,411,1547
2073,116,409,1548
2073,117,407,1549
2073,118,405,1550
2073,119,403,1551
2073,120,401,1552
2073,121,399,1553
2073,122,397,1554
2073,123,395,1555
2073,124,393,1556
2073,125,391,1557
2073,126,389,1558
2073,127,387,1559
2073,128,385,1560
2073,129,383,1561
2073,130,381,1562
2073,131,379,1563
2073,132,377,1564
2073,133,375,1565
2073,134,373,1566
2073,135,371,1567
2073,136,369,1568
2073,137,367,1569
2073,138,365,1570
2073,139,363,1571
2073,140,361,1572
2073,141,359,1573
2073,142,357,1574
2073,143,355,1575
2073,144,353,1576
2073,145,351,1577
2073,146,349,1578
2073,147,347,1579
2073,148,345,1580
2073,149,343,1581
2073,150,341,1582
2073,151,339,1583
2073,152,337,1584
2073,153,335,1585
2073,154,333,1586
2073,155,331,1587
2073,156,329,1588
2073,157,327,1589
2073,158,325,1590
2073,159,323,1591
2073,160,321,1592
2073,161,319,1593
2073,162,317,1594
2073,163,315,1595
2073,164,313,1596
2073,165,311,1597
2073,166,309,1598
2073,167,307,1599
2073,168,305,1600
2073,169,303,1601
2073,170,301,1602
2073,171,299,1603
2073,172,297,1604
2073,173,295,1605
2073,174,293,1606
2073,175,291,1607
2073,176,289,1608
2073,177,287,1609
2073,178,285,1610
2073,179,283,1611
2073,180,281,1612
2073,181,279,1613
2073,182,277,1614
2073,183,275,1615
2073,184,273,1616
2073,185,271,1617
2073,186,269,1618
2073,187,267,1619
2073,188,265,1620
2073,189,263,1621
2073,190,261,1622
2073,191,259,1623
2073,192,257,1624
2073,193,255,1625
2073,194,253,1626
2073,195,251,1627
2073,196,249,1628
2073,197,247,1629
2073,198,245,1630
2073,199,243,1631
2073,200,241,1632
2073,201,239,1633
2073,202,237,1634
2073,203,235,1635
2073,204,233,1636
2073,205,231,1637
2073,206,229,1638
2073,207,227,1639
2073,208,225,1640
2073,209,223,1641
2073,210,221,1642
2073,211,219,1643
2073,212,217,1644
2073,213,215,1645
2073,214,213,1646
2073,215,211,1647
2073,216,209,1648
2073,217,207,1649
2073,218,205,1650
2073,219,203,1651
2073,220,201,1652
2073,221,199,1653
2073,222,197,1654
2073,223,195,1655
2073,224,193,1656
2073,225,191,1657
2073,226,189,1658
2073,227,187,1659
2073,228,185,1660
2073,229,183,1661
2073,230,181,1662
2073,231,179,1663
2073,232,177,1664
2073,233,175,1665
2073,234,173,1666
2073,235,171,1667
2073,236,169,1668
2073,237,167,1669
2073,238,165,1670
2073,239,163,1671
2073,240,161,1672
2073,241,159,1673
2073,242,157,1674
2073,243,155,1675
2073,244,153,1676
2073,245,151,1677
2073,246,149,1678
2073,247,147,1679
2073,248,145,1680
2073,249,143,1681
2073,250,141,1682
2073,251,139,1683
2073,252,137,1684
2073,253,135,1685
2073,254,133,1686
2073,255,131,1687
2073,256,129,1688
2073,257,127,1689
2073,258,125,1690
2073,259,123,1691
2073,260,121,1692
2073,261,119,1693
2073,262,117,1694
2073,263,115,1695
2073,264,113,1696
2073,265,111,1697
2073,266,109,1698
2073,267,107,1699
2073,268,105,1700
2073,269,103,1701
2073,270,101,1702
2073,271,99,1703
2073,272,97,1704
2073,273,95,1705
2073,274,93,1706
2073,275,91,1707
2073,276,89,1708
2073,277,87,1709
2073,278,85,1710
2073,279,83,1711
2073,280,81,1712
2073,281,79,1713
2073,282,77,1714
2073,283,75,1715
2073,284,73,1716
2073,285,71,1717
2073,286,69,1718
2073,287,67,1719
2073,288,65,1720
2073,289,63,1721
2073,290,61,1722
2073,291,59,1723
2073,292,57,1724
2073,293,55,1725
2073,294,53,1726
2073,295,51,1727
2073,296,49,1728
2073,297,47,1729
2073,298,45,1730
2073,299,43,1731
2073,300,41,1732
2073,301,39,1733
2073,302,37,1734
2073,303,35,1735
2073,304,33,1736
2073,305,31,1737
2073,306,29,1738
2073,307,27,1739
2073,308,25,1740
2073,309,23,1741
2073,310,21,1742
2073,311,19,1743
2073,312,17,1744
2073,313,15,1745
2073,314,13,1746
2073,315,11,1747
2073,316,9,1748
2073,317,7,1749
2073,318,5,1750
2073,319,3,1751
2073,320,1,1752
2074,0,657,1417
2074,1,655,1418
2074,2,653,1419
2074,3,651,1420
2074,4,649,1421
2074,5,647,1422
2074,6,645,1423
2074,7,643,1424
2074,8,641,1425
2074,9,639,1426
2074,10,637,1427
2074,11,635,1428
2074,12,633,1429
2074,13,631,1430
2074,14,629,1431
2074,15,627,1432
2074,16,625,1433
2074,17,623,1434
2074,18,621,1435
2074,19,619,1436
2074,20,617,1437
2074,21,615,1438
2074,22,613,1439
2074,23,611,1440
2074,24,609,1441
2074,25,607,1442
2074,26,605,1443
2074,27,603,1444
2074,28,601,1445
2074,29,599,1446
2074,30,597,1447
2074,31,595,1448
2074,32,593,1449
2074,33,591,1450
2074,34,589,1451
2074,35,587,1452
2074,36,585,1453
2074,37,583,1454
2074,38,581,1455
2074,39,579,1456
2074,40,577,1457
2074,41,575,1458
2074,42,573,1459
2074,43,571,1460
2074,44,569,1461
2074,45,567,1462
2074,46,565,1463
2074,47,563,1464
2074,48,561,1465
2074,49,559,1466
2074,50,557,1467
2074,51,555,1468
2074,52,553,1469
2074,53,551,1470
2074,54,549,1471
2074,55,547,1472
2074,56,545,1473
2074,57,543,1474
2074,58,541,1475
2074,59,539,1476
2074,60,537,1477
2074,61,535,1478
2074,62,533,1479
2074,63,531,1480
2074,64,529,1481
2074,65,527,1482
2074,66,525,1483
2074,67,523,1484
2074,68,521,1485
2074,69,519,1486
2074,70,517,1487
2074,71,515,1488
2074,72,513,1489
2074,73,511,1490
2074,74,509,1491
2074,75,507,1492
2074,76,505,1493
2074,77,503,1494
2074,78,501,1495
2074,79,499,1496
2074,80,497,1497
2074,81,495,1498
2074,82,493,1499
2074,83,491,1500
2074,84,489,1501
2074,85,487,1502
2074,86,485,1503
2074,87,483,1504
2074,88,481,1505
2074,89,479,1506
2074,90,477,1507
2074,91,475,1508
2074,92,473,1509
2074,93,471,1510
2074,94,469,1511
2074,95,467,1512
2074,96,465,1513
2074,97,463,1514
2074,98,461,1515
2074,99,459,1516
2074,100,457,1517
2074,101,455,1518
2074,102,453,1519
2074,103,451,1520
2074,104,449,1521
2074,105,447,1522
2074,106,445,1523
2074,107,443,1524
2074,108,441,1525
2074,109,439,1526
2074,110,437,1527
2074,111,435,1528
2074,112,433,1529
2074,113,431,1530
2074,114,429,1531
2074,115,427,1532
2074,116,425,1533
2074,117,423,1534
2074,118,421,1535
2074,119,419,1536
2074,120,417,1537
2074,121,415,1538
2074,122,413,1539
2074,123,411,1540
2074,124,409,1541
2074,125,407,1542
2074,126,405,1543
2074,127,403,1544
2074,128,401,1545
2074,129,399,1546
2074,130,397,1547
2074,131,395,1548
2074,132,393,1549
2074,133,391,1550
2074,134,389,1551
2074,135,387,1552
2074,136,385,1553
2074,137,383,1554
2074,138,381,1555
2074,139,379,1556
2074,140,377,1557
2074,141,375,1558
2074,142,373,1559
2074,143,371,1560
2074,144,369,1561
2074,145,367,1562
2074,146,365,1563
2074,147,363,1564
2074,148,361,1565
2074,149,359,1566
2074,150,357,1567
2074,151,355,1568
2074,152,353,1569
2074,153,351,1570
2074,154,349,1571
2074,155,347,1572
2074,156,345,1573
2074,157,343,1574
2074,158,341,1575
2074,159,339,1576
2074,160,337,1577
2074,161,335,1578
2074,162,333,1579
2074,163,331,1580
2074,164,329,1581
2074,165,327,1582
2074,166,325,1583
2074,167,323,1584
2074,168,321,1585
2074,169,319,1586
2074,170,317,1587
2074,171,315,1588
2074,172,313,1589
2074,173,311,1590
2074,174,309,1591
2074,175,307,1592
2074,176,305,1593
2074,177,303,1594
2074,178,301,1595
2074,179,299,1596
2074,180,297,1597
2074,181,295,1598
2074,182,293,1599
2074,183,291,1600
2074,184,289,1601
2074,185,287,1602
2074,186,285,1603
2074,187,283,1604
2074,188,281,1605
2074,189,279,1606
2074,190,277,1607
2074,191,275,1608
2074,192,273,1609
2074,193,271,1610
2074,194,269,1611
2074,195,267,1612
2074,196,265,1613
2074,197,263,1614
2074,198,261,1615
2074,199,259,1616
2074,200,257,1617
2074,201,255,1618
2074,202,253,1619
2074,203,251,1620
2074,204,249,1621
2074,205,247,1622
2074,206,245,1623
2074,207,243,1624
2074,208,241,1625
2074,209,239,1626
2074,210,237,1627
2074,211,235,1628
2074,212,233,1629
2074,213,231,1630
2074,214,229,1631
2074,215,227,1632
2074,216,225,1633
2074,217,223,1634
2074,218,221,1635
2074,219,219,1636
2074,220,217,1637
2074,221,215,1638
2074,222,213,1639
2074,223,211,1640
2074,224,209,1641
2074,225,207,1642
2074,226,205,1643
2074,227,203,1644
2074,228,201,1645
2074,229,199,1646
2074,230,197,1647
2074,231,195,1648
2074,232,193,1649
2074,233,191,1650
2074,234,189,1651
2074,235,187,1652
2074,236,185,1653
2074,237,183,1654
2074,238,181,1655
2074,239,179,1656
2074,240,177,1657
2074,241,175,1658
2074,242,173,1659
2074,243,171,1660
2074,244,169,1661
2074,245,167,1662
2074,246,165,1663
2074,247,163,1664
2074,248,161,1665
2074,249,159,1666
2074,250,157,1667
2074,251,155,1668
2074,252,153,1669
2074,253,151,1670
2074,254,149,1671
2074,255,147,1672
2074,256,145,1673
2074,257,143,1674
2074,258,141,1675
2074,259,139,1676
2074,260,137,1677
2074,261,135,1678
2074,262,133,1679
2074,263,131,1680
2074,264,129,1681
2074,265,127,1682
2074,266,125,1683
2074,267,123,1684
2074,268,121,1685
2074,269,119,1686
2074,270,117,1687
2074,271,115,1688
2074,272,113,1689
2074,273,111,1690
2074,274,109,1691
2074,275,107,1692
2074,276,105,1693
2074,277,103,1694
2074,278,101,1695
2074,279,99,1696
2074,280,97,1697
2074,281,95,1698
2074,282,93,1699
2074,283,91,1700
2074,284,89,1701
2074,285,87,1702
2074,286,85,1703
2074,287,83,1704
2074,288,81,1705
2074,289,79,1706
2074,290,77,1707
2074,291,75,1708
2074,292,73,1709
2074,293,71,1710
2074,294,69,1711
2074,295,67,1712
2074,296,65,1713
2074,297,63,1714
2074,298,61,1715
2074,299,59,1716
2074,300,57,1717
2074,301,55,1718
2074,302,53,1719
2074,303,51,1720
2074,304,49,1721
2074,305,47,1722
2074,306,45,1723
2074,307,43,1724
2074,308,41,1725
2074,309,39,1726
2074,310,37,1727
2074,311,35,1728
2074,312,33,1729
2074,313,31,1730
2074,314,29,1731
2074,315,27,1732
2074,316,25,1733
2074,317,23,1734
2074,318,21,1735
2074,319,19,1736
2074,320,17,1737
2074,321,15,1738
2074,322,13,1739
2074,323,11,1740
2074,324,9,1741
2074,325,7,1742
2074,326,5,1743
2074,327,3,1744
2074,328,1,1745
2075,0,673,1402
2075,1,671,1403
2075,2,669,1404
2075,3,667,1405
2075,4,665,1406
2075,5,663,1407
2075,6,661,1408
2075,7,659,1409
2075,8,657,1410
2075,9,655,1411
2075,10,653,1412
2075,11,651,1413
2075,12,649,1414
2075,13,647,1415
2075,14,645,1416
2075,15,643,1417
2075,16,641,1418
2075,17,639,1419
2075,18,637,1420
2075,19,635,1421
2075,20,633,1422
2075,21,631,1423
2075,22,629,1424
2075,23,627,1425
2075,24,625,1426
2075,25,623,1427
2075,26,621,1428
2075,27,619,1429
2075,28,617,1430
2075,29,615,1431
2075,30,613,1432
2075,31,611,1433
2075,32,609,1434
2075,33,607,1435
2075,34,605,1436
2075,35,603,1437
2075,36,601,1438
2075,37,599,1439
2075,38,597,1440
2075,39,595,1441
2075,40,593,1442
2075,41,591,1443
2075,42,589,1444
2075,43,587,1445
2075,44,585,1446
2075,45,583,1447
2075,46,581,1448
2075,47,579,1449
2075,48,577,1450
2075,49,575,1451
2075,50,573,1452
2075,51,571,1453
2075,52,569,1454
2075,53,567,1455
2075,54,565,1456
2075,55,563,1457
2075,56,561,1458
2075,57,559,1459
2075,58,557,1460
2075,59,555,1461
2075,60,553,1462
2075,61,551,1463
2075,62,549,1464
2075,63,547,1465
2075,64,545,1466
2075,65,543,1467
2075,66,541,1468
2075,67,539,1469
2075,68,537,1470
2075,69,535,1471
2075,70,533,1472
2075,71,531,1473
2075,72,529,1474
2075,73,527,1475
2075,74,525,1476
2075,75,523,1477
2075,76,521,1478
2075,77,519,1479
2075,78,517,1480
2075,79,515,1481
2075,80,513,1482
2075,81,511,1483
2075,82,509,1484
2075,83,507,1485
2075,84,505,1486
2075,85,503,1487
2075,86,501,1488
2075,87,499,1489
2075,88,497,1490
2075,89,495,1491
2075,90,493,1492
2075,91,491,1493
2075,92,489,1494
2075,93,487,1495
2075,94,485,1496
2075,95,483,1497
2075,96,481,1498
2075,97,479,1499
2075,98,477,1500
2075,99,475,1501
2075,100,473,1502
2075,101,471,1503
2075,102,469,1504
2075,103,467,1505
2075,104,465,1506
2075,105,463,1507
2075,106,461,1508
2075,107,459,1509
2075,108,457,1510
2075,109,455,1511
2075,110,453,1512
2075,111,451,1513
2075,112,449,1514
2075,113,447,1515
2075,114,445,1516
2075,115,443,1517
2075,116,441,1518
2075,117,439,1519
2075,118,437,1520
2075,119,435,1521
2075,120,433,1522
2075,121,431,1523
2075,122,429,1524
2075,123,427,1525
2075,124,425,1526
2075,125,423,1527
2075,126,421,1528
2075,127,419,1529
2075,128,417,1530
2075,129,415,1531
2075,130,413,1532
2075,131,411,1533
2075,132,409,1534
2075,133,407,1535
2075,134,405,1536
2075,135,403,1537
2075,136,401,1538
2075,137,399,1539
2075,138,397,1540
2075,139,395,1541
2075,140,393,1542
2075,141,391,1543
2075,142,389,1544
2075,143,387,1545
2075,144,385,1546
2075,145,383,1547
2075,146,381,1548
2075,147,379,1549
2075,148,377,1550
2075,149,375,1551
2075,150,373,1552
2075,151,371,1553
2075,152,369,1554
2075,153,367,1555
2075,154,365,1556
2075,155,363,1557
2075,156,361,1558
2075,157,359,1559
2075,158,357,1560
2075,159,355,1561
2075,160,353,1562
2075,161,351,1563
2075,162,349,1564
2075,163,347,1565
2075,164,345,1566
2075,165,343,1567
2075,166,341,1568
2075,167,339,1569
2075,168,337,1570
2075,169,335,1571
2075,170,333,1572
2075,171,331,1573
2075,172,329,1574
2075,173,327,1575
2075,174,325,1576
2075,175,323,1577
2075,176,321,1578
2075,177,319,1579
2075,178,317,1580
2075,179,315,1581
2075,180,313,1582
2075,181,311,1583
2075,182,309,1584
2075,183,307,1585
2075,184,305,1586
2075,185,303,1587
2075,186,301,1588
2075,187,299,1589
2075,188,297,1590
2075,189,295,1591
2075,190,293,1592
2075,191,291,1593
2075,192,289,1594
2075,193,287,1595
2075,194,285,1596
2075,195,283,1597
2075,196,281,1598
2075,197,279,1599
2075,198,277,1600
2075,199,275,1601
2075,200,273,1602
2075,201,271,1603
2075,202,269,1604
2075,203,267,1605
2075,204,265,1606
2075,205,263,1607
2075,206,261,1608
2075,207,259,1609
2075,208,257,1610
2075,209,255,1611
2075,210,253,1612
2075,211,251,1613
2075,212,249,1614
2075,213,247,1615
2075,214,245,1616
2075,215,243,1617
2075,216,241,1618
2075,217,239,1619
2075,218,237,1620
2075,219,235,1621
2075,220,233,1622
2075,221,231,1623
2075,222,229,1624
2075,223,227,1625
2075,224,225,1626
2075,225,223,1627
2075,226,221,1628
2075,227,219,1629
2075,228,217,1630
2075,229,215,1631
2075,230,213,1632
2075,231,211,1633
2075,232,209,1634
2075,233,207,1635
2075,234,205,1636
2075,235,203,1637
2075,236,201,1638
2075,237,199,1639
2075,238,197,1640
2075,239,195,1641
2075,240,193,1642
2075,241,191,1643
2075,242,189,1644
2075,243,187,1645
2075,244,185,1646
2075,245,183,1647
2075,246,181,1648
2075,247,179,1649
2075,248,177,1650
2075,249,175,1651
2075,250,173,1652
2075,251,171,1653
2075,252,169,1654
2075,253,167,1655
2075,254,165,1656
2075,255,163,1657
2075,256,161,1658
2075,257,159,1659
2075,258,157,1660
2075,259,155,1661
2075,260,153,1662
2075,261,151,1663
2075,262,149,1664
2075,263,147,1665
2075,264,145,1666
2075,265,143,1667
2075,266,141,1668
2075,267,139,1669
2075,268,137,1670
2075,269,135,1671
2075,270,133,1672
2075,271,131,1673
2075,272,129,1674
2075,273,127,1675
2075,274,125,1676
2075,275,123,1677
2075,276,121,1678
2075,277,119,1679
2075,278,117,1680
2075,279,115,1681
2075,280,113,1682
2075,281,111,1683
2075,282,109,1684
2075,283,107,1685
2075,284,105,1686
2075,285,103,1687
2075,286,101,1688
2075,287,99,1689
2075,288,97,1690
2075,289,95,1691
2075,290,93,1692
2075,291,91,1693
2075,292,89,1694
2075,293,87,1695
2075,294,85,1696
2075,295,83,1697
2075,296,81,1698
2075,297,79,1699
2075,298,77,1700
2075,299,75,1701
2075,300,73,1702
2075,301,71,1703
2075,302,69,1704
2075,303,67,1705
2075,304,65,1706
2075,305,63,1707
2075,306,61,1708
2075,307,59,1709
2075,308,57,1710
2075,309,55,1711
2075,310,53,1712
2075,311,51,1713
2075,312,49,1714
2075,313,47,1715
2075,314,45,1716
2075,315,43,1717
2075,316,41,1718
2075,317,39,1719
2075,318,37,1720
2075,319,35,1721
2075,320,33,1722
2075,321,31,1723
2075,322,29,1724
2075,323,27,1725
2075,324,25,1726
2075,325,23,1727
2075,326,21,1728
2075,327,19,1729
2075,328,17,1730
2075,329,15,1731
2075,330,13,1732
2075,331,11,1733
2075,332,9,1734
2075,333,7,1735
2075,334,5,1736
2075,335,3,1737
2075,336,1,1738
2076,0,689,1387
2076,1,687,1388
2076,2,685,1389
2076,3,683,1390
2076,4,681,1391
2076,5,679,1392
2076,6,677,1393
2076,7,675,1394
2076,8,673,1395
2076,9,671,1396
2076,10,669,1397
2076,11,667,1398
2076,12,665,1399
2076,13,663,1400
2076,14,661,1401
2076,15,659,1402
2076,16,657,1403
2076,17,655,1404
2076,18,653,1405
2076,19,651,1406
2076,20,649,1407
2076,21,647,1408
2076,22,645,1409
2076,23,643,1410
2076,24,641,1411
2076,25,639,1412
2076,26,637,1413
2076,27,635,1414
2076,28,633,1415
2076,29,631,1416
2076,30,629,1417
2076,31,627,1418
2076,32,625,1419
2076,33,623,1420
2076,34,621,1421
2076,35,619,1422
2076,36,617,1423
2076,37,615,1424
2076,38,613,1425
2076,39,611,1426
2076,40,609,1427
2076,41,607,1428
2076,42,605,1429
2076,43,603,1430
2076,44,601,1431
2076,45,599,1432
2076,46,597,1433
2076,47,595,1434
2076,48,593,1435
2076,49,591,1436
2076,50,589,1437
2076,51,587,1438
2076,52,585,1439
2076,53,583,1440
2076,54,581,1441
2076,55,579,1442
2076,56,577,1443
2076,57,575,1444
2076,58,573,1445
2076,59,571,1446
2076,60,569,1447
2076,61,567,1448
2076,62,565,1449
2076,63,563,1450
2076,64,561,1451
2076,65,559,1452
2076,66,557,1453
2076,67,555,1454
2076,68,553,1455
2076,69,551,1456
2076,70,549,1457
2076,71,547,1458
2076,72,545,1459
2076,73,543,1460
2076,74,541,1461
2076,75,539,1462
2076,76,537,1463
2076,77,535,1464
2076,78,533,1465
2076,79,531,1466
2076,80,529,1467
2076,81,527,1468
2076,82,525,1469
2076,83,523,1470
2076,84,521,1471
2076,85,519,1472
2076,86,517,1473
2076,87,515,1474
2076,88,513,1475
2076,89,511,1476
2076,90,509,1477
2076,91,507,1478
2076,92,505,1479
2076,93,503,1480
2076,94,501,1481
2076,95,499,1482
2076,96,497,1483
2076,97,495,1484
2076,98,493,1485
2076,99,491,1486
2076,100,489,1487
2076,101,487,1488
2076,102,485,1489
2076,103,483,1490
2076,104,481,1491
2076,105,479,1492
2076,106,477,1493
2076,107,475,1494
2076,108,473,1495
2076,109,471,1496
2076,110,469,1497
2076,111,467,1498
2076,112,465,1499
2076,113,463,1500
2076,114,461,1501
2076,115,459,1502
2076,116,457,1503
2076,117,455,1504
2076,118,453,1505
2076,119,451,1506
2076,120,449,1507
2076,121,447,1508
2076,122,445,1509
2076,123,443,1510
2076,124,441,1511
2076,125,439,1512
2076,126,437,1513
2076,127,435,1514
2076,128,433,1515
2076,129,431,1516
2076,130,429,1517
2076,131,427,1518
2076,132,425,1519
2076,133,423,1520
2076,134,421,1521
2076,135,419,1522
2076,136,417,1523
2076,137,415,1524
2076,138,413,1525
2076,139,411,1526
2076,140,409,1527
2076,141,407,1528
2076,142,405,1529
2076,143,403,1530
2076,144,401,1531
2076,145,399,1532
2076,146,397,1533
2076,147,395,1534
2076,148,393,1535
2076,149,391,1536
2076,150,389,1537
2076,151,387,1538
2076,152,385,1539
2076,153,383,1540
2076,154,381,1541
2076,155,379,1542
2076,156,377,1543
2076,157,375,1544
2076,158,373,1545
2076,159,371,1546
2076,160,369,1547
2076,161,367,1548
2076,162,365,1549
2076,163,363,1550
2076,164,361,1551
2076,165,359,1552
2076,166,357,1553
2076,167,355,1554
2076,168,353,1555
2076,169,351,1556
2076,170,349,1557
2076,171,347,1558
2076,172,345,1559
2076,173,343,1560
2076,174,341,1561
2076,175,339,1562
2076,176,337,1563
2076,177,335,1564
2076,178,333,1565
2076,179,331,1566
2076,180,329,1567
2076,181,327,1568
2076,182,325,1569
2076,183,323,1570
2076,184,321,1571
2076,185,319,1572
2076,186,317,1573
2076,187,315,1574
2076,188,313,1575
2076,189,311,1576
2076,190,309,1577
2076,191,307,1578
2076,192,305,1579
2076,193,303,1580
2076,194,301,1581
2076,195,299,1582
2076,196,297,1583
2076,197,295,1584
2076,198,293,1585
2076,199,291,1586
2076,200,289,1587
2076,201,287,1588
2076,202,285,1589
2076,203,283,1590
2076,204,281,1591
2076,205,279,1592
2076,206,277,1593
2076,207,275,1594
2076,208,273,1595
2076,209,271,1596
2076,210,269,1597
2076,211,267,1598
2076,212,265,1599
2076,213,263,1600
2076,214,261,1601
2076,215,259,1602
2076,216,257,1603
2076,217,255,1604
2076,218,253,1605
2076,219,251,1606
2076,220,249,1607
2076,221,247,1608
2076,222,245,1609
2076,223,243,1610
2076,224,241,1611
2076,225,239,1612
2076,226,237,1613
2076,227,235,1614
2076,228,233,1615
2076,229,231,1616
2076,230,229,1617
2076,231,227,1618
2076,232,225,1619
2076,233,223,1620
2076,234,221,1621
2076,235,219,1622
2076,236,217,1623
2076,237,215,1624
2076,238,213,1625
2076,239,211,1626
2076,240,209,1627
2076,241,207,1628
2076,242,205,1629
2076,243,203,1630
2076,244,201,1631
2076,245,199,1632
2076,246,197,1633
2076,247,195,1634
2076,248,193,1635
2076,249,191,1636
2076,250,189,1637
2076,251,187,1638
2076,252,185,1639
2076,253,183,1640
2076,254,181,1641
2076,255,179,1642
2076,256,177,1643
2076,257,175,1644
2076,258,173,1645
2076,259,171,1646
2076,260,169,1647
2076,261,167,1648
2076,262,165,1649
2076,263,163,1650
2076,264,161,1651
2076,265,159,1652
2076,266,157,1653
2076,267,155,1654
2076,268,153,1655
2076,269,151,1656
2076,270,149,1657
2076,271,147,1658
2076,272,145,1659
2076,273,143,1660
2076,274,141,1661
2076,275,139,1662
2076,276,137,1663
2076,277,135,1664
2076,278,133,1665
2076,279,131,1666
2076,280,129,1667
2076,281,127,1668
2076,282,125,1669
2076,283,123,1670
2076,284,121,1671
2076,285,119,1672
2076,286,117,1673
2076,287,115,1674
2076,288,113,1675
2076,289,111,1676
2076,290,109,1677
2076,291,107,1678
2076,292,105,1679
2076,293,103,1680
2076,294,101,1681
2076,295,99,1682
2076,296,97,1683
2076,297,95,1684
2076,298,93,1685
2076,299,91,1686
2076,300,89,1687
2076,301,87,1688
2076,302,85,1689
2076,303,83,1690
2076,304,81,1691
2076,305,79,1692
2076,306,77,1693
2076,307,75,1694
2076,308,73,1695
2076,309,71,1696
2076,310,69,1697
2076,311,67,1698
2076,312,65,1699
2076,313,63,1700
2076,314,61,1701
2076,315,59,1702
2076,316,57,1703
2076,317,55,1704
2076,318,53,1705
2076,319,51,1706
2076,320,49,1707
2076,321,47,1708
2076,322,45,1709
2076,323,43,1710
2076,324,41,1711
2076,325,39,1712
2076,326,37,1713
2076,327,35,1714
2076,328,33,1715
2076,329,31,1716
2076,330,29,1717
2076,331,27,1718
2076,332,25,1719
2076,333,23,1720
2076,334,21,1721
2076,335,19,1722
2076,336,17,1723
2076,337,15,1724
2076,338,13,1725
2076,339,11,1726
2076,340,9,1727
2076,341,7,1728
2076,342,5,1729
2076,343,3,1730
2076,344,1,1731
2077,0,705,1372
2077,1,703,1373
2077,2,701,1374
2077,3,699,1375
2077,4,697,1376
2077,5,695,1377
2077,6,693,1378
2077,7,691,1379
2077,8,689,1380
2077,9,687,1381
2077,10,685,1382
2077,11,683,1383
2077,12,681,1384
2077,13,679,1385
2077,14,677,1386
2077,15,675,1387
2077,16,673,1388
2077,17,671,1389
2077,18,669,1390
2077,19,667,1391
2077,20,665,1392
2077,21,663,1393
2077,22,661,1394
2077,23,659,1395
2077,24,657,1396
2077,25,655,1397
2077,26,653,1398
2077,27,651,1399
2077,28,649,1400
2077,29,647,1401
2077,30,645,1402
2077,31,643,1403
2077,32,641,1404
2077,33,639,1405
2077,34,637,1406
2077,35,635,1407
2077,36,633,1408
2077,37,631,1409
2077,38,629,1410
2077,39,627,1411
2077,40,625,1412
2077,41,623,1413
2077,42,621,1414
2077,43,619,1415
2077,44,617,1416
2077,45,615,1417
2077,46,613,1418
2077,47,611,1419
2077,48,609,1420
2077,49,607,1421
2077,50,605,1422
2077,51,603,1423
2077,52,601,1424
2077,53,599,1425
2077,54,597,1426
2077,55,595,1427
2077,56,593,1428
2077,57,591,1429
2077,58,589,1430
2077,59,587,1431
2077,60,585,1432
2077,61,583,1433
2077,62,581,1434
2077,63,579,1435
2077,64,577,1436
2077,65,575,1437
2077,66,573,1438
2077,67,571,1439
2077,68,569,1440
2077,69,567,1441
2077,70,565,1442
2077,71,563,1443
2077,72,561,1444
2077,73,559,1445
2077,74,557,1446
2077,75,555,1447
2077,76,553,1448
2077,77,551,1449
2077,78,549,1450
2077,79,547,1451
2077,80,545,1452
2077,81,543,1453
2077,82,541,1454
2077,83,539,1455
2077,84,537,1456
2077,85,535,1457
2077,86,533,1458
2077,87,531,1459
2077,88,529,1460
2077,89,527,1461
2077,90,525,1462
2077,91,523,1463
2077,92,521,1464
2077,93,519,1465
2077,94,517,1466
2077,95,515,1467
2077,96,513,1468
2077,97,511,1469
2077,98,509,1470
2077,99,507,1471
2077,100,505,1472
2077,101,503,1473
2077,102,501,1474
2077,103,499,1475
2077,104,497,1476
2077,105,495,1477
2077,106,493,1478
2077,107,491,1479
2077,108,489,1480
2077,109,487,1481
2077,110,485,1482
2077,111,483,1483
2077,112,481,1484
2077,113,479,1485
2077,114,477,1486
2077,115,475,1487
2077,116,473,1488
2077,117,471,1489
2077,118,469,1490
2077,119,467,1491
2077,120,465,1492
2077,121,463,1493
2077,122,461,1494
2077,123,459,1495
2077,124,457,1496
2077,125,455,1497
2077,126,453,1498
2077,127,451,1499
2077,128,449,1500
2077,129,447,1501
2077,130,445,1502
2077,131,443,1503
2077,132,441,1504
2077,133,439,1505
2077,134,437,1506
2077,135,435,1507
2077,136,433,1508
2077,137,431,1509
2077,138,429,1510
2077,139,427,1511
2077,140,425,1512
2077,141,423,1513
2077,142,421,1514
2077,143,419,1515
2077,144,417,1516
2077,145,415,1517
2077,146,413,1518
2077,147,411,1519
2077,148,409,1520
2077,149,407,1521
2077,150,405,1522
2077,151,403,1523
2077,152,401,1524
2077,153,399,1525
2077,154,397,1526
2077,155,395,1527
2077,156,393,1528
2077,157,391,1529
2077,158,389,1530
2077,159,387,1531
2077,160,385,1532
2077,161,383,1533
2077,162,381,1534
2077,163,379,1535
2077,164,377,1536
2077,165,375,1537
2077,166,373,1538
2077,167,371,1539
2077,168,369,1540
2077,169,367,1541
2077,170,365,1542
2077,171,363,1543
2077,172,361,1544
2077,173,359,1545
2077,174,357,1546
2077,175,355,1547
2077,176,353,1548
2077,177,351,1549
2077,178,349,1550
2077,179,347,1551
2077,180,345,1552
2077,181,343,1553
2077,182,341,1554
2077,183,339,1555
2077,184,337,1556
2077,185,335,1557
2077,186,333,1558
2077,187,331,1559
2077,188,329,1560
2077,189,327,1561
2077,190,325,1562
2077,191,323,1563
2077,192,321,1564
2077,193,319,1565
2077,194,317,1566
2077,195,315,1567
2077,196,313,1568
2077,197,311,1569
2077,198,309,1570
2077,199,307,1571
2077,200,305,1572
2077,201,303,1573
2077,202,301,1574
2077,203,299,1575
2077,204,297,1576
2077,205,295,1577
2077,206,293,1578
2077,207,291,1579
2077,208,289,1580
2077,209,287,1581
2077,210,285,1582
2077,211,283,1583
2077,212,281,1584
2077,213,279,1585
2077,214,277,1586
2077,215,275,1587
2077,216,273,1588
2077,217,271,1589
2077,218,269,1590
2077,219,267,1591
2077,220,265,1592
2077,221,263,1593
2077,222,261,1594
2077,223,259,1595
2077,224,257,1596
2077,225,255,1597
2077,226,253,1598
2077,227,251,1599
2077,228,249,1600
2077,229,247,1601
2077,230,245,1602
2077,231,243,1603
2077,232,241,1604
2077,233,239,1605
2077,234,237,1606
2077,235,235,1607
2077,236,233,1608
2077,237,231,1609
2077,238,229,1610
2077,239,227,1611
2077,240,225,1612
2077,241,223,1613
2077,242,221,1614
2077,243,219,1615
2077,244,217,1616
2077,245,215,1617
2077,246,213,1618
2077,247,211,1619
2077,248,209,1620
2077,249,207,1621
2077,250,205,1622
2077,251,203,1623
2077,252,201,1624
2077,253,199,1625
2077,254,197,1626
2077,255,195,1627
2077,256,193,1628
2077,257,191,1629
2077,258,189,1630
2077,259,187,1631
2077,260,185,1632
2077,261,183,1633
2077,262,181,1634
2077,263,179,1635
2077,264,177,1636
2077,265,175,1637
2077,266,173,1638
2077,267,171,1639
2077,268,169,1640
2077,269,167,1641
2077,270,165,1642
2077,271,163,1643
2077,272,161,1644
2077,273,159,1645
2077,274,157,1646
2077,275,155,1647
2077,276,153,1648
2077,277,151,1649
2077,278,149,1650
2077,279,147,1651
2077,280,145,1652
2077,281,143,1653
2077,282,141,1654
2077,283,139,1655
2077,284,137,1656
2077,285,135,1657
2077,286,133,1658
2077,287,131,1659
2077,288,129,1660
2077,289,127,1661
2077,290,125,1662
2077,291,123,1663
2077,292,121,1664
2077,293,119,1665
2077,294,117,1666
2077,295,115,1667
2077,296,113,1668
2077,297,111,1669
2077,298,109,1670
2077,299,107,1671
2077,300,105,1672
2077,301,103,1673
2077,302,101,1674
2077,303,99,1675
2077,304,97,1676
2077,305,95,1677
2077,306,93,1678
2077,307,91,1679
2077,308,89,1680
2077,309,87,1681
2077,310,85,1682
2077,311,83,1683
2077,312,81,1684
2077,313,79,1685
2077,314,77,1686
2077,315,75,1687
2077,316,73,1688
2077,317,71,1689
2077,318,69,1690
2077,319,67,1691
2077,320,65,1692
2077,321,63,1693
2077,322,61,1694
2077,323,59,1695
2077,324,57,1696
2077,325,55,1697
2077,326,53,1698
2077,327,51,1699
2077,328,49,1700
2077,329,47,1701
2077,330,45,1702
2077,331,43,1703
2077,332,41,1704
2077,333,39,1705
2077,334,37,1706
2077,335,35,1707
2077,336,33,1708
2077,337,31,1709
2077,338,29,1710
2077,339,27,1711
2077,340,25,1712
2077,341,23,1713
2077,342,21,1714
2077,343,19,1715
2077,344,17,1716
2077,345,15,1717
2077,346,13,1718
2077,347,11,1719
2077,348,9,1720
2077,349,7,1721
2077,350,5,1722
2077,351,3,1723
2077,352,1,1724
2078,0,721,1357
2078,1,719,1358
2078,2,717,1359
2078,3,715,1360
2078,4,713,1361
2078,5,711,1362
2078,6,709,1363
2078,7,707,1364
2078,8,705,1365
2078,9,703,1366
2078,10,701,1367
2078,11,699,1368
2078,12,697,1369
2078,13,695,1370
2078,14,693,1371
2078,15,691,1372
2078,16,689,1373
2078,17,687,1374
2078,18,685,1375
2078,19,683,1376
2078,20,681,1377
2078,21,679,1378
2078,22,677,1379
2078,23,675,1380
2078,24,673,1381
2078,25,671,1382
2078,26,669,1383
2078,27,667,1384
2078,28,665,1385
2078,29,663,1386
2078,30,661,1387
2078,31,659,1388
2078,32,657,1389
2078,33,655,1390
2078,34,653,1391
2078,35,651,1392
2078,36,649,1393
2078,37,647,1394
2078,38,645,1395
2078,39,643,1396
2078,40,641,1397
2078,41,639,1398
2078,42,637,1399
2078,43,635,1400
2078,44,633,1401
2078,45,631,1402
2078,46,629,1403
2078,47,627,1404
2078,48,625,1405
2078,49,623,1406
2078,50,621,1407
2078,51,619,1408
2078,52,617,1409
2078,53,615,1410
2078,54,613,1411
2078,55,611,1412
2078,56,609,1413
2078,57,607,1414
2078,58,605,1415
2078,59,603,1416
2078,60,601,1417
2078,61,599,1418
2078,62,597,1419
2078,63,595,1420
2078,64,593,1421
2078,65,591,1422
2078,66,589,1423
2078,67,587,1424
2078,68,585,1425
2078,69,583,1426
2078,70,581,1427
2078,71,579,1428
2078,72,577,1429
2078,73,575,1430
2078,74,573,1431
2078,75,571,1432
2078,76,569,1433
2078,77,567,1434
2078,78,565,1435
2078,79,563,1436
2078,80,561,1437
2078,81,559,1438
2078,82,557,1439
2078,83,555,1440
2078,84,553,1441
2078,85,551,1442
2078,86,549,1443
2078,87,547,1444
2078,88,545,1445
2078,89,543,1446
2078,90,541,1447
2078,91,539,1448
2078,92,537,1449
2078,93,535,1450
2078,94,533,1451
2078,95,531,1452
2078,96,529,1453
2078,97,527,1454
2078,98,525,1455
2078,99,523,1456
2078,100,521,1457
2078,101,519,1458
2078,102,517,1459
2078,103,515,1460
2078,104,513,1461
2078,105,511,1462
2078,106,509,1463
2078,107,507,1464
2078,108,505,1465
2078,109,503,1466
2078,110,501,1467
2078,111,499,1468
2078,112,497,1469
2078,113,495,1470
2078,114,493,1471
2078,115,491,1472
2078,116,489,1473
2078,117,487,1474
2078,118,485,1475
2078,119,483,1476
2078,120,481,1477
2078,121,479,1478
2078,122,477,1479
2078,123,475,1480
2078,124,473,1481
2078,125,471,1482
2078,126,469,1483
2078,127,467,1484
2078,128,465,1485
2078,129,463,1486
2078,130,461,1487
2078,131,459,1488
2078,132,457,1489
2078,133,455,1490
2078,134,453,1491
2078,135,451,1492
2078,136,449,1493
2078,137,447,1494
2078,138,445,1495
2078,139,443,1496
2078,140,441,1497
2078,141,439,1498
2078,142,437,1499
2078,143,435,1500
2078,144,433,1501
2078,145,431,1502
2078,146,429,1503
2078,147,427,1504
2078,148,425,1505
2078,149,423,1506
2078,150,421,1507
2078,151,419,1508
2078,152,417,1509
2078,153,415,1510
2078,154,413,1511
2078,155,411,1512
2078,156,409,1513
2078,157,407,1514
2078,158,405,1515
2078,159,403,1516
2078,160,401,1517
2078,161,399,1518
2078,162,397,1519
2078,163,395,1520
2078,164,393,1521
2078,165,391,1522
2078,166,389,1523
2078,167,387,1524
2078,168,385,1525
2078,169,383,1526
2078,170,381,1527
2078,171,379,1528
2078,172,377,1529
2078,173,375,1530
2078,174,373,1531
2078,175,371,1532
2078,176,369,1533
2078,177,367,1534
2078,178,365,1535
2078,179,363,1536
2078,180,361,1537
2078,181,359,1538
2078,182,357,1539
2078,183,355,1540
2078,184,353,1541
2078,185,351,1542
2078,186,349,1543
2078,187,347,1544
2078,188,345,1545
2078,189,343,1546
2078,190,341,1547
2078,191,339,1548
2078,192,337,1549
2078,193,335,1550
2078,194,333,1551
2078,195,331,1552
2078,196,329,1553
2078,197,327,1554
2078,198,325,1555
2078,199,323,1556
2078,200,321,1557
2078,201,319,1558
2078,202,317,1559
2078,203,315,1560
2078,204,313,1561
2078,205,311,1562
2078,206,309,1563
2078,207,307,1564
2078,208,305,1565
2078,209,303,1566
2078,210,301,1567
2078,211,299,1568
2078,212,297,1569
2078,213,295,1570
2078,214,293,1571
2078,215,291,1572
2078,216,289,1573
2078,217,287,1574
2078,218,285,1575
2078,219,283,1576
2078,220,281,1577
2078,221,279,1578
2078,222,277,1579
2078,223,275,1580
2078,224,273,1581
2078,225,271,1582
2078,226,269,1583
2078,227,267,1584
2078,228,265,1585
2078,229,263,1586
2078,230,261,1587
2078,231,259,1588
2078,232,257,1589
2078,233,255,1590
2078,234,253,1591
2078,235,251,1592
2078,236,249,1593
2078,237,247,1594
2078,238,245,1595
2078,239,243,1596
2078,240,241,1597
2078,241,239,1598
2078,242,237,1599
2078,243,235,1600
2078,244,233,1601
2078,245,231,1602
2078,246,229,1603
2078,247,227,1604
2078,248,225,1605
2078,249,223,1606
2078,250,221,1607
2078,251,219,1608
2078,252,217,1609
2078,253,215,1610
2078,254,213,1611
2078,255,211,1612
2078,256,209,1613
2078,257,207,1614
2078,258,205,1615
2078,259,203,1616
2078,260,201,1617
2078,261,199,1618
2078,262,197,1619
2078,263,195,1620
2078,264,193,1621
2078,265,191,1622
2078,266,189,1623
2078,267,187,1624
2078,268,185,1625
2078,269,183,1626
2078,270,181,1627
2078,271,179,1628
2078,272,177,1629
2078,273,175,1630
2078,274,173,1631
2078,275,171,1632
2078,276,169,1633
2078,277,167,1634
2078,278,165,1635
2078,279,163,1636
2078,280,161,1637
2078,281,159,1638
2078,282,157,1639
2078,283,155,1640
2078,284,153,1641
2078,285,151,1642
2078,286,149,1643
2078,287,147,1644
2078,288,145,1645
2078,289,143,1646
2078,290,141,1647
2078,291,139,1648
2078,292,137,1649
2078,293,135,1650
2078,294,133,1651
2078,295,131,1652
2078,296,129,1653
2078,297,127,1654
2078,298,125,1655
2078,299,123,1656
2078,300,121,1657
2078,301,119,1658
2078,302,117,1659
2078,303,115,1660
2078,304,113,1661
2078,305,111,1662
2078,306,109,1663
2078,307,107,1664
2078,308,105,1665
2078,309,103,1666
2078,310,101,1667
2078,311,99,1668
2078,312,97,1669
2078,313,95,1670
2078,314,93,1671
2078,315,91,1672
2078,316,89,1673
2078,317,87,1674
2078,318,85,1675
2078,319,83,1676
2078,320,81,1677
2078,321,79,1678
2078,322,77,1679
2078,323,75,1680
2078,324,73,1681
2078,325,71,1682
2078,326,69,1683
2078,327,67,1684
2078,328,65,1685
2078,329,63,1686
2078,330,61,1687
2078,331,59,1688
2078,332,57,1689
2078,333,55,1690
2078,334,53,1691
2078,335,51,1692
2078,336,49,1693
2078,337,47,1694
2078,338,45,1695
2078,339,43,1696
2078,340,41,1697
2078,341,39,1698
2078,342,37,1699
2078,343,35,1700
2078,344,33,1701
2078,345,31,1702
2078,346,29,1703
2078,347,27,1704
2078,348,25,1705
2078,349,23,1706
2078,350,21,1707
2078,351,19,1708
2078,352,17,1709
2078,353,15,1710
2078,354,13,1711
2078,355,11,1712
2078,356,9,1713
2078,357,7,1714
2078,358,5,1715
2078,359,3,1716
2078,360,1,1717
2079,0,737,1342
2079,1,735,1343
2079,2,733,1344
2079,3,731,1345
2079,4,729,1346
2079,5,727,1347
2079,6,725,1348
2079,7,723,1349
2079,8,721,1350
2079,9,719,1351
2079,10,717,1352
2079,11,715,1353
2079,12,713,1354
2079,13,711,1355
2079,14,709,1356
2079,15,707,1357
2079,16,705,1358
2079,17,703,1359
2079,18,701,1360
2079,19,699,1361
2079,20,697,1362
2079,21,695,1363
2079,22,693,1364
2079,23,691,1365
2079,24,689,1366
2079,25,687,1367
2079,26,685,1368
2079,27,683,1369
2079,28,681,1370
2079,29,679,1371
2079,30,677,1372
2079,31,675,1373
2079,32,673,1374
2079,33,671,1375
2079,34,669,1376
2079,35,667,1377
2079,36,665,1378
2079,37,663,1379
2079,38,661,1380
2079,39,659,1381
2079,40,657,1382
2079,41,655,1383
2079,42,653,1384
2079,43,651,1385
2079,44,649,1386
2079,45,647,1387
2079,46,645,1388
2079,47,643,1389
2079,48,641,1390
2079,49,639,1391
2079,50,637,1392
2079,51,635,1393
2079,52,633,1394
2079,53,631,1395
2079,54,629,1396
2079,55,627,1397
2079,56,625,1398
2079,57,623,1399
2079,58,621,1400
2079,59,619,1401
2079,60,617,1402
2079,61,615,1403
2079,62,613,1404
2079,63,611,1405
2079,64,609,1406
2079,65,607,1407
2079,66,605,1408
2079,67,603,1409
2079,68,601,1410
2079,69,599,1411
2079,70,597,1412
2079,71,595,1413
2079,72,593,1414
2079,73,591,1415
2079,74,589,1416
2079,75,587,1417
2079,76,585,1418
2079,77,583,1419
2079,78,581,1420
2079,79,579,1421
2079,80,577,1422
2079,81,575,1423
2079,82,573,1424
2079,83,571,1425
2079,84,569,1426
2079,85,567,1427
2079,86,565,1428
2079,87,563,1429
2079,88,561,1430
2079,89,559,1431
2079,90,557,1432
2079,91,555,1433
2079,92,553,1434
2079,93,551,1435
2079,94,549,1436
2079,95,547,1437
2079,96,545,1438
2079,97,543,1439
2079,98,541,1440
2079,99,539,1441
2079,100,537,1442
2079,101,535,1443
2079,102,533,1444
2079,103,531,1445
2079,104,529,1446
2079,105,527,1447
2079,106,525,1448
2079,107,523,1449
2079,108,521,1450
2079,109,519,1451
2079,110,517,1452
2079,111,515,1453
2079,112,513,1454
2079,113,511,1455
2079,114,509,1456
2079,115,507,1457
2079,116,505,1458
2079,117,503,1459
2079,118,501,1460
2079,119,499,1461
2079,120,497,1462
2079,121,495,1463
2079,122,493,1464
2079,123,491,1465
2079,124,489,1466
2079,125,487,1467
2079,126,485,1468
2079,127,483,1469
2079,128,481,1470
2079,129,479,1471
2079,130,477,1472
2079,131,475,1473
2079,132,473,1474
2079,133,471,1475
2079,134,469,1476
2079,135,467,1477
2079,136,465,1478
2079,137,463,1479
2079,138,461,1480
2079,139,459,1481
2079,140,457,1482
2079,141,455,1483
2079,142,453,1484
2079,143,451,1485
2079,144,449,1486
2079,145,447,1487
2079,146,445,1488
2079,147,443,1489
2079,148,441,1490
2079,149,439,1491
2079,150,437,1492
2079,151,435,1493
2079,152,433,1494
2079,153,431,1495
2079,154,429,1496
2079,155,427,1497
2079,156,425,1498
2079,157,423,1499
2079,158,421,1500
2079,159,419,1501
2079,160,417,1502
2079,161,415,1503
2079,162,413,1504
2079,163,411,1505
2079,164,409,1506
2079,165,407,1507
2079,166,405,1508
2079,167,403,1509
2079,168,401,1510
2079,169,399,1511
2079,170,397,1512
2079,171,395,1513
2079,172,393,1514
2079,173,391,1515
2079,174,389,1516
2079,175,387,1517
2079,176,385,1518
2079,177,383,1519
2079,178,381,1520
2079,179,379,1521
2079,180,377,1522
2079,181,375,1523
2079,182,373,1524
2079,183,371,1525
2079,184,369,1526
2079,185,367,1527
2079,186,365,1528
2079,187,363,1529
2079,188,361,1530
2079,189,359,1531
2079,190,357,1532
2079,191,355,1533
2079,192,353,1534
2079,193,351,1535
2079,194,349,1536
2079,195,347,1537
2079,196,345,1538
2079,197,343,1539
2079,198,341,1540
2079,199,339,1541
2079,200,337,1542
2079,201,335,1543
2079,202,333,1544
2079,203,331,1545
2079,204,329,1546
2079,205,327,1547
2079,206,325,1548
2079,207,323,1549
2079,208,321,1550
2079,209,319,1551
2079,210,317,1552
2079,211,315,1553
2079,212,313,1554
2079,213,311,1555
2079,214,309,1556
2079,215,307,1557
2079,216,305,1558
2079,217,303,1559
2079,218,301,1560
2079,219,299,1561
2079,220,297,1562
2079,221,295,1563
2079,222,293,1564
2079,223,291,1565
2079,224,289,1566
2079,225,287,1567
2079,226,285,1568
2079,227,283,1569
2079,228,281,1570
2079,229,279,1571
2079,230,277,1572
2079,231,275,1573
2079,232,273,1574
2079,233,271,1575
2079,234,269,1576
2079,235,267,1577
2079,236,265,1578
2079,237,263,1579
2079,238,261,1580
2079,239,259,1581
2079,240,257,1582
2079,241,255,1583
2079,242,253,1584
2079,243,251,1585
2079,244,249,1586
2079,245,247,1587
2079,246,245,1588
2079,247,243,1589
2079,248,241,1590
2079,249,239,1591
2079,250,237,1592
2079,251,235,1593
2079,252,233,1594
2079,253,231,1595
2079,254,229,1596
2079,255,227,1597
2079,256,225,1598
2079,257,223,1599
2079,258,221,1600
2079,259,219,1601
2079,260,217,1602
2079,261,215,1603
2079,262,213,1604
2079,263,211,1605
2079,264,209,1606
2079,265,207,1607
2079,266,205,1608
2079,267,203,1609
2079,268,201,1610
2079,269,199,1611
2079,270,197,1612
2079,271,195,1613
2079,272,193,1614
2079,273,191,1615
2079,274,189,1616
2079,275,187,1617
2079,276,185,1618
2079,277,183,1619
2079,278,181,1620
2079,279,179,1621
2079,280,177,1622
2079,281,175,1623
2079,282,173,1624
2079,283,171,1625
2079,284,169,1626
2079,285,167,1627
2079,286,165,1628
2079,287,163,1629
2079,288,161,1630
2079,289,159,1631
2079,290,157,1632
2079,291,155,1633
2079,292,153,1634
2079,293,151,1635
2079,294,149,1636
2079,295,147,1637
2079,296,145,1638
2079,297,143,1639
2079,298,141,1640
2079,299,139,1641
2079,300,137,1642
2079,301,135,1643
2079,302,133,1644
2079,303,131,1645
2079,304,129,1646
2079,305,127,1647
2079,306,125,1648
2079,307,123,1649
2079,308,121,1650
2079,309,119,1651
2079,310,117,1652
2079,311,115,1653
2079,312,113,1654
2079,313,111,1655
2079,314,109,1656
2079,315,107,1657
2079,316,105,1658
2079,317,103,1659
2079,318,101,1660
2079,319,99,1661
2079,320,97,1662
2079,321,95,1663
2079,322,93,1664
2079,323,91,1665
2079,324,89,1666
2079,325,87,1667
2079,326,85,1668
2079,327,83,1669
2079,328,81,1670
2079,329,79,1671
2079,330,77,1672
2079,331,75,1673
2079,332,73,1674
2079,333,71,1675
2079,334,69,1676
2079,335,67,1677
2079,336,65,1678
2079,337,63,1679
2079,338,61,1680
2079,339,59,1681
2079,340,57,1682
2079,341,55,1683
2079,342,53,1684
2079,343,51,1685
2079,344,49,1686
2079,345,47,1687
2079,346,45,1688
2079,347,43,1689
2079,348,41,1690
2079,349,39,1691
2079,350,37,1692
2079,351,35,1693
2079,352,33,1694
2079,353,31,1695
2079,354,29,1696
2079,355,27,1697
2079,356,25,1698
2079,357,23,1699
2079,358,21,1700
2079,359,19,1701
2079,360,17,1702
2079,361,15,1703
2079,362,13,1704
2079,363,11,1705
2079,364,9,1706
2079,365,7,1707
2079,366,5,1708
2079,367,3,1709
2079,368,1,1710
2080,0,753,1327
2080,1,751,1328
2080,2,749,1329
2080,3,747,1330
2080,4,745,1331
2080,5,743,1332
2080,6,741,1333
2080,7,739,1334
2080,8,737,1335
2080,9,735,1336
2080,10,733,1337
2080,11,731,1338
2080,12,729,1339
2080,13,727,1340
2080,14,725,1341
2080,15,723,1342
2080,16,721,1343
2080,17,719,1344
2080,18,717,1345
2080,19,715,1346
2080,20,713,1347
2080,21,711,1348
2080,22,709,1349
2080,23,707,1350
2080,24,705,1351
2080,25,703,1352
2080,26,701,1353
2080,27,699,1354
2080,28,697,1355
2080,29,695,1356
2080,30,693,1357
2080,31,691,1358
2080,32,689,1359
2080,33,687,1360
2080,34,685,1361
2080,35,683,1362
2080,36,681,1363
2080,37,679,1364
2080,38,677,1365
2080,39,675,1366
2080,40,673,1367
2080,41,671,1368
2080,42,669,1369
2080,43,667,1370
2080,44,665,1371
2080,45,663,1372
2080,46,661,1373
2080,47,659,1374
2080,48,657,1375
2080,49,655,1376
2080,50,653,1377
2080,51,651,1378
2080,52,649,1379
2080,53,647,1380
2080,54,645,1381
2080,55,643,1382
2080,56,641,1383
2080,57,639,1384
2080,58,637,1385
2080,59,635,1386
2080,60,633,1387
2080,61,631,1388
2080,62,629,1389
2080,63,627,1390
2080,64,625,1391
2080,65,623,1392
2080,66,621,1393
2080,67,619,1394
2080,68,617,1395
2080,69,615,1396
2080,70,613,1397
2080,71,611,1398
2080,72,609,1399
2080,73,607,1400
2080,74,605,1401
2080,75,603,1402
2080,76,601,1403
2080,77,599,1404
2080,78,597,1405
2080,79,595,1406
2080,80,593,1407
2080,81,591,1408
2080,82,589,1409
2080,83,587,1410
2080,84,585,1411
2080,85,583,1412
2080,86,581,1413
2080,87,579,1414
2080,88,577,1415
2080,89,575,1416
2080,90,573,1417
2080,91,571,1418
2080,92,569,1419
2080,93,567,1420
2080,94,565,1421
2080,95,563,1422
2080,96,561,1423
2080,97,559,1424
2080,98,557,1425
2080,99,555,1426
2080,100,553,1427
2080,101,551,1428
2080,102,549,1429
2080,103,547,1430
2080,104,545,1431
2080,105,543,1432
2080,106,541,1433
2080,107,539,1434
2080,108,537,1435
2080,109,535,1436
2080,110,533,1437
2080,111,531,1438
2080,112,529,1439
2080,113,527,1440
2080,114,525,1441
2080,115,523,1442
2080,116,521,1443
2080,117,519,1444
2080,118,517,1445
2080,119,515,1446
2080,120,513,1447
2080,121,511,1448
2080,122,509,1449
2080,123,507,1450
2080,124,505,1451
2080,125,503,1452
2080,126,501,1453
2080,127,499,1454
2080,128,497,1455
2080,129,495,1456
2080,130,493,1457
2080,131,491,1458
2080,132,489,1459
2080,133,487,1460
2080,134,485,1461
2080,135,483,1462
2080,136,481,1463
2080,137,479,1464
2080,138,477,1465
2080,139,475,1466
2080,140,473,1467
2080,141,471,1468
2080,142,469,1469
2080,143,467,1470
2080,144,465,1471
2080,145,463,1472
2080,146,461,1473
2080,147,459,1474
2080,148,457,1475
2080,149,455,1476
2080,150,453,1477
2080,151,451,1478
2080,152,449,1479
2080,153,447,1480
2080,154,445,1481
2080,155,443,1482
2080,156,441,1483
2080,157,439,1484
2080,158,437,1485
2080,159,435,1486
2080,160,433,1487
2080,161,431,1488
2080,162,429,1489
2080,163,427,1490
2080,164,425,1491
2080,165,423,1492
2080,166,421,1493
2080,167,419,1494
2080,168,417,1495
2080,169,415,1496
2080,170,413,1497
2080,171,411,1498
2080,172,409,1499
2080,173,407,1500
2080,174,405,1501
2080,175,403,1502
2080,176,401,1503
2080,177,399,1504
2080,178,397,1505
2080,179,395,1506
2080,180,393,1507
2080,181,391,1508
2080,182,389,1509
2080,183,387,1510
2080,184,385,1511
2080,185,383,1512
2080,186,381,1513
2080,187,379,1514
2080,188,377,1515
2080,189,375,1516
2080,190,373,1517
2080,191,371,1518
2080,192,369,1519
2080,193,367,1520
2080,194,365,1521
2080,195,363,1522
2080,196,361,1523
2080,197,359,1524
2080,198,357,1525
2080,199,355,1526
2080,200,353,1527
2080,201,351,1528
2080,202,349,1529
2080,203,347,1530
2080,204,345,1531
2080,205,343,1532
2080,206,341,1533
2080,207,339,1534
2080,208,337,1535
2080,209,335,1536
2080,210,333,1537
2080,211,331,1538
2080,212,329,1539
2080,213,327,1540
2080,214,325,1541
2080,215,323,1542
2080,216,321,1543
2080,217,319,1544
2080,218,317,1545
2080,219,315,1546
2080,220,313,1547
2080,221,311,1548
2080,222,309,1549
2080,223,307,1550
2080,224,305,1551
2080,225,303,1552
2080,226,301,1553
2080,227,299,1554
2080,228,297,1555
2080,229,295,1556
2080,230,293,1557
2080,231,291,1558
2080,232,289,1559
2080,233,287,1560
2080,234,285,1561
2080,235,283,1562
2080,236,281,1563
2080,237,279,1564
2080,238,277,1565
2080,239,275,1566
2080,240,273,1567
2080,241,271,1568
2080,242,269,1569
2080,243,267,1570
2080,244,265,1571
2080,245,263,1572
2080,246,261,1573
2080,247,259,1574
2080,248,257,1575
2080,249,255,1576
2080,250,253,1577
2080,251,251,1578
2080,252,249,1579
2080,253,247,1580
2080,254,245,1581
2080,255,243,1582
2080,256,241,1583
2080,257,239,1584
2080,258,237,1585
2080,259,235,1586
2080,260,233,1587
2080,261,231,1588
2080,262,229,1589
2080,263,227,1590
2080,264,225,1591
2080,265,223,1592
2080,266,221,1593
2080,267,219,1594
2080,268,217,1595
2080,269,215,1596
2080,270,213,1597
2080,271,211,1598
2080,272,209,1599
2080,273,207,1600
2080,274,205,1601
2080,275,203,1602
2080,276,201,1603
2080,277,199,1604
2080,278,197,1605
2080,279,195,1606
2080,280,193,1607
2080,281,191,1608
2080,282,189,1609
2080,283,187,1610
2080,284,185,1611
2080,285,183,1612
2080,286,181,1613
2080,287,179,1614
2080,288,177,1615
2080,289,175,1616
2080,290,173,1617
2080,291,171,1618
2080,292,169,1619
2080,293,167,1620
2080,294,165,1621
2080,295,163,1622
2080,296,161,1623
2080,297,159,1624
2080,298,157,1625
2080,299,155,1626
2080,300,153,1627
2080,301,151,1628
2080,302,149,1629
2080,303,147,1630
2080,304,145,1631
2080,305,143,1632
2080,306,141,1633
2080,307,139,1634
2080,308,137,1635
2080,309,135,1636
2080,310,133,1637
2080,311,131,1638
2080,312,129,1639
2080,313,127,1640
2080,314,125,1641
2080,315,123,1642
2080,316,121,1643
2080,317,119,1644
2080,318,117,1645
2080,319,115,1646
2080,320,113,1647
2080,321,111,1648
2080,322,109,1649
2080,323,107,1650
2080,324,105,1651
2080,325,103,1652
2080,326,101,1653
2080,327,99,1654
2080,328,97,1655
2080,329,95,1656
2080,330,93,1657
2080,331,91,1658
2080,332,89,1659
2080,333,87,1660
2080,334,85,1661
2080,335,83,1662
2080,336,81,1663
2080,337,79,1664
2080,338,77,1665
2080,339,75,1666
2080,340,73,1667
2080,341,71,1668
2080,342,69,1669
2080,343,67,1670
2080,344,65,1671
2080,345,63,1672
2080,346,61,1673
2080,347,59,1674
2080,348,57,1675
2080,349,55,1676
2080,350,53,1677
2080,351,51,1678
2080,352,49,1679
2080,353,47,1680
2080,354,45,1681
2080,355,43,1682
2080,356,41,1683
2080,357,39,1684
2080,358,37,1685
2080,359,35,1686
2080,360,33,1687
2080,361,31,1688
2080,362,29,1689
2080,363,27,1690
2080,364,25,1691
2080,365,23,1692
2080,366,21,1693
2080,367,19,1694
2080,368,17,1695
2080,369,15,1696
2080,370,13,1697
2080,371,11,1698
2080,372,9,1699
2080,373,7,1700
2080,374,5,1701
2080,375,3,1702
2080,376,1,1703
2081,0,769,1312
2081,1,767,1313
2081,2,765,1314
2081,3,763,1315
2081,4,761,1316
2081,5,759,1317
2081,6,757,1318
2081,7,755,1319
2081,8,753,1320
2081,9,751,1321
2081,10,749,1322
2081,11,747,1323
2081,12,745,1324
2081,13,743,1325
2081,14,741,1326
2081,15,739,1327
2081,16,737,1328
2081,17,735,1329
2081,18,733,1330
2081,19,731,1331
2081,20,729,1332
2081,21,727,1333
2081,22,725,1334
2081,23,723,1335
2081,24,721,1336
2081,25,719,1337
2081,26,717,1338
2081,27,715,1339
2081,28,713,1340
2081,29,711,1341
2081,30,709,1342
2081,31,707,1343
2081,32,705,1344
2081,33,703,1345
2081,34,701,1346
2081,35,699,1347
2081,36,697,1348
2081,37,695,1349
2081,38,693,1350
2081,39,691,1351
2081,40,689,1352
2081,41,687,1353
2081,42,685,1354
2081,43,683,1355
2081,44,681,1356
2081,45,679,1357
2081,46,677,1358
2081,47,675,1359
2081,48,673,1360
2081,49,671,1361
2081,50,669,1362
2081,51,667,1363
2081,52,665,1364
2081,53,663,1365
2081,54,661,1366
2081,55,659,1367
2081,56,657,1368
2081,57,655,1369
2081,58,653,1370
2081,59,651,1371
2081,60,649,1372
2081,61,647,1373
2081,62,645,1374
2081,63,643,1375
2081,64,641,1376
2081,65,639,1377
2081,66,637,1378
2081,67,635,1379
2081,68,633,1380
2081,69,631,1381
2081,70,629,1382
2081,71,627,1383
2081,72,625,1384
2081,73,623,1385
2081,74,621,1386
2081,75,619,1387
2081,76,617,1388
2081,77,615,1389
2081,78,613,1390
2081,79,611,1391
2081,80,609,1392
2081,81,607,1393
2081,82,605,1394
2081,83,603,1395
2081,84,601,1396
2081,85,599,1397
2081,86,597,1398
2081,87,595,1399
2081,88,593,1400
2081,89,591,1401
2081,90,589,1402
2081,91,587,1403
2081,92,585,1404
2081,93,583,1405
2081,94,581,1406
2081,95,579,1407
2081,96,577,1408
2081,97,575,1409
2081,98,573,1410
2081,99,571,1411
2081,100,569,1412
2081,101,567,1413
2081,102,565,1414
2081,103,563,1415
2081,104,561,1416
2081,105,559,1417
2081,106,557,1418
2081,107,555,1419
2081,108,553,1420
2081,109,551,1421
2081,110,549,1422
2081,111,547,1423
2081,112,545,1424
2081,113,543,1425
2081,114,541,1426
2081,115,539,1427
2081,116,537,1428
2081,117,535,1429
2081,118,533,1430
2081,119,531,1431
2081,120,529,1432
2081,121,527,1433
2081,122,525,1434
2081,123,523,1435
2081,124,521,1436
2081,125,519,1437
2081,126,517,1438
2081,127,515,1439
2081,128,513,1440
2081,129,511,1441
2081,130,509,1442
2081,131,507,1443
2081,132,505,1444
2081,133,503,1445
2081,134,501,1446
2081,135,499,1447
2081,136,497,1448
2081,137,495,1449
2081,138,493,1450
2081,139,491,1451
2081,140,489,1452
2081,141,487,1453
2081,142,485,1454
2081,143,483,1455
2081,144,481,1456
2081,145,479,1457
2081,146,477,1458
2081,147,475,1459
2081,148,473,1460
2081,149,471,1461
2081,150,469,1462
2081,151,467,1463
2081,152,465,1464
2081,153,463,1465
2081,154,461,1466
2081,155,459,1467
2081,156,457,1468
2081,157,455,1469
2081,158,453,1470
2081,159,451,1471
2081,160,449,1472
2081,161,447,1473
2081,162,445,1474
2081,163,443,1475
2081,164,441,1476
2081,165,439,1477
2081,166,437,1478
2081,167,435,1479
2081,168,433,1480
2081,169,431,1481
2081,170,429,1482
2081,171,427,1483
2081,172,425,1484
2081,173,423,1485
2081,174,421,1486
2081,175,419,1487
2081,176,417,1488
2081,177,415,1489
2081,178,413,1490
2081,179,411,1491
2081,180,409,1492
2081,181,407,1493
2081,182,405,1494
2081,183,403,1495
2081,184,401,1496
2081,185,399,1497
2081,186,397,1498
2081,187,395,1499
2081,188,393,1500
2081,189,391,1501
2081,190,389,1502
2081,191,387,1503
2081,192,385,1504
2081,193,383,1505
2081,194,381,1506
2081,195,379,1507
2081,196,377,1508
2081,197,375,1509
2081,198,373,1510
2081,199,371,1511
2081,200,369,1512
2081,201,367,1513
2081,202,365,1514
2081,203,363,1515
2081,204,361,1516
2081,205,359,1517
2081,206,357,1518
2081,207,355,1519
2081,208,353,1520
2081,209,351,1521
2081,210,349,1522
2081,211,347,1523
2081,212,345,1524
2081,213,343,1525
2081,214,341,1526
2081,215,339,1527
2081,216,337,1528
2081,217,335,1529
2081,218,333,1530
2081,219,331,1531
2081,220,329,1532
2081,221,327,1533
2081,222,325,1534
2081,223,323,1535
2081,224,321,1536
2081,225,319,1537
2081,226,317,1538
2081,227,315,1539
2081,228,313,1540
2081,229,311,1541
2081,230,309,1542
2081,231,307,1543
2081,232,305,1544
2081,233,303,1545
2081,234,301,1546
2081,235,299,1547
2081,236,297,1548
2081,237,295,1549
2081,238,293,1550
2081,239,291,1551
2081,240,289,1552
2081,241,287,1553
2081,242,285,1554
2081,243,283,1555
2081,244,281,1556
2081,245,279,1557
2081,246,277,1558
2081,247,275,1559
2081,248,273,1560
2081,249,271,1561
2081,250,269,1562
2081,251,267,1563
2081,252,265,1564
2081,253,263,1565
2081,254,261,1566
2081,255,259,1567
2081,256,257,1568
2081,257,255,1569
2081,258,253,1570
2081,259,251,1571
2081,260,249,1572
2081,261,247,1573
2081,262,245,1574
2081,263,243,1575
2081,264,241,1576
2081,265,239,1577
2081,266,237,1578
2081,267,235,1579
2081,268,233,1580
2081,269,231,1581
2081,270,229,1582
2081,271,227,1583
2081,272,225,1584
2081,273,223,1585
2081,274,221,1586
2081,275,219,1587
2081,276,217,1588
2081,277,215,1589
2081,278,213,1590
2081,279,211,1591
2081,280,209,1592
2081,281,207,1593
2081,282,205,1594
2081,283,203,1595
2081,284,201,1596
2081,285,199,1597
2081,286,197,1598
2081,287,195,1599
2081,288,193,1600
2081,289,191,1601
2081,290,189,1602
2081,291,187,1603
2081,292,185,1604
2081,293,183,1605
2081,294,181,1606
2081,295,179,1607
2081,296,177,1608
2081,297,175,1609
2081,298,173,1610
2081,299,171,1611
2081,300,169,1612
2081,301,167,1613
2081,302,165,1614
2081,303,163,1615
2081,304,161,1616
2081,305,159,1617
2081,306,157,1618
2081,307,155,1619
2081,308,153,1620
2081,309,151,1621
2081,310,149,1622
2081,311,147,1623
2081,312,145,1624
2081,313,143,1625
2081,314,141,1626
2081,315,139,1627
2081,316,137,1628
2081,317,135,1629
2081,318,133,1630
2081,319,131,1631
2081,320,129,1632
2081,321,127,1633
2081,322,125,1634
2081,323,123,1635
2081,324,121,1636
2081,325,119,1637
2081,326,117,1638
2081,327,115,1639
2081,328,113,1640
2081,329,111,1641
2081,330,109,1642
2081,331,107,1643
2081,332,105,1644
2081,333,103,1645
2081,334,101,1646
2081,335,99,1647
2081,336,97,1648
2081,337,95,1649
2081,338,93,1650
2081,339,91,1651
2081,340,89,1652
2081,341,87,1653
2081,342,85,1654
2081,343,83,1655
2081,344,81,1656
2081,345,79,1657
2081,346,77,1658
2081,347,75,1659
2081,348,73,1660
2081,349,71,1661
2081,350,69,1662
2081,351,67,1663
2081,352,65,1664
2081,353,63,1665
2081,354,61,1666
2081,355,59,1667
2081,356,57,1668
2081,357,55,1669
2081,358,53,1670
2081,359,51,1671
2081,360,49,1672
2081,361,47,1673
2081,362,45,1674
2081,363,43,1675
2081,364,41,1676
2081,365,39,1677
2081,366,37,1678
2081,367,35,1679
2081,368,33,1680
2081,369,31,1681
2081,370,29,1682
2081,371,27,1683
2081,372,25,1684
2081,373,23,1685
2081,374,21,1686
2081,375,19,1687
2081,376,17,1688
2081,377,15,1689
2081,378,13,1690
2081,379,11,1691
2081,380,9,1692
2081,381,7,1693
2081,382,5,1694
2081,383,3,1695
2081,384,1,1696
2082,0,785,1297
2082,1,783,1298
2082,2,781,1299
2082,3,779,1300
2082,4,777,1301
2082,5,775,1302
2082,6,773,1303
2082,7,771,1304
2082,8,769,1305
2082,9,767,1306
2082,10,765,1307
2082,11,763,1308
2082,12,761,1309
2082,13,759,1310
2082,14,757,1311
2082,15,755,1312
2082,16,753,1313
2082,17,751,1314
2082,18,749,1315
2082,19,747,1316
2082,20,745,1317
2082,21,743,1318
2082,22,741,1319
2082,23,739,1320
2082,24,737,1321
2082,25,735,1322
2082,26,733,1323
2082,27,731,1324
2082,28,729,1325
2082,29,727,1326
2082,30,725,1327
2082,31,723,1328
2082,32,721,1329
2082,33,719,1330
2082,34,717,1331
2082,35,715,1332
2082,36,713,1333
2082,37,711,1334
2082,38,709,1335
2082,39,707,1336
2082,40,705,1337
2082,41,703,1338
2082,42,701,1339
2082,43,699,1340
2082,44,697,1341
2082,45,695,1342
2082,46,693,1343
2082,47,691,1344
2082,48,689,1345
2082,49,687,1346
2082,50,685,1347
2082,51,683,1348
2082,52,681,1349
2082,53,679,1350
2082,54,677,1351
2082,55,675,1352
2082,56,673,1353
2082,57,671,1354
2082,58,669,1355
2082,59,667,1356
2082,60,665,1357
2082,61,663,1358
2082,62,661,1359
2082,63,659,1360
2082,64,657,1361
2082,65,655,1362
2082,66,653,1363
2082,67,651,1364
2082,68,649,1365
2082,69,647,1366
2082,70,645,1367
2082,71,643,1368
2082,72,641,1369
2082,73,639,1370
2082,74,637,1371
2082,75,635,1372
2082,76,633,1373
2082,77,631,1374
2082,78,629,1375
2082,79,627,1376
2082,80,625,1377
2082,81,623,1378
2082,82,621,1379
2082,83,619,1380
2082,84,617,1381
2082,85,615,1382
2082,86,613,1383
2082,87,611,1384
2082,88,609,1385
2082,89,607,1386
2082,90,605,1387
2082,91,603,1388
2082,92,601,1389
2082,93,599,1390
2082,94,597,1391
2082,95,595,1392
2082,96,593,1393
2082,97,591,1394
2082,98,589,1395
2082,99,587,1396
2082,100,585,1397
2082,101,583,1398
2082,102,581,1399
2082,103,579,1400
2082,104,577,1401
2082,105,575,1402
2082,106,573,1403
2082,107,571,1404
2082,108,569,1405
2082,109,567,1406
2082,110,565,1407
2082,111,563,1408
2082,112,561,1409
2082,113,559,1410
2082,114,557,1411
2082,115,555,1412
2082,116,553,1413
2082,117,551,1414
2082,118,549,1415
2082,119,547,1416
2082,120,545,1417
2082,121,543,1418
2082,122,541,1419
2082,123,539,1420
2082,124,537,1421
2082,125,535,1422
2082,126,533,1423
2082,127,531,1424
2082,128,529,1425
2082,129,527,1426
2082,130,525,1427
2082,131,523,1428
2082,132,521,1429
2082,133,519,1430
2082,134,517,1431
2082,135,515,1432
2082,136,513,1433
2082,137,511,1434
2082,138,509,1435
2082,139,507,1436
2082,140,505,1437
2082,141,503,1438
2082,142,501,1439
2082,143,499,1440
2082,144,497,1441
2082,145,495,1442
2082,146,493,1443
2082,147,491,1444
2082,148,489,1445
2082,149,487,1446
2082,150,485,1447
2082,151,483,1448
2082,152,481,1449
2082,153,479,1450
2082,154,477,1451
2082,155,475,1452
2082,156,473,1453
2082,157,471,1454
2082,158,469,1455
2082,159,467,1456
2082,160,465,1457
2082,161,463,1458
2082,162,461,1459
2082,163,459,1460
2082,164,457,1461
2082,165,455,1462
2082,166,453,1463
2082,167,451,1464
2082,168,449,1465
2082,169,447,1466
2082,170,445,1467
2082,171,443,1468
2082,172,441,1469
2082,173,439,1470
2082,174,437,1471
2082,175,435,1472
2082,176,433,1473
2082,177,431,1474
2082,178,429,1475
2082,179,427,1476
2082,180,425,1477
2082,181,423,1478
2082,182,421,1479
2082,183,419,1480
2082,184,417,1481
2082,185,415,1482
2082,186,413,1483
2082,187,411,1484
2082,188,409,1485
2082,189,407,1486
2082,190,405,1487
2082,191,403,1488
2082,192,401,1489
2082,193,399,1490
2082,194,397,1491
2082,195,395,1492
2082,196,393,1493
2082,197,391,1494
2082,198,389,1495
2082,199,387,1496
2082,200,385,1497
2082,201,383,1498
2082,202,381,1499
2082,203,379,1500
2082,204,377,1501
2082,205,375,1502
2082,206,373,1503
2082,207,371,1504
2082,208,369,1505
2082,209,367,1506
2082,210,365,1507
2082,211,363,1508
2082,212,361,1509
2082,213,359,1510
2082,214,357,1511
2082,215,355,1512
2082,216,353,1513
2082,217,351,1514
2082,218,349,1515
2082,219,347,1516
2082,220,345,1517
2082,221,343,1518
2082,222,341,1519
2082,223,339,1520
2082,224,337,1521
2082,225,335,1522
2082,226,333,1523
2082,227,331,1524
2082,228,329,1525
2082,229,327,1526
2082,230,325,1527
2082,231,323,1528
2082,232,321,1529
2082,233,319,1530
2082,234,317,1531
2082,235,315,1532
2082,236,313,1533
2082,237,311,1534
2082,238,309,1535
2082,239,307,1536
2082,240,305,1537
2082,241,303,1538
2082,242,301,1539
2082,243,299,1540
2082,244,297,1541
2082,245,295,1542
2082,246,293,1543
2082,247,291,1544
2082,248,289,1545
2082,249,287,1546
2082,250,285,1547
2082,251,283,1548
2082,252,281,1549
2082,253,279,1550
2082,254,277,1551
2082,255,275,1552
2082,256,273,1553
2082,257,271,1554
2082,258,269,1555
2082,259,267,1556
2082,260,265,1557
2082,261,263,1558
2082,262,261,1559
2082,263,259,1560
2082,264,257,1561
2082,265,255,1562
2082,266,253,1563
2082,267,251,1564
2082,268,249,1565
2082,269,247,1566
2082,270,245,1567
2082,271,243,1568
2082,272,241,1569
2082,273,239,1570
2082,274,237,1571
2082,275,235,1572
2082,276,233,1573
2082,277,231,1574
2082,278,229,1575
2082,279,227,1576
2082,280,225,1577
2082,281,223,1578
2082,282,221,1579
2082,283,219,1580
2082,284,217,1581
2082,285,215,1582
2082,286,213,1583
2082,287,211,1584
2082,288,209,1585
2082,289,207,1586
2082,290,205,1587
2082,291,203,1588
2082,292,201,1589
2082,293,199,1590
2082,294,197,1591
2082,295,195,1592
2082,296,193,1593
2082,297,191,1594
2082,298,189,1595
2082,299,187,1596
2082,300,185,1597
2082,301,183,1598
2082,302,181,1599
2082,303,179,1600
2082,304,177,1601
2082,305,175,1602
2082,306,173,1603
2082,307,171,1604
2082,308,169,1605
2082,309,167,1606
2082,310,165,1607
2082,311,163,1608
2082,312,161,1609
2082,313,159,1610
2082,314,157,1611
2082,315,155,1612
2082,316,153,1613
2082,317,151,1614
2082,318,149,1615
2082,319,147,1616
2082,320,145,1617
2082,321,143,1618
2082,322,141,1619
2082,323,139,1620
2082,324,137,1621
2082,325,135,1622
2082,326,133,1623
2082,327,131,1624
2082,328,129,1625
2082,329,127,1626
2082,330,125,1627
2082,331,123,1628
2082,332,121,1629
2082,333,119,1630
2082,334,117,1631
2082,335,115,1632
2082,336,113,1633
2082,337,111,1634
2082,338,109,1635
2082,339,107,1636
2082,340,105,1637
2082,341,103,1638
2082,342,101,1639
2082,343,99,1640
2082,344,97,1641
2082,345,95,1642
2082,346,93,1643
2082,347,91,1644
2082,348,89,1645
2082,349,87,1646
2082,350,85,1647
2082,351,83,1648
2082,352,81,1649
2082,353,79,1650
2082,354,77,1651
2082,355,75,1652
2082,356,73,1653
2082,357,71,1654
2082,358,69,1655
2082,359,67,1656
2082,360,65,1657
2082,361,63,1658
2082,362,61,1659
2082,363,59,1660
2082,364,57,1661
2082,365,55,1662
2082,366,53,1663
2082,367,51,1664
2082,368,49,1665
2082,369,47,1666
2082,370,45,1667
2082,371,43,1668
2082,372,41,1669
2082,373,39,1670
2082,374,37,1671
2082,375,35,1672
2082,376,33,1673
2082,377,31,1674
2082,378,29,1675
2082,379,27,1676
2082,380,25,1677
2082,381,23,1678
2082,382,21,1679
2082,383,19,1680
2082,384,17,1681
2082,385,15,1682
2082,386,13,1683
2082,387,11,1684
2082,388,9,1685
2082,389,7,1686
2082,390,5,1687
2082,391,3,1688
2082,392,1,1689
2083,0,801,1282
2083,1,799,1283
2083,2,797,1284
2083,3,795,1285
2083,4,793,1286
2083,5,791,1287
2083,6,789,1288
2083,7,787,1289
2083,8,785,1290
2083,9,783,1291
2083,10,781,1292
2083,11,779,1293
2083,12,777,1294
2083,13,775,1295
2083,14,773,1296
2083,15,771,1297
2083,16,769,1298
2083,17,767,1299
2083,18,765,1300
2083,19,763,1301
2083,20,761,1302
2083,21,759,1303
2083,22,757,1304
2083,23,755,1305
2083,24,753,1306
2083,25,751,1307
2083,26,749,1308
2083,27,747,1309
2083,28,745,1310
2083,29,743,1311
2083,30,741,1312
2083,31,739,1313
2083,32,737,1314
2083,33,735,1315
2083,34,733,1316
2083,35,731,1317
2083,36,729,1318
2083,37,727,1319
2083,38,725,1320
2083,39,723,1321
2083,40,721,1322
2083,41,719,1323
2083,42,717,1324
2083,43,715,1325
2083,44,713,1326
2083,45,711,1327
2083,46,709,1328
2083,47,707,1329
2083,48,705,1330
2083,49,703,1331
2083,50,701,1332
2083,51,699,1333
2083,52,697,1334
2083,53,695,1335
2083,54,693,1336
2083,55,691,1337
2083,56,689,1338
2083,57,687,1339
2083,58,685,1340
2083,59,683,1341
2083,60,681,1342
2083,61,679,1343
2083,62,677,1344
2083,63,675,1345
2083,64,673,1346
2083,65,671,1347
2083,66,669,1348
2083,67,667,1349
2083,68,665,1350
2083,69,663,1351
2083,70,661,1352
2083,71,659,1353
2083,72,657,1354
2083,73,655,1355
2083,74,653,1356
2083,75,651,1357
2083,76,649,1358
2083,77,647,1359
2083,78,645,1360
2083,79,643,1361
2083,80,641,1362
2083,81,639,1363
2083,82,637,1364
2083,83,635,1365
2083,84,633,1366
2083,85,631,1367
2083,86,629,1368
2083,87,627,1369
2083,88,625,1370
2083,89,623,1371
2083,90,621,1372
2083,91,619,1373
2083,92,617,1374
2083,93,615,1375
2083,94,613,1376
2083,95,611,1377
2083,96,609,1378
2083,97,607,1379
2083,98,605,1380
2083,99,603,1381
2083,100,601,1382
2083,101,599,1383
2083,102,597,1384
2083,103,595,1385
2083,104,593,1386
2083,105,591,1387
2083,106,589,1388
2083,107,587,1389
2083,108,585,1390
2083,109,583,1391
2083,110,581,1392
2083,111,579,1393
2083,112,577,1394
2083,113,575,1395
2083,114,573,1396
2083,115,571,1397
2083,116,569,1398
2083,117,567,1399
2083,118,565,1400
2083,119,563,1401
2083,120,561,1402
2083,121,559,1403
2083,122,557,1404
2083,123,555,1405
2083,124,553,1406
2083,125,551,1407
2083,126,549,1408
2083,127,547,1409
2083,128,545,1410
2083,129,543,1411
2083,130,541,1412
2083,131,539,1413
2083,132,537,1414
2083,133,535,1415
2083,134,533,1416
2083,135,531,1417
2083,136,529,1418
2083,137,527,1419
2083,138,525,1420
2083,139,523,1421
2083,140,521,1422
2083,141,519,1423
2083,142,517,1424
2083,143,515,1425
2083,144,513,1426
2083,145,511,1427
2083,146,509,1428
2083,147,507,1429
2083,148,505,1430
2083,149,503,1431
2083,150,501,1432
2083,151,499,1433
2083,152,497,1434
2083,153,495,1435
2083,154,493,1436
2083,155,491,1437
2083,156,489,1438
2083,157,487,1439
2083,158,485,1440
2083,159,483,1441
2083,160,481,1442
2083,161,479,1443
2083,162,477,1444
2083,163,475,1445
2083,164,473,1446
2083,165,471,1447
2083,166,469,1448
2083,167,467,1449
2083,168,465,1450
2083,169,463,1451
2083,170,461,1452
2083,171,459,1453
2083,172,457,1454
2083,173,455,1455
2083,174,453,1456
2083,175,451,1457
2083,176,449,1458
2083,177,447,1459
2083,178,445,1460
2083,179,443,1461
2083,180,441,1462
2083,181,439,1463
2083,182,437,1464
2083,183,435,1465
2083,184,433,1466
2083,185,431,1467
2083,186,429,1468
2083,187,427,1469
2083,188,425,1470
2083,189,423,1471
2083,190,421,1472
2083,191,419,1473
2083,192,417,1474
2083,193,415,1475
2083,194,413,1476
2083,195,411,1477
2083,196,409,1478
2083,197,407,1479
2083,198,405,1480
2083,199,403,1481
2083,200,401,1482
2083,201,399,1483
2083,202,397,1484
2083,203,395,1485
2083,204,393,1486
2083,205,391,1487
2083,206,389,1488
2083,207,387,1489
2083,208,385,1490
2083,209,383,1491
2083,210,381,1492
2083,211,379,1493
2083,212,377,1494
2083,213,375,1495
2083,214,373,1496
2083,215,371,1497
2083,216,369,1498
2083,217,367,1499
2083,218,365,1500
2083,219,363,1501
2083,220,361,1502
2083,221,359,1503
2083,222,357,1504
2083,223,355,1505
2083,224,353,1506
2083,225,351,1507
2083,226,349,1508
2083,227,347,1509
2083,228,345,1510
2083,229,343,1511
2083,230,341,1512
2083,231,339,1513
2083,232,337,1514
2083,233,335,1515
2083,234,333,1516
2083,235,331,1517
2083,236,329,1518
2083,237,327,1519
2083,238,325,1520
2083,239,323,1521
2083,240,321,1522
2083,241,319,1523
2083,242,317,1524
2083,243,315,1525
2083,244,313,1526
2083,245,311,1527
2083,246,309,1528
2083,247,307,1529
2083,248,305,1530
2083,249,303,1531
2083,250,301,1532
2083,251,299,1533
2083,252,297,1534
2083,253,295,1535
2083,254,293,1536
2083,255,291,1537
2083,256,289,1538
2083,257,287,1539
2083,258,285,1540
2083,259,283,1541
2083,260,281,1542
2083,261,279,1543
2083,262,277,1544
2083,263,275,1545
2083,264,273,1546
2083,265,271,1547
2083,266,269,1548
2083,267,267,1549
2083,268,265,1550
2083,269,263,1551
2083,270,261,1552
2083,271,259,1553
2083,272,257,1554
2083,273,255,1555
2083,274,253,1556
2083,275,251,1557
2083,276,249,1558
2083,277,247,1559
2083,278,245,1560
2083,279,243,1561
2083,280,241,1562
2083,281,239,1563
2083,282,237,1564
2083,283,235,1565
2083,284,233,1566
2083,285,231,1567
2083,286,229,1568
2083,287,227,1569
2083,288,225,1570
2083,289,223,1571
2083,290,221,1572
2083,291,219,1573
2083,292,217,1574
2083,293,215,1575
2083,294,213,1576
2083,295,211,1577
2083,296,209,1578
2083,297,207,1579
2083,298,205,1580
2083,299,203,1581
2083,300,201,1582
2083,301,199,1583
2083,302,197,1584
2083,303,195,1585
2083,304,193,1586
2083,305,191,1587
2083,306,189,1588
2083,307,187,1589
2083,308,185,1590
2083,309,183,1591
2083,310,181,1592
2083,311,179,1593
2083,312,177,1594
2083,313,175,1595
2083,314,173,1596
2083,315,171,1597
2083,316,169,1598
2083,317,167,1599
2083,318,165,1600
2083,319,163,1601
2083,320,161,1602
2083,321,159,1603
2083,322,157,1604
2083,323,155,1605
2083,324,153,1606
2083,325,151,1607
2083,326,149,1608
2083,327,147,1609
2083,328,145,1610
2083,329,143,1611
2083,330,141,1612
2083,331,139,1613
2083,332,137,1614
2083,333,135,1615
2083,334,133,1616
2083,335,131,1617
2083,336,129,1618
2083,337,127,1619
2083,338,125,1620
2083,339,123,1621
2083,340,121,1622
2083,341,119,1623
2083,342,117,1624
2083,343,115,1625
2083,344,113,1626
2083,345,111,1627
2083,346,109,1628
2083,347,107,1629
2083,348,105,1630
2083,349,103,1631
2083,350,101,1632
2083,351,99,1633
2083,352,97,1634
2083,353,95,1635
2083,354,93,1636
2083,355,91,1637
2083,356,89,1638
2083,357,87,1639
2083,358,85,1640
2083,359,83,1641
2083,360,81,1642
2083,361,79,1643
2083,362,77,1644
2083,363,75,1645
2083,364,73,1646
2083,365,71,1647
2083,366,69,1648
2083,367,67,1649
2083,368,65,1650
2083,369,63,1651
2083,370,61,1652
2083,371,59,1653
2083,372,57,1654
2083,373,55,1655
2083,374,53,1656
2083,375,51,1657
2083,376,49,1658
2083,377,47,1659
2083,378,45,1660
2083,379,43,1661
2083,380,41,1662
2083,381,39,1663
2083,382,37,1664
2083,383,35,1665
2083,384,33,1666
2083,385,31,1667
2083,386,29,1668
2083,387,27,1669
2083,388,25,1670
2083,389,23,1671
2083,390,21,1672
2083,391,19,1673
2083,392,17,1674
2083,393,15,1675
2083,394,13,1676
2083,395,11,1677
2083,396,9,1678
2083,397,7,1679
2083,398,5,1680
2083,399,3,1681
2083,400,1,1682
2084,0,817,1267
2084,1,815,1268
2084,2,813,1269
2084,3,811,1270
2084,4,809,1271
2084,5,807,1272
2084,6,805,1273
2084,7,803,1274
2084,8,801,1275
2084,9,799,1276
2084,10,797,1277
2084,11,795,1278
2084,12,793,1279
2084,13,791,1280
2084,14,789,1281
2084,15,787,1282
2084,16,785,1283
2084,17,783,1284
2084,18,781,1285
2084,19,779,1286
2084,20,777,1287
2084,21,775,1288
2084,22,773,1289
2084,23,771,1290
2084,24,769,1291
2084,25,767,1292
2084,26,765,1293
2084,27,763,1294
2084,28,761,1295
2084,29,759,1296
2084,30,757,1297
2084,31,755,1298
2084,32,753,1299
2084,33,751,1300
2084,34,749,1301
2084,35,747,1302
2084,36,745,1303
2084,37,743,1304
2084,38,741,1305
2084,39,739,1306
2084,40,737,1307
2084,41,735,1308
2084,42,733,1309
2084,43,731,1310
2084,44,729,1311
2084,45,727,1312
2084,46,725,1313
2084,47,723,1314
2084,48,721,1315
2084,49,719,1316
2084,50,717,1317
2084,51,715,1318
2084,52,713,1319
2084,53,711,1320
2084,54,709,1321
2084,55,707,1322
2084,56,705,1323
2084,57,703,1324
2084,58,701,1325
2084,59,699,1326
2084,60,697,1327
2084,61,695,1328
2084,62,693,1329
2084,63,691,1330
2084,64,689,1331
2084,65,687,1332
2084,66,685,1333
2084,67,683,1334
2084,68,681,1335
2084,69,679,1336
2084,70,677,1337
2084,71,675,1338
2084,72,673,1339
2084,73,671,1340
2084,74,669,1341
2084,75,667,1342
2084,76,665,1343
2084,77,663,1344
2084,78,661,1345
2084,79,659,1346
2084,80,657,1347
2084,81,655,1348
2084,82,653,1349
2084,83,651,1350
2084,84,649,1351
2084,85,647,1352
2084,86,645,1353
2084,87,643,1354
2084,88,641,1355
2084,89,639,1356
2084,90,637,1357
2084,91,635,1358
2084,92,633,1359
2084,93,631,1360
2084,94,629,1361
2084,95,627,1362
2084,96,625,1363
2084,97,623,1364
2084,98,621,1365
2084,99,619,1366
2084,100,617,1367
2084,101,615,1368
2084,102,613,1369
2084,103,611,1370
2084,104,609,1371
2084,105,607,1372
2084,106,605,1373
2084,107,603,1374
2084,108,601,1375
2084,109,599,1376
2084,110,597,1377
2084,111,595,1378
2084,112,593,1379
2084,113,591,1380
2084,114,589,1381
2084,115,587,1382
2084,116,585,1383
2084,117,583,1384
2084,118,581,1385
2084,119,579,1386
2084,120,577,1387
2084,121,575,1388
2084,122,573,1389
2084,123,571,1390
2084,124,569,1391
2084,125,567,1392
2084,126,565,1393
2084,127,563,1394
2084,128,561,1395
2084,129,559,1396
2084,130,557,1397
2084,131,555,1398
2084,132,553,1399
2084,133,551,1400
2084,134,549,1401
2084,135,547,1402
2084,136,545,1403
2084,137,543,1404
2084,138,541,1405
2084,139,539,1406
2084,140,537,1407
2084,141,535,1408
2084,142,533,1409
2084,143,531,1410
2084,144,529,1411
2084,145,527,1412
2084,146,525,1413
2084,147,523,1414
2084,148,521,1415
2084,149,519,1416
2084,150,517,1417
2084,151,515,1418
2084,152,513,1419
2084,153,511,1420
2084,154,509,1421
2084,155,507,1422
2084,156,505,1423
2084,157,503,1424
2084,158,501,1425
2084,159,499,1426
2084,160,497,1427
2084,161,495,1428
2084,162,493,1429
2084,163,491,1430
2084,164,489,1431
2084,165,487,1432
2084,166,485,1433
2084,167,483,1434
2084,168,481,1435
2084,169,479,1436
2084,170,477,1437
2084,171,475,1438
2084,172,473,1439
2084,173,471,1440
2084,174,469,1441
2084,175,467,1442
2084,176,465,1443
2084,177,463,1444
2084,178,461,1445
2084,179,459,1446
2084,180,457,1447
2084,181,455,1448
2084,182,453,1449
2084,183,451,1450
2084,184,449,1451
2084,185,447,1452
2084,186,445,1453
2084,187,443,1454
2084,188,441,1455
2084,189,439,1456
2084,190,437,1457
2084,191,435,1458
2084,192,433,1459
2084,193,431,1460
2084,194,429,1461
2084,195,427,1462
2084,196,425,1463
2084,197,423,1464
2084,198,421,1465
2084,199,419,1466
2084,200,417,1467
2084,201,415,1468
2084,202,413,1469
2084,203,411,1470
2084,204,409,1471
2084,205,407,1472
2084,206,405,1473
2084,207,403,1474
2084,208,401,1475
2084,209,399,1476
2084,210,397,1477
2084,211,395,1478
2084,212,393,1479
2084,213,391,1480
2084,214,389,1481
2084,215,387,1482
2084,216,385,1483
2084,217,383,1484
2084,218,381,1485
2084,219,379,1486
2084,220,377,1487
2084,221,375,1488
2084,222,373,1489
2084,223,371,1490
2084,224,369,1491
2084,225,367,1492
2084,226,365,1493
2084,227,363,1494
2084,228,361,1495
2084,229,359,1496
2084,230,357,1497
2084,231,355,1498
2084,232,353,1499
2084,233,351,1500
2084,234,349,1501
2084,235,347,1502
2084,236,345,1503
2084,237,343,1504
2084,238,341,1505
2084,239,339,1506
2084,240,337,1507
2084,241,335,1508
2084,242,333,1509
2084,243,331,1510
2084,244,329,1511
2084,245,327,1512
2084,246,325,1513
2084,247,323,1514
2084,248,321,1515
2084,249,319,1516
2084,250,317,1517
2084,251,315,1518
2084,252,313,1519
2084,253,311,1520
2084,254,309,1521
2084,255,307,1522
2084,256,305,1523
2084,257,303,1524
2084,258,301,1525
2084,259,299,1526
2084,260,297,1527
2084,261,295,1528
2084,262,293,1529
2084,263,291,1530
2084,264,289,1531
2084,265,287,1532
2084,266,285,1533
2084,267,283,1534
2084,268,281,1535
2084,269,279,1536
2084,270,277,1537
2084,271,275,1538
2084,272,273,1539
2084,273,271,1540
2084,274,269,1541
2084,275,267,1542
2084,276,265,1543
2084,277,263,1544
2084,278,261,1545
2084,279,259,1546
2084,280,257,1547
2084,281,255,1548
2084,282,253,1549
2084,283,251,1550
2084,284,249,1551
2084,285,247,1552
2084,286,245,1553
2084,287,243,1554
2084,288,241,1555
2084,289,239,1556
2084,290,237,1557
2084,291,235,1558
2084,292,233,1559
2084,293,231,1560
2084,294,229,1561
2084,295,227,1562
2084,296,225,1563
2084,297,223,1564
2084,298,221,1565
2084,299,219,1566
2084,300,217,1567
2084,301,215,1568
2084,302,213,1569
2084,303,211,1570
2084,304,209,1571
2084,305,207,1572
2084,306,205,1573
2084,307,203,1574
2084,308,201,1575
2084,309,199,1576
2084,310,197,1577
2084,311,195,1578
2084,312,193,1579
2084,313,191,1580
2084,314,189,1581
2084,315,187,1582
2084,316,185,1583
2084,317,183,1584
2084,318,181,1585
2084,319,179,1586
2084,320,177,1587
2084,321,175,1588
2084,322,173,1589
2084,323,171,1590
2084,324,169,1591
2084,325,167,1592
2084,326,165,1593
2084,327,163,1594
2084,328,161,1595
2084,329,159,1596
2084,330,157,1597
2084,331,155,1598
2084,332,153,1599
2084,333,151,1600
2084,334,149,1601
2084,335,147,1602
2084,336,145,1603
2084,337,143,1604
2084,338,141,1605
2084,339,139,1606
2084,340,137,1607
2084,341,135,1608
2084,342,133,1609
2084,343,131,1610
2084,344,129,1611
2084,345,127,1612
2084,346,125,1613
2084,347,123,1614
2084,348,121,1615
2084,349,119,1616
2084,350,117,1617
2084,351,115,1618
2084,352,113,1619
2084,353,111,1620
2084,354,109,1621
2084,355,107,1622
2084,356,105,1623
2084,357,103,1624
2084,358,101,1625
2084,359,99,1626
2084,360,97,1627
2084,361,95,1628
2084,362,93,1629
2084,363,91,1630
2084,364,89,1631
2084,365,87,1632
2084,366,85,1633
2084,367,83,1634
2084,368,81,1635
2084,369,79,1636
2084,370,77,1637
2084,371,75,1638
2084,372,73,1639
2084,373,71,1640
2084,374,69,1641
2084,375,67,1642
2084,376,65,1643
2084,377,63,1644
2084,378,61,1645
2084,379,59,1646
2084,380,57,1647
2084,381,55,1648
2084,382,53,1649
2084,383,51,1650
2084,384,49,1651
2084,385,47,1652
2084,386,45,1653
2084,387,43,1654
2084,388,41,1655
2084,389,39,1656
2084,390,37,1657
2084,391,35,1658
2084,392,33,1659
2084,393,31,1660
2084,394,29,1661
2084,395,27,1662
2084,396,25,1663
2084,397,23,1664
2084,398,21,1665
2084,399,19,1666
2084,400,17,1667
2084,401,15,1668
2084,402,13,1669
2084,403,11,1670
2084,404,9,1671
2084,405,7,1672
2084,406,5,1673
2084,407,3,1674
2084,408,1,1675
2085,0,833,1252
2085,1,831,1253
2085,2,829,1254
2085,3,827,1255
2085,4,825,1256
2085,5,823,1257
2085,6,821,1258
2085,7,819,1259
2085,8,817,1260
2085,9,815,1261
2085,10,813,1262
2085,11,811,1263
2085,12,809,1264
2085,13,807,1265
2085,14,805,1266
2085,15,803,1267
2085,16,801,1268
2085,17,799,1269
2085,18,797,1270
2085,19,795,1271
2085,20,793,1272
2085,21,791,1273
2085,22,789,1274
2085,23,787,1275
2085,24,785,1276
2085,25,783,1277
2085,26,781,1278
2085,27,779,1279
2085,28,777,1280
2085,29,775,1281
2085,30,773,1282
2085,31,771,1283
2085,32,769,1284
2085,33,767,1285
2085,34,765,1286
2085,35,763,1287
2085,36,761,1288
2085,37,759,1289
2085,38,757,1290
2085,39,755,1291
2085,40,753,1292
2085,41,751,1293
2085,42,749,1294
2085,43,747,1295
2085,44,745,1296
2085,45,743,1297
2085,46,741,1298
2085,47,739,1299
2085,48,737,1300
2085,49,735,1301
2085,50,733,1302
2085,51,731,1303
2085,52,729,1304
2085,53,727,1305
2085,54,725,1306
2085,55,723,1307
2085,56,721,1308
2085,57,719,1309
2085,58,717,1310
2085,59,715,1311
2085,60,713,1312
2085,61,711,1313
2085,62,709,1314
2085,63,707,1315
2085,64,705,1316
2085,65,703,1317
2085,66,701,1318
2085,67,699,1319
2085,68,697,1320
2085,69,695,1321
2085,70,693,1322
2085,71,691,1323
2085,72,689,1324
2085,73,687,1325
2085,74,685,1326
2085,75,683,1327
2085,76,681,1328
2085,77,679,1329
2085,78,677,1330
2085,79,675,1331
2085,80,673,1332
2085,81,671,1333
2085,82,669,1334
2085,83,667,1335
2085,84,665,1336
2085,85,663,1337
2085,86,661,1338
2085,87,659,1339
2085,88,657,1340
2085,89,655,1341
2085,90,653,1342
2085,91,651,1343
2085,92,649,1344
2085,93,647,1345
2085,94,645,1346
2085,95,643,1347
2085,96,641,1348
2085,97,639,1349
2085,98,637,1350
2085,99,635,1351
2085,100,633,1352
2085,101,631,1353
2085,102,629,1354
2085,103,627,1355
2085,104,625,1356
2085,105,623,1357
2085,106,621,1358
2085,107,619,1359
2085,108,617,1360
2085,109,615,1361
2085,110,613,1362
2085,111,611,1363
2085,112,609,1364
2085,113,607,1365
2085,114,605,1366
2085,115,603,1367
2085,116,601,1368
2085,117,599,1369
2085,118,597,1370
2085,119,595,1371
2085,120,593,1372
2085,121,591,1373
2085,122,589,1374
2085,123,587,1375
2085,124,585,1376
2085,125,583,1377
2085,126,581,1378
2085,127,579,1379
2085,128,577,1380
2085,129,575,1381
2085,130,573,1382
2085,131,571,1383
2085,132,569,1384
2085,133,567,1385
2085,134,565,1386
2085,135,563,1387
2085,136,561,1388
2085,137,559,1389
2085,138,557,1390
2085,139,555,1391
2085,140,553,1392
2085,141,551,1393
2085,142,549,1394
2085,143,547,1395
2085,144,545,1396
2085,145,543,1397
2085,146,541,1398
2085,147,539,1399
2085,148,537,1400
2085,149,535,1401
2085,150,533,1402
2085,151,531,1403
2085,152,529,1404
2085,153,527,1405
2085,154,525,1406
2085,155,523,1407
2085,156,521,1408
2085,157,519,1409
2085,158,517,1410
2085,159,515,1411
2085,160,513,1412
2085,161,511,1413
2085,162,509,1414
2085,163,507,1415
2085,164,505,1416
2085,165,503,1417
2085,166,501,1418
2085,167,499,1419
2085,168,497,1420
2085,169,495,1421
2085,170,493,1422
2085,171,491,1423
2085,172,489,1424
2085,173,487,1425
2085,174,485,1426
2085,175,483,1427
2085,176,481,1428
2085,177,479,1429
2085,178,477,1430
2085,179,475,1431
2085,180,473,1432
2085,181,471,1433
2085,182,469,1434
2085,183,467,1435
2085,184,465,1436
2085,185,463,1437
2085,186,461,1438
2085,187,459,1439
2085,188,457,1440
2085,189,455,1441
2085,190,453,1442
2085,191,451,1443
2085,192,449,1444
2085,193,447,1445
2085,194,445,1446
2085,195,443,1447
2085,196,441,1448
2085,197,439,1449
2085,198,437,1450
2085,199,435,1451
2085,200,433,1452
2085,201,431,1453
2085,202,429,1454
2085,203,427,1455
2085,204,425,1456
2085,205,423,1457
2085,206,421,1458
2085,207,419,1459
2085,208,417,1460
2085,209,415,1461
2085,210,413,1462
2085,211,411,1463
2085,212,409,1464
2085,213,407,1465
2085,214,405,1466
2085,215,403,1467
2085,216,401,1468
2085,217,399,1469
2085,218,397,1470
2085,219,395,1471
2085,220,393,1472
2085,221,391,1473
2085,222,389,1474
2085,223,387,1475
2085,224,385,1476
2085,225,383,1477
2085,226,381,1478
2085,227,379,1479
2085,228,377,1480
2085,229,375,1481
2085,230,373,1482
2085,231,371,1483
2085,232,369,1484
2085,233,367,1485
2085,234,365,1486
2085,235,363,1487
2085,236,361,1488
2085,237,359,1489
2085,238,357,1490
2085,239,355,1491
2085,240,353,1492
2085,241,351,1493
2085,242,349,1494
2085,243,347,1495
2085,244,345,1496
2085,245,343,1497
2085,246,341,1498
2085,247,339,1499
2085,248,337,1500
2085,249,335,1501
2085,250,333,1502
2085,251,331,1503
2085,252,329,1504
2085,253,327,1505
2085,254,325,1506
2085,255,323,1507
2085,256,321,1508
2085,257,319,1509
2085,258,317,1510
2085,259,315,1511
2085,260,313,1512
2085,261,311,1513
2085,262,309,1514
2085,263,307,1515
2085,264,305,1516
2085,265,303,1517
2085,266,301,1518
2085,267,299,1519
2085,268,297,1520
2085,269,295,1521
2085,270,293,1522
2085,271,291,1523
2085,272,289,1524
2085,273,287,1525
2085,274,285,1526
2085,275,283,1527
2085,276,281,1528
2085,277,279,1529
2085,278,277,1530
2085,279,275,1531
2085,280,273,1532
2085,281,271,1533
2085,282,269,1534
2085,283,267,1535
2085,284,265,1536
2085,285,263,1537
2085,286,261,1538
2085,287,259,1539
2085,288,257,1540
2085,289,255,1541
2085,290,253,1542
2085,291,251,1543
2085,292,249,1544
2085,293,247,1545
2085,294,245,1546
2085,295,243,1547
2085,296,241,1548
2085,297,239,1549
2085,298,237,1550
2085,299,235,1551
2085,300,233,1552
2085,301,231,1553
2085,302,229,1554
2085,303,227,1555
2085,304,225,1556
2085,305,223,1557
2085,306,221,1558
2085,307,219,1559
2085,308,217,1560
2085,309,215,1561
2085,310,213,1562
2085,311,211,1563
2085,312,209,1564
2085,313,207,1565
2085,314,205,1566
2085,315,203,1567
2085,316,201,1568
2085,317,199,1569
2085,318,197,1570
2085,319,195,1571
2085,320,193,1572
2085,321,191,1573
2085,322,189,1574
2085,323,187,1575
2085,324,185,1576
2085,325,183,1577
2085,326,181,1578
2085,327,179,1579
2085,328,177,1580
2085,329,175,1581
2085,330,173,1582
2085,331,171,1583
2085,332,169,1584
2085,333,167,1585
2085,334,165,1586
2085,335,163,1587
2085,336,161,1588
2085,337,159,1589
2085,338,157,1590
2085,339,155,1591
2085,340,153,1592
2085,341,151,1593
2085,342,149,1594
2085,343,147,1595
2085,344,145,1596
2085,345,143,1597
2085,346,141,1598
2085,347,139,1599
2085,348,137,1600
2085,349,135,1601
2085,350,133,1602
2085,351,131,1603
2085,352,129,1604
2085,353,127,1605
2085,354,125,1606
2085,355,123,1607
2085,356,121,1608
2085,357,119,1609
2085,358,117,1610
2085,359,115,1611
2085,360,113,1612
2085,361,111,1613
2085,362,109,1614
2085,363,107,1615
2085,364,105,1616
2085,365,103,1617
2085,366,101,1618
2085,367,99,1619
2085,368,97,1620
2085,369,95,1621
2085,370,93,1622
2085,371,91,1623
2085,372,89,1624
2085,373,87,1625
2085,374,85,1626
2085,375,83,1627
2085,376,81,1628
2085,377,79,1629
2085,378,77,1630
2085,379,75,1631
2085,380,73,1632
2085,381,71,1633
2085,382,69,1634
2085,383,67,1635
2085,384,65,1636
2085,385,63,1637
2085,386,61,1638
2085,387,59,1639
2085,388,57,1640
2085,389,55,1641
2085,390,53,1642
2085,391,51,1643
2085,392,49,1644
2085,393,47,1645
2085,394,45,1646
2085,395,43,1647
2085,396,41,1648
2085,397,39,1649
2085,398,37,1650
2085,399,35,1651
2085,400,33,1652
2085,401,31,1653
2085,402,29,1654
2085,403,27,1655
2085,404,25,1656
2085,405,23,1657
2085,406,21,1658
2085,407,19,1659
2085,408,17,1660
2085,409,15,1661
2085,410,13,1662
2085,411,11,1663
2085,412,9,1664
2085,413,7,1665
2085,414,5,1666
2085,415,3,1667
2085,416,1,1668
2086,0,849,1237
2086,1,847,1238
2086,2,845,1239
2086,3,843,1240
2086,4,841,1241
2086,5,839,1242
2086,6,837,1243
2086,7,835,1244
2086,8,833,1245
2086,9,831,1246
2086,10,829,1247
2086,11,827,1248
2086,12,825,1249
2086,13,823,1250
2086,14,821,1251
2086,15,819,1252
2086,16,817,1253
2086,17,815,1254
2086,18,813,1255
2086,19,811,1256
2086,20,809,1257
2086,21,807,1258
2086,22,805,1259
2086,23,803,1260
2086,24,801,1261
2086,25,799,1262
2086,26,797,1263
2086,27,795,1264
2086,28,793,1265
2086,29,791,1266
2086,30,789,1267
2086,31,787,1268
2086,32,785,1269
2086,33,783,1270
2086,34,781,1271
2086,35,779,1272
2086,36,777,1273
2086,37,775,1274
2086,38,773,1275
2086,39,771,1276
2086,40,769,1277
2086,41,767,1278
2086,42,765,1279
2086,43,763,1280
2086,44,761,1281
2086,45,759,1282
2086,46,757,1283
2086,47,755,1284
2086,48,753,1285
2086,49,751,1286
2086,50,749,1287
2086,51,747,1288
2086,52,745,1289
2086,53,743,1290
2086,54,741,1291
2086,55,739,1292
2086,56,737,1293
2086,57,735,1294
2086,58,733,1295
2086,59,731,1296
2086,60,729,1297
2086,61,727,1298
2086,62,725,1299
2086,63,723,1300
2086,64,721,1301
2086,65,719,1302
2086,66,717,1303
2086,67,715,1304
2086,68,713,1305
2086,69,711,1306
2086,70,709,1307
2086,71,707,1308
2086,72,705,1309
2086,73,703,1310
2086,74,701,1311
2086,75,699,1312
2086,76,697,1313
2086,77,695,1314
2086,78,693,1315
2086,79,691,1316
2086,80,689,1317
2086,81,687,1318
2086,82,685,1319
2086,83,683,1320
2086,84,681,1321
2086,85,679,1322
2086,86,677,1323
2086,87,675,1324
2086,88,673,1325
2086,89,671,1326
2086,90,669,1327
2086,91,667,1328
2086,92,665,1329
2086,93,663,1330
2086,94,661,1331
2086,95,659,1332
2086,96,657,1333
2086,97,655,1334
2086,98,653,1335
2086,99,651,1336
2086,100,649,1337
2086,101,647,1338
2086,102,645,1339
2086,103,643,1340
2086,104,641,1341
2086,105,639,1342
2086,106,637,1343
2086,107,635,1344
2086,108,633,1345
2086,109,631,1346
2086,110,629,1347
2086,111,627,1348
2086,112,625,1349
2086,113,623,1350
2086,114,621,1351
2086,115,619,1352
2086,116,617,1353
2086,117,615,1354
2086,118,613,1355
2086,119,611,1356
2086,120,609,1357
2086,121,607,1358
2086,122,605,1359
2086,123,603,1360
2086,124,601,1361
2086,125,599,1362
2086,126,597,1363
2086,127,595,1364
2086,128,593,1365
2086,129,591,1366
2086,130,589,1367
2086,131,587,1368
2086,132,585,1369
2086,133,583,1370
2086,134,581,1371
2086,135,579,1372
2086,136,577,1373
2086,137,575,1374
2086,138,573,1375
2086,139,571,1376
2086,140,569,1377
2086,141,567,1378
2086,142,565,1379
2086,143,563,1380
2086,144,561,1381
2086,145,559,1382
2086,146,557,1383
2086,147,555,1384
2086,148,553,1385
2086,149,551,1386
2086,150,549,1387
2086,151,547,1388
2086,152,545,1389
2086,153,543,1390
2086,154,541,1391
2086,155,539,1392
2086,156,537,1393
2086,157,535,1394
2086,158,533,1395
2086,159,531,1396
2086,160,529,1397
2086,161,527,1398
2086,162,525,1399
2086,163,523,1400
2086,164,521,1401
2086,165,519,1402
2086,166,517,1403
2086,167,515,1404
2086,168,513,1405
2086,169,511,1406
2086,170,509,1407
2086,171,507,1408
2086,172,505,1409
2086,173,503,1410
2086,174,501,1411
2086,175,499,1412
2086,176,497,1413
2086,177,495,1414
2086,178,493,1415
2086,179,491,1416
2086,180,489,1417
2086,181,487,1418
2086,182,485,1419
2086,183,483,1420
2086,184,481,1421
2086,185,479,1422
2086,186,477,1423
2086,187,475,1424
2086,188,473,1425
2086,189,471,1426
2086,190,469,1427
2086,191,467,1428
2086,192,465,1429
2086,193,463,1430
2086,194,461,1431
2086,195,459,1432
2086,196,457,1433
2086,197,455,1434
2086,198,453,1435
2086,199,451,1436
2086,200,449,1437
2086,201,447,1438
2086,202,445,1439
2086,203,443,1440
2086,204,441,1441
2086,205,439,1442
2086,206,437,1443
2086,207,435,1444
2086,208,433,1445
2086,209,431,1446
2086,210,429,1447
2086,211,427,1448
2086,212,425,1449
2086,213,423,1450
2086,214,421,1451
2086,215,419,1452
2086,216,417,1453
2086,217,415,1454
2086,218,413,1455
2086,219,411,1456
2086,220,409,1457
2086,221,407,1458
2086,222,405,1459
2086,223,403,1460
2086,224,401,1461
2086,225,399,1462
2086,226,397,1463
2086,227,395,1464
2086,228,393,1465
2086,229,391,1466
2086,230,389,1467
2086,231,387,1468
2086,232,385,1469
2086,233,383,1470
2086,234,381,1471
2086,235,379,1472
2086,236,377,1473
2086,237,375,1474
2086,238,373,1475
2086,239,371,1476
2086,240,369,1477
2086,241,367,1478
2086,242,365,1479
2086,243,363,1480
2086,244,361,1481
2086,245,359,1482
2086,246,357,1483
2086,247,355,1484
2086,248,353,1485
2086,249,351,1486
2086,250,349,1487
2086,251,347,1488
2086,252,345,1489
2086,253,343,1490
2086,254,341,1491
2086,255,339,1492
2086,256,337,1493
2086,257,335,1494
2086,258,333,1495
2086,259,331,1496
2086,260,329,1497
2086,261,327,1498
2086,262,325,1499
2086,263,323,1500
2086,264,321,1501
2086,265,319,1502
2086,266,317,1503
2086,267,315,1504
2086,268,313,1505
2086,269,311,1506
2086,270,309,1507
2086,271,307,1508
2086,272,305,1509
2086,273,303,1510
2086,274,301,1511
2086,275,299,1512
2086,276,297,1513
2086,277,295,1514
2086,278,293,1515
2086,279,291,1516
2086,280,289,1517
2086,281,287,1518
2086,282,285,1519
2086,283,283,1520
2086,284,281,1521
2086,285,279,1522
2086,286,277,1523
2086,287,275,1524
2086,288,273,1525
2086,289,271,1526
2086,290,269,1527
2086,291,267,1528
2086,292,265,1529
2086,293,263,1530
2086,294,261,1531
2086,295,259,1532
2086,296,257,1533
2086,297,255,1534
2086,298,253,1535
2086,299,251,1536
2086,300,249,1537
2086,301,247,1538
2086,302,245,1539
2086,303,243,1540
2086,304,241,1541
2086,305,239,1542
2086,306,237,1543
2086,307,235,1544
2086,308,233,1545
2086,309,231,1546
2086,310,229,1547
2086,311,227,1548
2086,312,225,1549
2086,313,223,1550
2086,314,221,1551
2086,315,219,1552
2086,316,217,1553
2086,317,215,1554
2086,318,213,1555
2086,319,211,1556
2086,320,209,1557
2086,321,207,1558
2086,322,205,1559
2086,323,203,1560
2086,324,201,1561
2086,325,199,1562
2086,326,197,1563
2086,327,195,1564
2086,328,193,1565
2086,329,191,1566
2086,330,189,1567
2086,331,187,1568
2086,332,185,1569
2086,333,183,1570
2086,334,181,1571
2086,335,179,1572
2086,336,177,1573
2086,337,175,1574
2086,338,173,1575
2086,339,171,1576
2086,340,169,1577
2086,341,167,1578
2086,342,165,1579
2086,343,163,1580
2086,344,161,1581
2086,345,159,1582
2086,346,157,1583
2086,347,155,1584
2086,348,153,1585
2086,349,151,1586
2086,350,149,1587
2086,351,147,1588
2086,352,145,1589
2086,353,143,1590
2086,354,141,1591
2086,355,139,1592
2086,356,137,1593
2086,357,135,1594
2086,358,133,1595
2086,359,131,1596
2086,360,129,1597
2086,361,127,1598
2086,362,125,1599
2086,363,123,1600
2086,364,121,1601
2086,365,119,1602
2086,366,117,1603
2086,367,115,1604
2086,368,113,1605
2086,369,111,1606
2086,370,109,1607
2086,371,107,1608
2086,372,105,1609
2086,373,103,1610
2086,374,101,1611
2086,375,99,1612
2086,376,97,1613
2086,377,95,1614
2086,378,93,1615
2086,379,91,1616
2086,380,89,1617
2086,381,87,1618
2086,382,85,1619
2086,383,83,1620
2086,384,81,1621
2086,385,79,1622
2086,386,77,1623
2086,387,75,1624
2086,388,73,1625
2086,389,71,1626
2086,390,69,1627
2086,391,67,1628
2086,392,65,1629
2086,393,63,1630
2086,394,61,1631
2086,395,59,1632
2086,396,57,1633
2086,397,55,1634
2086,398,53,1635
2086,399,51,1636
2086,400,49,1637
2086,401,47,1638
2086,402,45,1639
2086,403,43,1640
2086,404,41,1641
2086,405,39,1642
2086,406,37,1643
2086,407,35,1644
2086,408,33,1645
2086,409,31,1646
2086,410,29,1647
2086,411,27,1648
2086,412,25,1649
2086,413,23,1650
2086,414,21,1651
2086,415,19,1652
2086,416,17,1653
2086,417,15,1654
2086,418,13,1655
2086,419,11,1656
2086,420,9,1657
2086,421,7,1658
2086,422,5,1659
2086,423,3,1660
2086,424,1,1661
2087,0,865,1222
2087,1,863,1223
2087,2,861,1224
2087,3,859,1225
2087,4,857,1226
2087,5,855,1227
2087,6,853,1228
2087,7,851,1229
2087,8,849,1230
2087,9,847,1231
2087,10,845,1232
2087,11,843,1233
2087,12,841,1234
2087,13,839,1235
2087,14,837,1236
2087,15,835,1237
2087,16,833,1238
2087,17,831,1239
2087,18,829,1240
2087,19,827,1241
2087,20,825,1242
2087,21,823,1243
2087,22,821,1244
2087,23,819,1245
2087,24,817,1246
2087,25,815,1247
2087,26,813,1248
2087,27,811,1249
2087,28,809,1250
2087,29,807,1251
2087,30,805,1252
2087,31,803,1253
2087,32,801,1254
2087,33,799,1255
2087,34,797,1256
2087,35,795,1257
2087,36,793,1258
2087,37,791,1259
2087,38,789,1260
2087,39,787,1261
2087,40,785,1262
2087,41,783,1263
2087,42,781,1264
2087,43,779,1265
2087,44,777,1266
2087,45,775,1267
2087,46,773,1268
2087,47,771,1269
2087,48,769,1270
2087,49,767,1271
2087,50,765,1272
2087,51,763,1273
2087,52,761,1274
2087,53,759,1275
2087,54,757,1276
2087,55,755,1277
2087,56,753,1278
2087,57,751,1279
2087,58,749,1280
2087,59,747,1281
2087,60,745,1282
2087,61,743,1283
2087,62,741,1284
2087,63,739,1285
2087,64,737,1286
2087,65,735,1287
2087,66,733,1288
2087,67,731,1289
2087,68,729,1290
2087,69,727,1291
2087,70,725,1292
2087,71,723,1293
2087,72,721,1294
2087,73,719,1295
2087,74,717,1296
2087,75,715,1297
2087,76,713,1298
2087,77,711,1299
2087,78,709,1300
2087,79,707,1301
2087,80,705,1302
2087,81,703,1303
2087,82,701,1304
2087,83,699,1305
2087,84,697,1306
2087,85,695,1307
2087,86,693,1308
2087,87,691,1309
2087,88,689,1310
2087,89,687,1311
2087,90,685,1312
2087,91,683,1313
2087,92,681,1314
2087,93,679,1315
2087,94,677,1316
2087,95,675,1317
2087,96,673,1318
2087,97,671,1319
2087,98,669,1320
2087,99,667,1321
2087,100,665,1322
2087,101,663,1323
2087,102,661,1324
2087,103,659,1325
2087,104,657,1326
2087,105,655,1327
2087,106,653,1328
2087,107,651,1329
2087,108,649,1330
2087,109,647,1331
2087,110,645,1332
2087,111,643,1333
2087,112,641,1334
2087,113,639,1335
2087,114,637,1336
2087,115,635,1337
2087,116,633,1338
2087,117,631,1339
2087,118,629,1340
2087,119,627,1341
2087,120,625,1342
2087,121,623,1343
2087,122,621,1344
2087,123,619,1345
2087,124,617,1346
2087,125,615,1347
2087,126,613,1348
2087,127,611,1349
2087,128,609,1350
2087,129,607,1351
2087,130,605,1352
2087,131,603,1353
2087,132,601,1354
2087,133,599,1355
2087,134,597,1356
2087,135,595,1357
2087,136,593,1358
2087,137,591,1359
2087,138,589,1360
2087,139,587,1361
2087,140,585,1362
2087,141,583,1363
2087,142,581,1364
2087,143,579,1365
2087,144,577,1366
2087,145,575,1367
2087,146,573,1368
2087,147,571,1369
2087,148,569,1370
2087,149,567,1371
2087,150,565,1372
2087,151,563,1373
2087,152,561,1374
2087,153,559,1375
2087,154,557,1376
2087,155,555,1377
2087,156,553,1378
2087,157,551,1379
2087,158,549,1380
2087,159,547,1381
2087,160,545,1382
2087,161,543,1383
2087,162,541,1384
2087,163,539,1385
2087,164,537,1386
2087,165,535,1387
2087,166,533,1388
2087,167,531,1389
2087,168,529,1390
2087,169,527,1391
2087,170,525,1392
2087,171,523,1393
2087,172,521,1394
2087,173,519,1395
2087,174,517,1396
2087,175,515,1397
2087,176,513,1398
2087,177,511,1399
2087,178,509,1400
2087,179,507,1401
2087,180,505,1402
2087,181,503,1403
2087,182,501,1404
2087,183,499,1405
2087,184,497,1406
2087,185,495,1407
2087,186,493,1408
2087,187,491,1409
2087,188,489,1410
2087,189,487,1411
2087,190,485,1412
2087,191,483,1413
2087,192,481,1414
2087,193,479,1415
2087,194,477,1416
2087,195,475,1417
2087,196,473,1418
2087,197,471,1419
2087,198,469,1420
2087,199,467,1421
2087,200,465,1422
2087,201,463,1423
2087,202,461,1424
2087,203,459,1425
2087,204,457,1426
2087,205,455,1427
2087,206,453,1428
2087,207,451,1429
2087,208,449,1430
2087,209,447,1431
2087,210,445,1432
2087,211,443,1433
2087,212,441,1434
2087,213,439,1435
2087,214,437,1436
2087,215,435,1437
2087,216,433,1438
2087,217,431,1439
2087,218,429,1440
2087,219,427,1441
2087,220,425,1442
2087,221,423,1443
2087,222,421,1444
2087,223,419,1445
2087,224,417,1446
2087,225,415,1447
2087,226,413,1448
2087,227,411,1449
2087,228,409,1450
2087,229,407,1451
2087,230,405,1452
2087,231,403,1453
2087,232,401,1454
2087,233,399,1455
2087,234,397,1456
2087,235,395,1457
2087,236,393,1458
2087,237,391,1459
2087,238,389,1460
2087,239,387,1461
2087,240,385,1462
2087,241,383,1463
2087,242,381,1464
2087,243,379,1465
2087,244,377,1466
2087,245,375,1467
2087,246,373,1468
2087,247,371,1469
2087,248,369,1470
2087,249,367,1471
2087,250,365,1472
2087,251,363,1473
2087,252,361,1474
2087,253,359,1475
2087,254,357,1476
2087,255,355,1477
2087,256,353,1478
2087,257,351,1479
2087,258,349,1480
2087,259,347,1481
2087,260,345,1482
2087,261,343,1483
2087,262,341,1484
2087,263,339,1485
2087,264,337,1486
2087,265,335,1487
2087,266,333,1488
2087,267,331,1489
2087,268,329,1490
2087,269,327,1491
2087,270,325,1492
2087,271,323,1493
2087,272,321,1494
2087,273,319,1495
2087,274,317,1496
2087,275,315,1497
2087,276,313,1498
2087,277,311,1499
2087,278,309,1500
2087,279,307,1501
2087,280,305,1502
2087,281,303,1503
2087,282,301,1504
2087,283,299,1505
2087,284,297,1506
2087,285,295,1507
2087,286,293,1508
2087,287,291,1509
2087,288,289,1510
2087,289,287,1511
2087,290,285,1512
2087,291,283,1513
2087,292,281,1514
2087,293,279,1515
2087,294,277,1516
2087,295,275,1517
2087,296,273,1518
2087,297,271,1519
2087,298,269,1520
2087,299,267,1521
2087,300,265,1522
2087,301,263,1523
2087,302,261,1524
2087,303,259,1525
2087,304,257,1526
2087,305,255,1527
2087,306,253,1528
2087,307,251,1529
2087,308,249,1530
2087,309,247,1531
2087,310,245,1532
2087,311,243,1533
2087,312,241,1534
2087,313,239,1535
2087,314,237,1536
2087,315,235,1537
2087,316,233,1538
2087,317,231,1539
2087,318,229,1540
2087,319,227,1541
2087,320,225,1542
2087,321,223,1543
2087,322,221,1544
2087,323,219,1545
2087,324,217,1546
2087,325,215,1547
2087,326,213,1548
2087,327,211,1549
2087,328,209,1550
2087,329,207,1551
2087,330,205,1552
2087,331,203,1553
2087,332,201,1554
2087,333,199,1555
2087,334,197,1556
2087,335,195,1557
2087,336,193,1558
2087,337,191,1559
2087,338,189,1560
2087,339,187,1561
2087,340,185,1562
2087,341,183,1563
2087,342,181,1564
2087,343,179,1565
2087,344,177,1566
2087,345,175,1567
2087,346,173,1568
2087,347,171,1569
2087,348,169,1570
2087,349,167,1571
2087,350,165,1572
2087,351,163,1573
2087,352,161,1574
2087,353,159,1575
2087,354,157,1576
2087,355,155,1577
2087,356,153,1578
2087,357,151,1579
2087,358,149,1580
2087,359,147,1581
2087,360,145,1582
2087,361,143,1583
2087,362,141,1584
2087,363,139,1585
2087,364,137,1586
2087,365,135,1587
2087,366,133,1588
2087,367,131,1589
2087,368,129,1590
2087,369,127,1591
2087,370,125,1592
2087,371,123,1593
2087,372,121,1594
2087,373,119,1595
2087,374,117,1596
2087,375,115,1597
2087,376,113,1598
2087,377,111,1599
2087,378,109,1600
2087,379,107,1601
2087,380,105,1602
2087,381,103,1603
2087,382,101,1604
2087,383,99,1605
2087,384,97,1606
2087,385,95,1607
2087,386,93,1608
2087,387,91,1609
2087,388,89,1610
2087,389,87,1611
2087,390,85,1612
2087,391,83,1613
2087,392,81,1614
2087,393,79,1615
2087,394,77,1616
2087,395,75,1617
2087,396,73,1618
2087,397,71,1619
2087,398,69,1620
2087,399,67,1621
2087,400,65,1622
2087,401,63,1623
2087,402,61,1624
2087,403,59,1625
2087,404,57,1626
2087,405,55,1627
2087,406,53,1628
2087,407,51,1629
2087,408,49,1630
2087,409,47,1631
2087,410,45,1632
2087,411,43,1633
2087,412,41,1634
2087,413,39,1635
2087,414,37,1636
2087,415,35,1637
2087,416,33,1638
2087,417,31,1639
2087,418,29,1640
2087,419,27,1641
2087,420,25,1642
2087,421,23,1643
2087,422,21,1644
2087,423,19,1645
2087,424,17,1646
2087,425,15,1647
2087,426,13,1648
2087,427,11,1649
2087,428,9,1650
2087,429,7,1651
2087,430,5,1652
2087,431,3,1653
2087,432,1,1654
2088,0,881,1207
2088,1,879,1208
2088,2,877,1209
2088,3,875,1210
2088,4,873,1211
2088,5,871,1212
2088,6,869,1213
2088,7,867,1214
2088,8,865,1215
2088,9,863,1216
2088,10,861,1217
2088,11,859,1218
2088,12,857,1219
2088,13,855,1220
2088,14,853,1221
2088,15,851,1222
2088,16,849,1223
2088,17,847,1224
2088,18,845,1225
2088,19,843,1226
2088,20,841,1227
2088,21,839,1228
2088,22,837,1229
2088,23,835,1230
2088,24,833,1231
2088,25,831,1232
2088,26,829,1233
2088,27,827,1234
2088,28,825,1235
2088,29,823,1236
2088,30,821,1237
2088,31,819,1238
2088,32,817,1239
2088,33,815,1240
2088,34,813,1241
2088,35,811,1242
2088,36,809,1243
2088,37,807,1244
2088,38,805,1245
2088,39,803,1246
2088,40,801,1247
2088,41,799,1248
2088,42,797,1249
2088,43,795,1250
2088,44,793,1251
2088,45,791,1252
2088,46,789,1253
2088,47,787,1254
2088,48,785,1255
2088,49,783,1256
2088,50,781,1257
2088,51,779,1258
2088,52,777,1259
2088,53,775,1260
2088,54,773,1261
2088,55,771,1262
2088,56,769,1263
2088,57,767,1264
2088,58,765,1265
2088,59,763,1266
2088,60,761,1267
2088,61,759,1268
2088,62,757,1269
2088,63,755,1270
2088,64,753,1271
2088,65,751,1272
2088,66,749,1273
2088,67,747,1274
2088,68,745,1275
2088,69,743,1276
2088,70,741,1277
2088,71,739,1278
2088,72,737,1279
2088,73,735,1280
2088,74,733,1281
2088,75,731,1282
2088,76,729,1283
2088,77,727,1284
2088,78,725,1285
2088,79,723,1286
2088,80,721,1287
2088,81,719,1288
2088,82,717,1289
2088,83,715,1290
2088,84,713,1291
2088,85,711,1292
2088,86,709,1293
2088,87,707,1294
2088,88,705,1295
2088,89,703,1296
2088,90,701,1297
2088,91,699,1298
2088,92,697,1299
2088,93,695,1300
2088,94,693,1301
2088,95,691,1302
2088,96,689,1303
2088,97,687,1304
2088,98,685,1305
2088,99,683,1306
2088,100,681,1307
2088,101,679,1308
2088,102,677,1309
2088,103,675,1310
2088,104,673,1311
2088,105,671,1312
2088,106,669,1313
2088,107,667,1314
2088,108,665,1315
2088,109,663,1316
2088,110,661,1317
2088,111,659,1318
2088,112,657,1319
2088,113,655,1320
2088,114,653,1321
2088,115,651,1322
2088,116,649,1323
2088,117,647,1324
2088,118,645,1325
2088,119,643,1326
2088,120,641,1327
2088,121,639,1328
2088,122,637,1329
2088,123,635,1330
2088,124,633,1331
2088,125,631,1332
2088,126,629,1333
2088,127,627,1334
2088,128,625,1335
2088,129,623,1336
2088,130,621,1337
2088,131,619,1338
2088,132,617,1339
2088,133,615,1340
2088,134,613,1341
2088,135,611,1342
2088,136,609,1343
2088,137,607,1344
2088,138,605,1345
2088,139,603,1346
2088,140,601,1347
2088,141,599,1348
2088,142,597,1349
2088,143,595,1350
2088,144,593,1351
2088,145,591,1352
2088,146,589,1353
2088,147,587,1354
2088,148,585,1355
2088,149,583,1356
2088,150,581,1357
2088,151,579,1358
2088,152,577,1359
2088,153,575,1360
2088,154,573,1361
2088,155,571,1362
2088,156,569,1363
2088,157,567,1364
2088,158,565,1365
2088,159,563,1366
2088,160,561,1367
2088,161,559,1368
2088,162,557,1369
2088,163,555,1370
2088,164,553,1371
2088,165,551,1372
2088,166,549,1373
2088,167,547,1374
2088,168,545,1375
2088,169,543,1376
2088,170,541,1377
2088,171,539,1378
2088,172,537,1379
2088,173,535,1380
2088,174,533,1381
2088,175,531,1382
2088,176,529,1383
2088,177,527,1384
2088,178,525,1385
2088,179,523,1386
2088,180,521,1387
2088,181,519,1388
2088,182,517,1389
2088,183,515,1390
2088,184,513,1391
2088,185,511,1392
2088,186,509,1393
2088,187,507,1394
2088,188,505,1395
2088,189,503,1396
2088,190,501,1397
2088,191,499,1398
2088,192,497,1399
2088,193,495,1400
2088,194,493,1401
2088,195,491,1402
2088,196,489,1403
2088,197,487,1404
2088,198,485,1405
2088,199,483,1406
2088,200,481,1407
2088,201,479,1408
2088,202,477,1409
2088,203,475,1410
2088,204,473,1411
2088,205,471,1412
2088,206,469,1413
2088,207,467,1414
2088,208,465,1415
2088,209,463,1416
2088,210,461,1417
2088,211,459,1418
2088,212,457,1419
2088,213,455,1420
2088,214,453,1421
2088,215,451,1422
2088,216,449,1423
2088,217,447,1424
2088,218,445,1425
2088,219,443,1426
2088,220,441,1427
2088,221,439,1428
2088,222,437,1429
2088,223,435,1430
2088,224,433,1431
2088,225,431,1432
2088,226,429,1433
2088,227,427,1434
2088,228,425,1435
2088,229,423,1436
2088,230,421,1437
2088,231,419,1438
2088,232,417,1439
2088,233,415,1440
2088,234,413,1441
2088,235,411,1442
2088,236,409,1443
2088,237,407,1444
2088,238,405,1445
2088,239,403,1446
2088,240,401,1447
2088,241,399,1448
2088,242,397,1449
2088,243,395,1450
2088,244,393,1451
2088,245,391,1452
2088,246,389,1453
2088,247,387,1454
2088,248,385,1455
2088,249,383,1456
2088,250,381,1457
2088,251,379,1458
2088,252,377,1459
2088,253,375,1460
2088,254,373,1461
2088,255,371,1462
2088,256,369,1463
2088,257,367,1464
2088,258,365,1465
2088,259,363,1466
2088,260,361,1467
2088,261,359,1468
2088,262,357,1469
2088,263,355,1470
2088,264,353,1471
2088,265,351,1472
2088,266,349,1473
2088,267,347,1474
2088,268,345,1475
2088,269,343,1476
2088,270,341,1477
2088,271,339,1478
2088,272,337,1479
2088,273,335,1480
2088,274,333,1481
2088,275,331,1482
2088,276,329,1483
2088,277,327,1484
2088,278,325,1485
2088,279,323,1486
2088,280,321,1487
2088,281,319,1488
2088,282,317,1489
2088,283,315,1490
2088,284,313,1491
2088,285,311,1492
2088,286,309,1493
2088,287,307,1494
2088,288,305,1495
2088,289,303,1496
2088,290,301,1497
2088,291,299,1498
2088,292,297,1499
2088,293,295,1500
2088,294,293,1501
2088,295,291,1502
2088,296,289,1503
2088,297,287,1504
2088,298,285,1505
2088,299,283,1506
2088,300,281,1507
2088,301,279,1508
2088,302,277,1509
2088,303,275,1510
2088,304,273,1511
2088,305,271,1512
2088,306,269,1513
2088,307,267,1514
2088,308,265,1515
2088,309,263,1516
2088,310,261,1517
2088,311,259,1518
2088,312,257,1519
2088,313,255,1520
2088,314,253,1521
2088,315,251,1522
2088,316,249,1523
2088,317,247,1524
2088,318,245,1525
2088,319,243,1526
2088,320,241,1527
2088,321,239,1528
2088,322,237,1529
2088,323,235,1530
2088,324,233,1531
2088,325,231,1532
2088,326,229,1533
2088,327,227,1534
2088,328,225,1535
2088,329,223,1536
2088,330,221,1537
2088,331,219,1538
2088,332,217,1539
2088,333,215,1540
2088,334,213,1541
2088,335,211,1542
2088,336,209,1543
2088,337,207,1544
2088,338,205,1545
2088,339,203,1546
2088,340,201,1547
2088,341,199,1548
2088,342,197,1549
2088,343,195,1550
2088,344,193,1551
2088,345,191,1552
2088,346,189,1553
2088,347,187,1554
2088,348,185,1555
2088,349,183,1556
2088,350,181,1557
2088,351,179,1558
2088,352,177,1559
2088,353,175,1560
2088,354,173,1561
2088,355,171,1562
2088,356,169,1563
2088,357,167,1564
2088,358,165,1565
2088,359,163,1566
2088,360,161,1567
2088,361,159,1568
2088,362,157,1569
2088,363,155,1570
2088,364,153,1571
2088,365,151,1572
2088,366,149,1573
2088,367,147,1574
2088,368,145,1575
2088,369,143,1576
2088,370,141,1577
2088,371,139,1578
2088,372,137,1579
2088,373,135,1580
2088,374,133,1581
2088,375,131,1582
2088,376,129,1583
2088,377,127,1584
2088,378,125,1585
2088,379,123,1586
2088,380,121,1587
2088,381,119,1588
2088,382,117,1589
2088,383,115,1590
2088,384,113,1591
2088,385,111,1592
2088,386,109,1593
2088,387,107,1594
2088,388,105,1595
2088,389,103,1596
2088,390,101,1597
2088,391,99,1598
2088,392,97,1599
2088,393,95,1600
2088,394,93,1601
2088,395,91,1602
2088,396,89,1603
2088,397,87,1604
2088,398,85,1605
2088,399,83,1606
2088,400,81,1607
2088,401,79,1608
2088,402,77,1609
2088,403,75,1610
2088,404,73,1611
2088,405,71,1612
2088,406,69,1613
2088,407,67,1614
2088,408,65,1615
2088,409,63,1616
2088,410,61,1617
2088,411,59,1618
2088,412,57,1619
2088,413,55,1620
2088,414,53,1621
2088,415,51,1622
2088,416,49,1623
2088,417,47,1624
2088,418,45,1625
2088,419,43,1626
2088,420,41,1627
2088,421,39,1628
2088,422,37,1629
2088,423,35,1630
2088,424,33,1631
2088,425,31,1632
2088,426,29,1633
2088,427,27,1634
2088,428,25,1635
2088,429,23,1636
2088,430,21,1637
2088,431,19,1638
2088,432,17,1639
2088,433,15,1640
2088,434,13,1641
2088,435,11,1642
2089,0,897,1192
2089,1,895,1193
2089,2,893,1194
2089,3,891,1195
2089,4,889,1196
2089,5,887,1197
2089,6,885,1198
2089,7,883,1199
2089,8,881,1200
2089,9,879,1201
2089,10,877,1202
2089,11,875,1203
2089,12,873,1204
2089,13,871,1205
2089,14,869,1206
2089,15,867,1207
2089,16,865,1208
2089,17,863,1209
2089,18,861,1210
2089,19,859,1211
2089,20,857,1212
2089,21,855,1213
2089,22,853,1214
2089,23,851,1215
2089,24,849,1216
2089,25,847,1217
2089,26,845,1218
2089,27,843,1219
2089,28,841,1220
2089,29,839,1221
2089,30,837,1222
2089,31,835,1223
2089,32,833,1224
2089,33,831,1225
2089,34,829,1226
2089,35,827,1227
2089,36,825,1228
2089,37,823,1229
2089,38,821,1230
2089,39,819,1231
2089,40,817,1232
2089,41,815,1233
2089,42,813,1234
2089,43,811,1235
2089,44,809,1236
2089,45,807,1237
2089,46,805,1238
2089,47,803,1239
2089,48,801,1240
2089,49,799,1241
2089,50,797,1242
2089,51,795,1243
2089,52,793,1244
2089,53,791,1245
2089,54,789,1246
2089,55,787,1247
2089,56,785,1248
2089,57,783,1249
2089,58,781,1250
2089,59,779,1251
2089,60,777,1252
2089,61,775,1253
2089,62,773,1254
2089,63,771,1255
2089,64,769,1256
2089,65,767,1257
2089,66,765,1258
2089,67,763,1259
2089,68,761,1260
2089,69,759,1261
2089,70,757,1262
2089,71,755,1263
2089,72,753,1264
2089,73,751,1265
2089,74,749,1266
2089,75,747,1267
2089,76,745,1268
2089,77,743,1269
2089,78,741,1270
2089,79,739,1271
2089,80,737,1272
2089,81,735,1273
2089,82,733,1274
2089,83,731,1275
2089,84,729,1276
2089,85,727,1277
2089,86,725,1278
2089,87,723,1279
2089,88,721,1280
2089,89,719,1281
2089,90,717,1282
2089,91,715,1283
2089,92,713,1284
2089,93,711,1285
2089,94,709,1286
2089,95,707,1287
2089,96,705,1288
2089,97,703,1289
2089,98,701,1290
2089,99,699,1291
2089,100,697,1292
2089,101,695,1293
2089,102,693,1294
2089,103,691,1295
2089,104,689,1296
2089,105,687,1297
2089,106,685,1298
2089,107,683,1299
2089,108,681,1300
2089,109,679,1301
2089,110,677,1302
2089,111,675,1303
2089,112,673,1304
2089,113,671,1305
2089,114,669,1306
2089,115,667,1307
2089,116,665,1308
2089,117,663,1309
2089,118,661,1310
2089,119,659,1311
2089,120,657,1312
2089,121,655,1313
2089,122,653,1314
2089,123,651,1315
2089,124,649,1316
2089,125,647,1317
2089,126,645,1318
2089,127,643,1319
2089,128,641,1320
2089,129,639,1321
2089,130,637,1322
2089,131,635,1323
2089,132,633,1324
2089,133,631,1325
2089,134,629,1326
2089,135,627,1327
2089,136,625,1328
2089,137,623,1329
2089,138,621,1330
2089,139,619,1331
2089,140,617,1332
2089,141,615,1333
2089,142,613,1334
2089,143,611,1335
2089,144,609,1336
2089,145,607,1337
2089,146,605,1338
2089,147,603,1339
2089,148,601,1340
2089,149,599,1341
2089,150,597,1342
2089,151,595,1343
2089,152,593,1344
2089,153,591,1345
2089,154,589,1346
2089,155,587,1347
2089,156,585,1348
2089,157,583,1349
2089,158,581,1350
2089,159,579,1351
2089,160,577,1352
2089,161,575,1353
2089,162,573,1354
2089,163,571,1355
2089,164,569,1356
2089,165,567,1357
2089,166,565,1358
2089,167,563,1359
2089,168,561,1360
2089,169,559,1361
2089,170,557,1362
2089,171,555,1363
2089,172,553,1364
2089,173,551,1365
2089,174,549,1366
2089,175,547,1367
2089,176,545,1368
2089,177,543,1369
2089,178,541,1370
2089,179,539,1371
2089,180,537,1372
2089,181,535,1373
2089,182,533,1374
2089,183,531,1375
2089,184,529,1376
2089,185,527,1377
2089,186,525,1378
2089,187,523,1379
2089,188,521,1380
2089,189,519,1381
2089,190,517,1382
2089,191,515,1383
2089,192,513,1384
2089,193,511,1385
2089,194,509,1386
2089,195,507,1387
2089,196,505,1388
2089,197,503,1389
2089,198,501,1390
2089,199,499,1391
2089,200,497,1392
2089,201,495,1393
2089,202,493,1394
2089,203,491,1395
2089,204,489,1396
2089,205,487,1397
2089,206,485,1398
2089,207,483,1399
2089,208,481,1400
2089,209,479,1401
2089,210,477,1402
2089,211,475,1403
2089,212,473,1404
2089,213,471,1405
2089,214,469,1406
2089,215,467,1407
2089,216,465,1408
2089,217,463,1409
2089,218,461,1410
2089,219,459,1411
2089,220,457,1412
2089,221,455,1413
2089,222,453,1414
2089,223,451,1415
2089,224,449,1416
2089,225,447,1417
2089,226,445,1418
2089,227,443,1419
2089,228,441,1420
2089,229,439,1421
2089,230,437,1422
2089,231,435,1423
2089,232,433,1424
2089,233,431,1425
2089,234,429,1426
2089,235,427,1427
2089,236,425,1428
2089,237,423,1429
2089,238,421,1430
2089,239,419,1431
2089,240,417,1432
2089,241,415,1433
2089,242,413,1434
2089,243,411,1435
2089,244,409,1436
2089,245,407,1437
2089,246,405,1438
2089,247,403,1439
2089,248,401,1440
2089,249,399,1441
2089,250,397,1442
2089,251,395,1443
2089,252,393,1444
2089,253,391,1445
2089,254,389,1446
2089,255,387,1447
2089,256,385,1448
2089,257,383,1449
2089,258,381,1450
2089,259,379,1451
2089,260,377,1452
2089,261,375,1453
2089,262,373,1454
2089,263,371,1455
2089,264,369,1456
2089,265,367,1457
2089,266,365,1458
2089,267,363,1459
2089,268,361,1460
2089,269,359,1461
2089,270,357,1462
2089,271,355,1463
2089,272,353,1464
2089,273,351,1465
2089,274,349,1466
2089,275,347,1467
2089,276,345,1468
2089,277,343,1469
2089,278,341,1470
2089,279,339,1471
2089,280,337,1472
2089,281,335,1473
2089,282,333,1474
2089,283,331,1475
2089,284,329,1476
2089,285,327,1477
2089,286,325,1478
2089,287,323,1479
2089,288,321,1480
2089,289,319,1481
2089,290,317,1482
2089,291,315,1483
2089,292,313,1484
2089,293,311,1485
2089,294,309,1486
2089,295,307,1487
2089,296,305,1488
2089,297,303,1489
2089,298,301,1490
2089,299,299,1491
2089,300,297,1492
2089,301,295,1493
2089,302,293,1494
2089,303,291,1495
2089,304,289,1496
2089,305,287,1497
2089,306,285,1498
2089,307,283,1499
2089,308,281,1500
2089,309,279,1501
2089,310,277,1502
2089,311,275,1503
2089,312,273,1504
2089,313,271,1505
2089,314,269,1506
2089,315,267,1507
2089,316,265,1508
2089,317,263,1509
2089,318,261,1510
2089,319,259,1511
2089,320,257,1512
2089,321,255,1513
2089,322,253,1514
2089,323,251,1515
2089,324,249,1516
2089,325,247,1517
2089,326,245,1518
2089,327,243,1519
2089,328,241,1520
2089,329,239,1521
2089,330,237,1522
2089,331,235,1523
2089,332,233,1524
2089,333,231,1525
2089,334,229,1526
2089,335,227,1527
2089,336,225,1528
2089,337,223,1529
2089,338,221,1530
2089,339,219,1531
2089,340,217,1532
2089,341,215,1533
2089,342,213,1534
2089,343,211,1535
2089,344,209,1536
2089,345,207,1537
2089,346,205,1538
2089,347,203,1539
2089,348,201,1540
2089,349,199,1541
2089,350,197,1542
2089,351,195,1543
2089,352,193,1544
2089,353,191,1545
2089,354,189,1546
2089,355,187,1547
2089,356,185,1548
2089,357,183,1549
2089,358,181,1550
2089,359,179,1551
2089,360,177,1552
2089,361,175,1553
2089,362,173,1554
2089,363,171,1555
2089,364,169,1556
2089,365,167,1557
2089,366,165,1558
2089,367,163,1559
2089,368,161,1560
2089,369,159,1561
2089,370,157,1562
2089,371,155,1563
2089,372,153,1564
2089,373,151,1565
2089,374,149,1566
2089,375,147,1567
2089,376,145,1568
2089,377,143,1569
2089,378,141,1570
2089,379,139,1571
2089,380,137,1572
2089,381,135,1573
2089,382,133,1574
2089,383,131,1575
2089,384,129,1576
2089,385,127,1577
2089,386,125,1578
2089,387,123,1579
2089,388,121,1580
2089,389,119,1581
2089,390,117,1582
2089,391,115,1583
2089,392,113,1584
2089,393,111,1585
2089,394,109,1586
2089,395,107,1587
2089,396,105,1588
2089,397,103,1589
2089,398,101,1590
2089,399,99,1591
2089,400,97,1592
2089,401,95,1593
2089,402,93,1594
2089,403,91,1595
2089,404,89,1596
2089,405,87,1597
2089,406,85,1598
2089,407,83,1599
2089,408,81,1600
2089,409,79,1601
2089,410,77,1602
2089,411,75,1603
2089,412,73,1604
2089,413,71,1605
2089,414,69,1606
2089,415,67,1607
2089,416,65,1608
2089,417,63,1609
2089,418,61,1610
2089,419,59,1611
2089,420,57,1612
2089,421,55,1613
2089,422,53,1614
2089,423,51,1615
2089,424,49,1616
2089,425,47,1617
2089,426,45,1618
2089,427,43,1619
2089,428,41,1620
2089,429,39,1621
2089,430,37,1622
2089,431,35,1623
2089,432,33,1624
2089,433,31,1625
2089,434,29,1626
2089,435,27,1627
2090,0,913,1177
2090,1,911,1178
2090,2,909,1179
2090,3,907,1180
2090,4,905,1181
2090,5,903,1182
2090,6,901,1183
2090,7,899,1184
2090,8,897,1185
2090,9,895,1186
2090,10,893,1187
2090,11,891,1188
2090,12,889,1189
2090,13,887,1190
2090,14,885,1191
2090,15,883,1192
2090,16,881,1193
2090,17,879,1194
2090,18,877,1195
2090,19,875,1196
2090,20,873,1197
2090,21,871,1198
2090,22,869,1199
2090,23,867,1200
2090,24,865,1201
2090,25,863,1202
2090,26,861,1203
2090,27,859,1204
2090,28,857,1205
2090,29,855,1206
2090,30,853,1207
2090,31,851,1208
2090,32,849,1209
2090,33,847,1210
2090,34,845,1211
2090,35,843,1212
2090,36,841,1213
2090,37,839,1214
2090,38,837,1215
2090,39,835,1216
2090,40,833,1217
2090,41,831,1218
2090,42,829,1219
2090,43,827,1220
2090,44,825,1221
2090,45,823,1222
2090,46,821,1223
2090,47,819,1224
2090,48,817,1225
2090,49,815,1226
2090,50,813,1227
2090,51,811,1228
2090,52,809,1229
2090,53,807,1230
2090,54,805,1231
2090,55,803,1232
2090,56,801,1233
2090,57,799,1234
2090,58,797,1235
2090,59,795,1236
2090,60,793,1237
2090,61,791,1238
2090,62,789,1239
2090,63,787,1240
2090,64,785,1241
2090,65,783,1242
2090,66,781,1243
2090,67,779,1244
2090,68,777,1245
2090,69,775,1246
2090,70,773,1247
2090,71,771,1248
2090,72,769,1249
2090,73,767,1250
2090,74,765,1251
2090,75,763,1252
2090,76,761,1253
2090,77,759,1254
2090,78,757,1255
2090,79,755,1256
2090,80,753,1257
2090,81,751,1258
2090,82,749,1259
2090,83,747,1260
2090,84,745,1261
2090,85,743,1262
2090,86,741,1263
2090,87,739,1264
2090,88,737,1265
2090,89,735,1266
2090,90,733,1267
2090,91,731,1268
2090,92,729,1269
2090,93,727,1270
2090,94,725,1271
2090,95,723,1272
2090,96,721,1273
2090,97,719,1274
2090,98,717,1275
2090,99,715,1276
2090,100,713,1277
2090,101,711,1278
2090,102,709,1279
2090,103,707,1280
2090,104,705,1281
2090,105,703,1282
2090,106,701,1283
2090,107,699,1284
2090,108,697,1285
2090,109,695,1286
2090,110,693,1287
2090,111,691,1288
2090,112,689,1289
2090,113,687,1290
2090,114,685,1291
2090,115,683,1292
2090,116,681,1293
2090,117,679,1294
2090,118,677,1295
2090,119,675,1296
2090,120,673,1297
2090,121,671,1298
2090,122,669,1299
2090,123,667,1300
2090,124,665,1301
2090,125,663,1302
2090,126,661,1303
2090,127,659,1304
2090,128,657,1305
2090,129,655,1306
2090,130,653,1307
2090,131,651,1308
2090,132,649,1309
2090,133,647,1310
2090,134,645,1311
2090,135,643,1312
2090,136,641,1313
2090,137,639,1314
2090,138,637,1315
2090,139,635,1316
2090,140,633,1317
2090,141,631,1318
2090,142,629,1319
2090,143,627,1320
2090,144,625,1321
2090,145,623,1322
2090,146,621,1323
2090,147,619,1324
2090,148,617,1325
2090,149,615,1326
2090,150,613,1327
2090,151,611,1328
2090,152,609,1329
2090,153,607,1330
2090,154,605,1331
2090,155,603,1332
2090,156,601,1333
2090,157,599,1334
2090,158,597,1335
2090,159,595,1336
2090,160,593,1337
2090,161,591,1338
2090,162,589,1339
2090,163,587,1340
2090,164,585,1341
2090,165,583,1342
2090,166,581,1343
2090,167,579,1344
2090,168,577,1345
2090,169,575,1346
2090,170,573,1347
2090,171,571,1348
2090,172,569,1349
2090,173,567,1350
2090,174,565,1351
2090,175,563,1352
2090,176,561,1353
2090,177,559,1354
2090,178,557,1355
2090,179,555,1356
2090,180,553,1357
2090,181,551,1358
2090,182,549,1359
2090,183,547,1360
2090,184,545,1361
2090,185,543,1362
2090,186,541,1363
2090,187,539,1364
2090,188,537,1365
2090,189,535,1366
2090,190,533,1367
2090,191,531,1368
2090,192,529,1369
2090,193,527,1370
2090,194,525,1371
2090,195,523,1372
2090,196,521,1373
2090,197,519,1374
2090,198,517,1375
2090,199,515,1376
2090,200,513,1377
2090,201,511,1378
2090,202,509,1379
2090,203,507,1380
2090,204,505,1381
2090,205,503,1382
2090,206,501,1383
2090,207,499,1384
2090,208,497,1385
2090,209,495,1386
2090,210,493,1387
2090,211,491,1388
2090,212,489,1389
2090,213,487,1390
2090,214,485,1391
2090,215,483,1392
2090,216,481,1393
2090,217,479,1394
2090,218,477,1395
2090,219,475,1396
2090,220,473,1397
2090,221,471,1398
2090,222,469,1399
2090,223,467,1400
2090,224,465,1401
2090,225,463,1402
2090,226,461,1403
2090,227,459,1404
2090,228,457,1405
2090,229,455,1406
2090,230,453,1407
2090,231,451,1408
2090,232,449,1409
2090,233,447,1410
2090,234,445,1411
2090,235,443,1412
2090,236,441,1413
2090,237,439,1414
2090,238,437,1415
2090,239,435,1416
2090,240,433,1417
2090,241,431,1418
2090,242,429,1419
2090,243,427,1420
2090,244,425,1421
2090,245,423,1422
2090,246,421,1423
2090,247,419,1424
2090,248,417,1425
2090,249,415,1426
2090,250,413,1427
2090,251,411,1428
2090,252,409,1429
2090,253,407,1430
2090,254,405,1431
2090,255,403,1432
2090,256,401,1433
2090,257,399,1434
2090,258,397,1435
2090,259,395,1436
2090,260,393,1437
2090,261,391,1438
2090,262,389,1439
2090,263,387,1440
2090,264,385,1441
2090,265,383,1442
2090,266,381,1443
2090,267,379,1444
2090,268,377,1445
2090,269,375,1446
2090,270,373,1447
2090,271,371,1448
2090,272,369,1449
2090,273,367,1450
2090,274,365,1451
2090,275,363,1452
2090,276,361,1453
2090,277,359,1454
2090,278,357,1455
2090,279,355,1456
2090,280,353,1457
2090,281,351,1458
2090,282,349,1459
2090,283,347,1460
2090,284,345,1461
2090,285,343,1462
2090,286,341,1463
2090,287,339,1464
2090,288,337,1465
2090,289,335,1466
2090,290,333,1467
2090,291,331,1468
2090,292,329,1469
2090,293,327,1470
2090,294,325,1471
2090,295,323,1472
2090,296,321,1473
2090,297,319,1474
2090,298,317,1475
2090,299,315,1476
2090,300,313,1477
2090,301,311,1478
2090,302,309,1479
2090,303,307,1480
2090,304,305,1481
2090,305,303,1482
2090,306,301,1483
2090,307,299,1484
2090,308,297,1485
2090,309,295,1486
2090,310,293,1487
2090,311,291,1488
2090,312,289,1489
2090,313,287,1490
2090,314,285,1491
2090,315,283,1492
2090,316,281,1493
2090,317,279,1494
2090,318,277,1495
2090,319,275,1496
2090,320,273,1497
2090,321,271,1498
2090,322,269,1499
2090,323,267,1500
2090,324,265,1501
2090,325,263,1502
2090,326,261,1503
2090,327,259,1504
2090,328,257,1505
2090,329,255,1506
2090,330,253,1507
2090,331,251,1508
2090,332,249,1509
2090,333,247,1510
2090,334,245,1511
2090,335,243,1512
2090,336,241,1513
2090,337,239,1514
2090,338,237,1515
2090,339,235,1516
2090,340,233,1517
2090,341,231,1518
2090,342,229,1519
2090,343,227,1520
2090,344,225,1521
2090,345,223,1522
2090,346,221,1523
2090,347,219,1524
2090,348,217,1525
2090,349,215,1526
2090,350,213,1527
2090,351,211,1528
2090,352,209,1529
2090,353,207,1530
2090,354,205,1531
2090,355,203,1532
2090,356,201,1533
2090,357,199,1534
2090,358,197,1535
2090,359,195,1536
2090,360,193,1537
2090,361,191,1538
2090,362,189,1539
2090,363,187,1540
2090,364,185,1541
2090,365,183,1542
2090,366,181,1543
2090,367,179,1544
2090,368,177,1545
2090,369,175,1546
2090,370,173,1547
2090,371,171,1548
2090,372,169,1549
2090,373,167,1550
2090,374,165,1551
2090,375,163,1552
2090,376,161,1553
2090,377,159,1554
2090,378,157,1555
2090,379,155,1556
2090,380,153,1557
2090,381,151,1558
2090,382,149,1559
2090,383,147,1560
2090,384,145,1561
2090,385,143,1562
2090,386,141,1563
2090,387,139,1564
2090,388,137,1565
2090,389,135,1566
2090,390,133,1567
2090,391,131,1568
2090,392,129,1569
2090,393,127,1570
2090,394,125,1571
2090,395,123,1572
2090,396,121,1573
2090,397,119,1574
2090,398,117,1575
2090,399,115,1576
2090,400,113,1577
2090,401,111,1578
2090,402,109,1579
2090,403,107,1580
2090,404,105,1581
2090,405,103,1582
2090,406,101,1583
2090,407,99,1584
2090,408,97,1585
2090,409,95,1586
2090,410,93,1587
2090,411,91,1588
2090,412,89,1589
2090,413,87,1590
2090,414,85,1591
2090,415,83,1592
2090,416,81,1593
2090,417,79,1594
2090,418,77,1595
2090,419,75,1596
2090,420,73,1597
2090,421,71,1598
2090,422,69,1599
2090,423,67,1600
2090,424,65,1601
2090,425,63,1602
2090,426,61,1603
2090,427,59,1604
2090,428,57,1605
2090,429,55,1606
2090,430,53,1607
2090,431,51,1608
2090,432,49,1609
2090,433,47,1610
2090,434,45,1611
2090,435,43,1612
2091,0,929,1162
2091,1,927,1163
2091,2,925,1164
2091,3,923,1165
2091,4,921,1166
2091,5,919,1167
2091,6,917,1168
2091,7,915,1169
2091,8,913,1170
2091,9,911,1171
2091,10,909,1172
2091,11,907,1173
2091,12,905,1174
2091,13,903,1175
2091,14,901,1176
2091,15,899,1177
2091,16,897,1178
2091,17,895,1179
2091,18,893,1180
2091,19,891,1181
2091,20,889,1182
2091,21,887,1183
2091,22,885,1184
2091,23,883,1185
2091,24,881,1186
2091,25,879,1187
2091,26,877,1188
2091,27,875,1189
2091,28,873,1190
2091,29,871,1191
2091,30,869,1192
2091,31,867,1193
2091,32,865,1194
2091,33,863,1195
2091,34,861,1196
2091,35,859,1197
2091,36,857,1198
2091,37,855,1199
2091,38,853,1200
2091,39,851,1201
2091,40,849,1202
2091,41,847,1203
2091,42,845,1204
2091,43,843,1205
2091,44,841,1206
2091,45,839,1207
2091,46,837,1208
2091,47,835,1209
2091,48,833,1210
2091,49,831,1211
2091,50,829,1212
2091,51,827,1213
2091,52,825,1214
2091,53,823,1215
2091,54,821,1216
2091,55,819,1217
2091,56,817,1218
2091,57,815,1219
2091,58,813,1220
2091,59,811,1221
2091,60,809,1222
2091,61,807,1223
2091,62,805,1224
2091,63,803,1225
2091,64,801,1226
2091,65,799,1227
2091,66,797,1228
2091,67,795,1229
2091,68,793,1230
2091,69,791,1231
2091,70,789,1232
2091,71,787,1233
2091,72,785,1234
2091,73,783,1235
2091,74,781,1236
2091,75,779,1237
2091,76,777,1238
2091,77,775,1239
2091,78,773,1240
2091,79,771,1241
2091,80,769,1242
2091,81,767,1243
2091,82,765,1244
2091,83,763,1245
2091,84,761,1246
2091,85,759,1247
2091,86,757,1248
2091,87,755,1249
2091,88,753,1250
2091,89,751,1251
2091,90,749,1252
2091,91,747,1253
2091,92,745,1254
2091,93,743,1255
2091,94,741,1256
2091,95,739,1257
2091,96,737,1258
2091,97,735,1259
2091,98,733,1260
2091,99,731,1261
2091,100,729,1262
2091,101,727,1263
2091,102,725,1264
2091,103,723,1265
2091,104,721,1266
2091,105,719,1267
2091,106,717,1268
2091,107,715,1269
2091,108,713,1270
2091,109,711,1271
2091,110,709,1272
2091,111,707,1273
2091,112,705,1274
2091,113,703,1275
2091,114,701,1276
2091,115,699,1277
2091,116,697,1278
2091,117,695,1279
2091,118,693,1280
2091,119,691,1281
2091,120,689,1282
2091,121,687,1283
2091,122,685,1284
2091,123,683,1285
2091,124,681,1286
2091,125,679,1287
2091,126,677,1288
2091,127,675,1289
2091,128,673,1290
2091,129,671,1291
2091,130,669,1292
2091,131,667,1293
2091,132,665,1294
2091,133,663,1295
2091,134,661,1296
2091,135,659,1297
2091,136,657,1298
2091,137,655,1299
2091,138,653,1300
2091,139,651,1301
2091,140,649,1302
2091,141,647,1303
2091,142,645,1304
2091,143,643,1305
2091,144,641,1306
2091,145,639,1307
2091,146,637,1308
2091,147,635,1309
2091,148,633,1310
2091,149,631,1311
2091,150,629,1312
2091,151,627,1313
2091,152,625,1314
2091,153,623,1315
2091,154,621,1316
2091,155,619,1317
2091,156,617,1318
2091,157,615,1319
2091,158,613,1320
2091,159,611,1321
2091,160,609,1322
2091,161,607,1323
2091,162,605,1324
2091,163,603,1325
2091,164,601,1326
2091,165,599,1327
2091,166,597,1328
2091,167,595,1329
2091,168,593,1330
2091,169,591,1331
2091,170,589,1332
2091,171,587,1333
2091,172,585,1334
2091,173,583,1335
2091,174,581,1336
2091,175,579,1337
2091,176,577,1338
2091,177,575,1339
2091,178,573,1340
2091,179,571,1341
2091,180,569,1342
2091,181,567,1343
2091,182,565,1344
2091,183,563,1345
2091,184,561,1346
2091,185,559,1347
2091,186,557,1348
2091,187,555,1349
2091,188,553,1350
2091,189,551,1351
2091,190,549,1352
2091,191,547,1353
2091,192,545,1354
2091,193,543,1355
2091,194,541,1356
2091,195,539,1357
2091,196,537,1358
2091,197,535,1359
2091,198,533,1360
2091,199,531,1361
2091,200,529,1362
2091,201,527,1363
2091,202,525,1364
2091,203,523,1365
2091,204,521,1366
2091,205,519,1367
2091,206,517,1368
2091,207,515,1369
2091,208,513,1370
2091,209,511,1371
2091,210,509,1372
2091,211,507,1373
2091,212,505,1374
2091,213,503,1375
2091,214,501,1376
2091,215,499,1377
2091,216,497,1378
2091,217,495,1379
2091,218,493,1380
2091,219,491,1381
2091,220,489,1382
2091,221,487,1383
2091,222,485,1384
2091,223,483,1385
2091,224,481,1386
2091,225,479,1387
2091,226,477,1388
2091,227,475,1389
2091,228,473,1390
2091,229,471,1391
2091,230,469,1392
2091,231,467,1393
2091,232,465,1394
2091,233,463,1395
2091,234,461,1396
2091,235,459,1397
2091,236,457,1398
2091,237,455,1399
2091,238,453,1400
2091,239,451,1401
2091,240,449,1402
2091,241,447,1403
2091,242,445,1404
2091,243,443,1405
2091,244,441,1406
2091,245,439,1407
2091,246,437,1408
2091,247,435,1409
2091,248,433,1410
2091,249,431,1411
2091,250,429,1412
2091,251,427,1413
2091,252,425,1414
2091,253,423,1415
2091,254,421,1416
2091,255,419,1417
2091,256,417,1418
2091,257,415,1419
2091,258,413,1420
2091,259,411,1421
2091,260,409,1422
2091,261,407,1423
2091,262,405,1424
2091,263,403,1425
2091,264,401,1426
2091,265,399,1427
2091,266,397,1428
2091,267,395,1429
2091,268,393,1430
2091,269,391,1431
2091,270,389,1432
2091,271,387,1433
2091,272,385,1434
2091,273,383,1435
2091,274,381,1436
2091,275,379,1437
2091,276,377,1438
2091,277,375,1439
2091,278,373,1440
2091,279,371,1441
2091,280,369,1442
2091,281,367,1443
2091,282,365,1444
2091,283,363,1445
2091,284,361,1446
2091,285,359,1447
2091,286,357,1448
2091,287,355,1449
2091,288,353,1450
2091,289,351,1451
2091,290,349,1452
2091,291,347,1453
2091,292,345,1454
2091,293,343,1455
2091,294,341,1456
2091,295,339,1457
2091,296,337,1458
2091,297,335,1459
2091,298,333,1460
2091,299,331,1461
2091,300,329,1462
2091,301,327,1463
2091,302,325,1464
2091,303,323,1465
2091,304,321,1466
2091,305,319,1467
2091,306,317,1468
2091,307,315,1469
2091,308,313,1470
2091,309,311,1471
2091,310,309,1472
2091,311,307,1473
2091,312,305,1474
2091,313,303,1475
2091,314,301,1476
2091,315,299,1477
2091,316,297,1478
2091,317,295,1479
2091,318,293,1480
2091,319,291,1481
2091,320,289,1482
2091,321,287,1483
2091,322,285,1484
2091,323,283,1485
2091,324,281,1486
2091,325,279,1487
2091,326,277,1488
2091,327,275,1489
2091,328,273,1490
2091,329,271,1491
2091,330,269,1492
2091,331,267,1493
2091,332,265,1494
2091,333,263,1495
2091,334,261,1496
2091,335,259,1497
2091,336,257,1498
2091,337,255,1499
2091,338,253,1500
2091,339,251,1501
2091,340,249,1502
2091,341,247,1503
2091,342,245,1504
2091,343,243,1505
2091,344,241,1506
2091,345,239,1507
2091,346,237,1508
2091,347,235,1509
2091,348,233,1510
2091,349,231,1511
2091,350,229,1512
2091,351,227,1513
2091,352,225,1514
2091,353,223,1515
2091,354,221,1516
2091,355,219,1517
2091,356,217,1518
2091,357,215,1519
2091,358,213,1520
2091,359,211,1521
2091,360,209,1522
2091,361,207,1523
2091,362,205,1524
2091,363,203,1525
2091,364,201,1526
2091,365,199,1527
2091,366,197,1528
2091,367,195,1529
2091,368,193,1530
2091,369,191,1531
2091,370,189,1532
2091,371,187,1533
2091,372,185,1534
2091,373,183,1535
2091,374,181,1536
2091,375,179,1537
2091,376,177,1538
2091,377,175,1539
2091,378,173,1540
2091,379,171,1541
2091,380,169,1542
2091,381,167,1543
2091,382,165,1544
2091,383,163,1545
2091,384,161,1546
2091,385,159,1547
2091,386,157,1548
2091,387,155,1549
2091,388,153,1550
2091,389,151,1551
2091,390,149,1552
2091,391,147,1553
2091,392,145,1554
2091,393,143,1555
2091,394,141,1556
2091,395,139,1557
2091,396,137,1558
2091,397,135,1559
2091,398,133,1560
2091,399,131,1561
2091,400,129,1562
2091,401,127,1563
2091,402,125,1564
2091,403,123,1565
2091,404,121,1566
2091,405,119,1567
2091,406,117,1568
2091,407,115,1569
2091,408,113,1570
2091,409,111,1571
2091,410,109,1572
2091,411,107,1573
2091,412,105,1574
2091,413,103,1575
2091,414,101,1576
2091,415,99,1577
2091,416,97,1578
2091,417,95,1579
2091,418,93,1580
2091,419,91,1581
2091,420,89,1582
2091,421,87,1583
2091,422,85,1584
2091,423,83,1585
2091,424,81,1586
2091,425,79,1587
2091,426,77,1588
2091,427,75,1589
2091,428,73,1590
2091,429,71,1591
2091,430,69,1592
2091,431,67,1593
2091,432,65,1594
2091,433,63,1595
2091,434,61,1596
2091,435,59,1597
2092,0,945,1147
2092,1,943,1148
2092,2,941,1149
2092,3,939,1150
2092,4,937,1151
2092,5,935,1152
2092,6,933,1153
2092,7,931,1154
2092,8,929,1155
2092,9,927,1156
2092,10,925,1157
2092,11,923,1158
2092,12,921,1159
2092,13,919,1160
2092,14,917,1161
2092,15,915,1162
2092,16,913,1163
2092,17,911,1164
2092,18,909,1165
2092,19,907,1166
2092,20,905,1167
2092,21,903,1168
2092,22,901,1169
2092,23,899,1170
2092,24,897,1171
2092,25,895,1172
2092,26,893,1173
2092,27,891,1174
2092,28,889,1175
2092,29,887,1176
2092,30,885,1177
2092,31,883,1178
2092,32,881,1179
2092,33,879,1180
2092,34,877,1181
2092,35,875,1182
2092,36,873,1183
2092,37,871,1184
2092,38,869,1185
2092,39,867,1186
2092,40,865,1187
2092,41,863,1188
2092,42,861,1189
2092,43,859,1190
2092,44,857,1191
2092,45,855,1192
2092,46,853,1193
2092,47,851,1194
2092,48,849,1195
2092,49,847,1196
2092,50,845,1197
2092,51,843,1198
2092,52,841,1199
2092,53,839,1200
2092,54,837,1201
2092,55,835,1202
2092,56,833,1203
2092,57,831,1204
2092,58,829,1205
2092,59,827,1206
2092,60,825,1207
2092,61,823,1208
2092,62,821,1209
2092,63,819,1210
2092,64,817,1211
2092,65,815,1212
2092,66,813,1213
2092,67,811,1214
2092,68,809,1215
2092,69,807,1216
2092,70,805,1217
2092,71,803,1218
2092,72,801,1219
2092,73,799,1220
2092,74,797,1221
2092,75,795,1222
2092,76,793,1223
2092,77,791,1224
2092,78,789,1225
2092,79,787,1226
2092,80,785,1227
2092,81,783,1228
2092,82,781,1229
2092,83,779,1230
2092,84,777,1231
2092,85,775,1232
2092,86,773,1233
2092,87,771,1234
2092,88,769,1235
2092,89,767,1236
2092,90,765,1237
2092,91,763,1238
2092,92,761,1239
2092,93,759,1240
2092,94,757,1241
2092,95,755,1242
2092,96,753,1243
2092,97,751,1244
2092,98,749,1245
2092,99,747,1246
2092,100,745,1247
2092,101,743,1248
2092,102,741,1249
2092,103,739,1250
2092,104,737,1251
2092,105,735,1252
2092,106,733,1253
2092,107,731,1254
2092,108,729,1255
2092,109,727,1256
2092,110,725,1257
2092,111,723,1258
2092,112,721,1259
2092,113,719,1260
2092,114,717,1261
2092,115,715,1262
2092,116,713,1263
2092,117,711,1264
2092,118,709,1265
2092,119,707,1266
2092,120,705,1267
2092,121,703,1268
2092,122,701,1269
2092,123,699,1270
2092,124,697,1271
2092,125,695,1272
2092,126,693,1273
2092,127,691,1274
2092,128,689,1275
2092,129,687,1276
2092,130,685,1277
2092,131,683,1278
2092,132,681,1279
2092,133,679,1280
2092,134,677,1281
2092,135,675,1282
2092,136,673,1283
2092,137,671,1284
2092,138,669,1285
2092,139,667,1286
2092,140,665,1287
2092,141,663,1288
2092,142,661,1289
2092,143,659,1290
2092,144,657,1291
2092,145,655,1292
2092,146,653,1293
2092,147,651,1294
2092,148,649,1295
2092,149,647,1296
2092,150,645,1297
2092,151,643,1298
2092,152,641,1299
2092,153,639,1300
2092,154,637,1301
2092,155,635,1302
2092,156,633,1303
2092,157,631,1304
2092,158,629,1305
2092,159,627,1306
2092,160,625,1307
2092,161,623,1308
2092,162,621,1309
2092,163,619,1310
2092,164,617,1311
2092,165,615,1312
2092,166,613,1313
2092,167,611,1314
2092,168,609,1315
2092,169,607,1316
2092,170,605,1317
2092,171,603,1318
2092,172,601,1319
2092,173,599,1320
2092,174,597,1321
2092,175,595,1322
2092,176,593,1323
2092,177,591,1324
2092,178,589,1325
2092,179,587,1326
2092,180,585,1327
2092,181,583,1328
2092,182,581,1329
2092,183,579,1330
2092,184,577,1331
2092,185,575,1332
2092,186,573,1333
2092,187,571,1334
2092,188,569,1335
2092,189,567,1336
2092,190,565,1337
2092,191,563,1338
2092,192,561,1339
2092,193,559,1340
2092,194,557,1341
2092,195,555,1342
2092,196,553,1343
2092,197,551,1344
2092,198,549,1345
2092,199,547,1346
2092,200,545,1347
2092,201,543,1348
2092,202,541,1349
2092,203,539,1350
2092,204,537,1351
2092,205,535,1352
2092,206,533,1353
2092,207,531,1354
2092,208,529,1355
2092,209,527,1356
2092,210,525,1357
2092,211,523,1358
2092,212,521,1359
2092,213,519,1360
2092,214,517,1361
2092,215,515,1362
2092,216,513,1363
2092,217,511,1364
2092,218,509,1365
2092,219,507,1366
2092,220,505,1367
2092,221,503,1368
2092,222,501,1369
2092,223,499,1370
2092,224,497,1371
2092,225,495,1372
2092,226,493,1373
2092,227,491,1374
2092,228,489,1375
2092,229,487,1376
2092,230,485,1377
2092,231,483,1378
2092,232,481,1379
2092,233,479,1380
2092,234,477,1381
2092,235,475,1382
2092,236,473,1383
2092,237,471,1384
2092,238,469,1385
2092,239,467,1386
2092,240,465,1387
2092,241,463,1388
2092,242,461,1389
2092,243,459,1390
2092,244,457,1391
2092,245,455,1392
2092,246,453,1393
2092,247,451,1394
2092,248,449,1395
2092,249,447,1396
2092,250,445,1397
2092,251,443,1398
2092,252,441,1399
2092,253,439,1400
2092,254,437,1401
2092,255,435,1402
2092,256,433,1403
2092,257,431,1404
2092,258,429,1405
2092,259,427,1406
2092,260,425,1407
2092,261,423,1408
2092,262,421,1409
2092,263,419,1410
2092,264,417,1411
2092,265,415,1412
2092,266,413,1413
2092,267,411,1414
2092,268,409,1415
2092,269,407,1416
2092,270,405,1417
2092,271,403,1418
2092,272,401,1419
2092,273,399,1420
2092,274,397,1421
2092,275,395,1422
2092,276,393,1423
2092,277,391,1424
2092,278,389,1425
2092,279,387,1426
2092,280,385,1427
2092,281,383,1428
2092,282,381,1429
2092,283,379,1430
2092,284,377,1431
2092,285,375,1432
2092,286,373,1433
2092,287,371,1434
2092,288,369,1435
2092,289,367,1436
2092,290,365,1437
2092,291,363,1438
2092,292,361,1439
2092,293,359,1440
2092,294,357,1441
2092,295,355,1442
2092,296,353,1443
2092,297,351,1444
2092,298,349,1445
2092,299,347,1446
2092,300,345,1447
2092,301,343,1448
2092,302,341,1449
2092,303,339,1450
2092,304,337,1451
2092,305,335,1452
2092,306,333,1453
2092,307,331,1454
2092,308,329,1455
2092,309,327,1456
2092,310,325,1457
2092,311,323,1458
2092,312,321,1459
2092,313,319,1460
2092,314,317,1461
2092,315,315,1462
2092,316,313,1463
2092,317,311,1464
2092,318,309,1465
2092,319,307,1466
2092,320,305,1467
2092,321,303,1468
2092,322,301,1469
2092,323,299,1470
2092,324,297,1471
2092,325,295,1472
2092,326,293,1473
2092,327,291,1474
2092,328,289,1475
2092,329,287,1476
2092,330,285,1477
2092,331,283,1478
2092,332,281,1479
2092,333,279,1480
2092,334,277,1481
2092,335,275,1482
2092,336,273,1483
2092,337,271,1484
2092,338,269,1485
2092,339,267,1486
2092,340,265,1487
2092,341,263,1488
2092,342,261,1489
2092,343,259,1490
2092,344,257,1491
2092,345,255,1492
2092,346,253,1493
2092,347,251,1494
2092,348,249,1495
2092,349,247,1496
2092,350,245,1497
2092,351,243,1498
2092,352,241,1499
2092,353,239,1500
2092,354,237,1501
2092,355,235,1502
2092,356,233,1503
2092,357,231,1504
2092,358,229,1505
2092,359,227,1506
2092,360,225,1507
2092,361,223,1508
2092,362,221,1509
2092,363,219,1510
2092,364,217,1511
2092,365,215,1512
2092,366,213,1513
2092,367,211,1514
2092,368,209,1515
2092,369,207,1516
2092,370,205,1517
2092,371,203,1518
2092,372,201,1519
2092,373,199,1520
2092,374,197,1521
2092,375,195,1522
2092,376,193,1523
2092,377,191,1524
2092,378,189,1525
2092,379,187,1526
2092,380,185,1527
2092,381,183,1528
2092,382,181,1529
2092,383,179,1530
2092,384,177,1531
2092,385,175,1532
2092,386,173,1533
2092,387,171,1534
2092,388,169,1535
2092,389,167,1536
2092,390,165,1537
2092,391,163,1538
2092,392,161,1539
2092,393,159,1540
2092,394,157,1541
2092,395,155,1542
2092,396,153,1543
2092,397,151,1544
2092,398,149,1545
2092,399,147,1546
2092,400,145,1547
2092,401,143,1548
2092,402,141,1549
2092,403,139,1550
2092,404,137,1551
2092,405,135,1552
2092,406,133,1553
2092,407,131,1554
2092,408,129,1555
2092,409,127,1556
2092,410,125,1557
2092,411,123,1558
2092,412,121,1559
2092,413,119,1560
2092,414,117,1561
2092,415,115,1562
2092,416,113,1563
2092,417,111,1564
2092,418,109,1565
2092,419,107,1566
2092,420,105,1567
2092,421,103,1568
2092,422,101,1569
2092,423,99,1570
2092,424,97,1571
2092,425,95,1572
2092,426,93,1573
2092,427,91,1574
2092,428,89,1575
2092,429,87,1576
2092,430,85,1577
2092,431,83,1578
2092,432,81,1579
2092,433,79,1580
2092,434,77,1581
2092,435,75,1582
2093,0,961,1132
2093,1,959,1133
2093,2,957,1134
2093,3,955,1135
2093,4,953,1136
2093,5,951,1137
2093,6,949,1138
2093,7,947,1139
2093,8,945,1140
2093,9,943,1141
2093,10,941,1142
2093,11,939,1143
2093,12,937,1144
2093,13,935,1145
2093,14,933,1146
2093,15,931,1147
2093,16,929,1148
2093,17,927,1149
2093,18,925,1150
2093,19,923,1151
2093,20,921,1152
2093,21,919,1153
2093,22,917,1154
2093,23,915,1155
2093,24,913,1156
2093,25,911,1157
2093,26,909,1158
2093,27,907,1159
2093,28,905,1160
2093,29,903,1161
2093,30,901,1162
2093,31,899,1163
2093,32,897,1164
2093,33,895,1165
2093,34,893,1166
2093,35,891,1167
2093,36,889,1168
2093,37,887,1169
2093,38,885,1170
2093,39,883,1171
2093,40,881,1172
2093,41,879,1173
2093,42,877,1174
2093,43,875,1175
2093,44,873,1176
2093,45,871,1177
2093,46,869,1178
2093,47,867,1179
2093,48,865,1180
2093,49,863,1181
2093,50,861,1182
2093,51,859,1183
2093,52,857,1184
2093,53,855,1185
2093,54,853,1186
2093,55,851,1187
2093,56,849,1188
2093,57,847,1189
2093,58,845,1190
2093,59,843,1191
2093,60,841,1192
2093,61,839,1193
2093,62,837,1194
2093,63,835,1195
2093,64,833,1196
2093,65,831,1197
2093,66,829,1198
2093,67,827,1199
2093,68,825,1200
2093,69,823,1201
2093,70,821,1202
2093,71,819,1203
2093,72,817,1204
2093,73,815,1205
2093,74,813,1206
2093,75,811,1207
2093,76,809,1208
2093,77,807,1209
2093,78,805,1210
2093,79,803,1211
2093,80,801,1212
2093,81,799,1213
2093,82,797,1214
2093,83,795,1215
2093,84,793,1216
2093,85,791,1217
2093,86,789,1218
2093,87,787,1219
2093,88,785,1220
2093,89,783,1221
2093,90,781,1222
2093,91,779,1223
2093,92,777,1224
2093,93,775,1225
2093,94,773,1226
2093,95,771,1227
2093,96,769,1228
2093,97,767,1229
2093,98,765,1230
2093,99,763,1231
2093,100,761,1232
2093,101,759,1233
2093,102,757,1234
2093,103,755,1235
2093,104,753,1236
2093,105,751,1237
2093,106,749,1238
2093,107,747,1239
2093,108,745,1240
2093,109,743,1241
2093,110,741,1242
2093,111,739,1243
2093,112,737,1244
2093,113,735,1245
2093,114,733,1246
2093,115,731,1247
2093,116,729,1248
2093,117,727,1249
2093,118,725,1250
2093,119,723,1251
2093,120,721,1252
2093,121,719,1253
2093,122,717,1254
2093,123,715,1255
2093,124,713,1256
2093,125,711,1257
2093,126,709,1258
2093,127,707,1259
2093,128,705,1260
2093,129,703,1261
2093,130,701,1262
2093,131,699,1263
2093,132,697,1264
2093,133,695,1265
2093,134,693,1266
2093,135,691,1267
2093,136,689,1268
2093,137,687,1269
2093,138,685,1270
2093,139,683,1271
2093,140,681,1272
2093,141,679,1273
2093,142,677,1274
2093,143,675,1275
2093,144,673,1276
2093,145,671,1277
2093,146,669,1278
2093,147,667,1279
2093,148,665,1280
2093,149,663,1281
2093,150,661,1282
2093,151,659,1283
2093,152,657,1284
2093,153,655,1285
2093,154,653,1286
2093,155,651,1287
2093,156,649,1288
2093,157,647,1289
2093,158,645,1290
2093,159,643,1291
2093,160,641,1292
2093,161,639,1293
2093,162,637,1294
2093,163,635,1295
2093,164,633,1296
2093,165,631,1297
2093,166,629,1298
2093,167,627,1299
2093,168,625,1300
2093,169,623,1301
2093,170,621,1302
2093,171,619,1303
2093,172,617,1304
2093,173,615,1305
2093,174,613,1306
2093,175,611,1307
2093,176,609,1308
2093,177,607,1309
2093,178,605,1310
2093,179,603,1311
2093,180,601,1312
2093,181,599,1313
2093,182,597,1314
2093,183,595,1315
2093,184,593,1316
2093,185,591,1317
2093,186,589,1318
2093,187,587,1319
2093,188,585,1320
2093,189,583,1321
2093,190,581,1322
2093,191,579,1323
2093,192,577,1324
2093,193,575,1325
2093,194,573,1326
2093,195,571,1327
2093,196,569,1328
2093,197,567,1329
2093,198,565,1330
2093,199,563,1331
2093,200,561,1332
2093,201,559,1333
2093,202,557,1334
2093,203,555,1335
2093,204,553,1336
2093,205,551,1337
2093,206,549,1338
2093,207,547,1339
2093,208,545,1340
2093,209,543,1341
2093,210,541,1342
2093,211,539,1343
2093,212,537,1344
2093,213,535,1345
2093,214,533,1346
2093,215,531,1347
2093,216,529,1348
2093,217,527,1349
2093,218,525,1350
2093,219,523,1351
2093,220,521,1352
2093,221,519,1353
2093,222,517,1354
2093,223,515,1355
2093,224,513,1356
2093,225,511,1357
2093,226,509,1358
2093,227,507,1359
2093,228,505,1360
2093,229,503,1361
2093,230,501,1362
2093,231,499,1363
2093,232,497,1364
2093,233,495,1365
2093,234,493,1366
2093,235,491,1367
2093,236,489,1368
2093,237,487,1369
2093,238,485,1370
2093,239,483,1371
2093,240,481,1372
2093,241,479,1373
2093,242,477,1374
2093,243,475,1375
2093,244,473,1376
2093,245,471,1377
2093,246,469,1378
2093,247,467,1379
2093,248,465,1380
2093,249,463,1381
2093,250,461,1382
2093,251,459,1383
2093,252,457,1384
2093,253,455,1385
2093,254,453,1386
2093,255,451,1387
2093,256,449,1388
2093,257,447,1389
2093,258,445,1390
2093,259,443,1391
2093,260,441,1392
2093,261,439,1393
2093,262,437,1394
2093,263,435,1395
2093,264,433,1396
2093,265,431,1397
2093,266,429,1398
2093,267,427,1399
2093,268,425,1400
2093,269,423,1401
2093,270,421,1402
2093,271,419,1403
2093,272,417,1404
2093,273,415,1405
2093,274,413,1406
2093,275,411,1407
2093,276,409,1408
2093,277,407,1409
2093,278,405,1410
2093,279,403,1411
2093,280,401,1412
2093,281,399,1413
2093,282,397,1414
2093,283,395,1415
2093,284,393,1416
2093,285,391,1417
2093,286,389,1418
2093,287,387,1419
2093,288,385,1420
2093,289,383,1421
2093,290,381,1422
2093,291,379,1423
2093,292,377,1424
2093,293,375,1425
2093,294,373,1426
2093,295,371,1427
2093,296,369,1428
2093,297,367,1429
2093,298,365,1430
2093,299,363,1431
2093,300,361,1432
2093,301,359,1433
2093,302,357,1434
2093,303,355,1435
2093,304,353,1436
2093,305,351,1437
2093,306,349,1438
2093,307,347,1439
2093,308,345,1440
2093,309,343,1441
2093,310,341,1442
2093,311,339,1443
2093,312,337,1444
2093,313,335,1445
2093,314,333,1446
2093,315,331,1447
2093,316,329,1448
2093,317,327,1449
2093,318,325,1450
2093,319,323,1451
2093,320,321,1452
2093,321,319,1453
2093,322,317,1454
2093,323,315,1455
2093,324,313,1456
2093,325,311,1457
2093,326,309,1458
2093,327,307,1459
2093,328,305,1460
2093,329,303,1461
2093,330,301,1462
2093,331,299,1463
2093,332,297,1464
2093,333,295,1465
2093,334,293,1466
2093,335,291,1467
2093,336,289,1468
2093,337,287,1469
2093,338,285,1470
2093,339,283,1471
2093,340,281,1472
2093,341,279,1473
2093,342,277,1474
2093,343,275,1475
2093,344,273,1476
2093,345,271,1477
2093,346,269,1478
2093,347,267,1479
2093,348,265,1480
2093,349,263,1481
2093,350,261,1482
2093,351,259,1483
2093,352,257,1484
2093,353,255,1485
2093,354,253,1486
2093,355,251,1487
2093,356,249,1488
2093,357,247,1489
2093,358,245,1490
2093,359,243,1491
2093,360,241,1492
2093,361,239,1493
2093,362,237,1494
2093,363,235,1495
2093,364,233,1496
2093,365,231,1497
2093,366,229,1498
2093,367,227,1499
2093,368,225,1500
2093,369,223,1501
2093,370,221,1502
2093,371,219,1503
2093,372,217,1504
2093,373,215,1505
2093,374,213,1506
2093,375,211,1507
2093,376,209,1508
2093,377,207,1509
2093,378,205,1510
2093,379,203,1511
2093,380,201,1512
2093,381,199,1513
2093,382,197,1514
2093,383,195,1515
2093,384,193,1516
2093,385,191,1517
2093,386,189,1518
2093,387,187,1519
2093,388,185,1520
2093,389,183,1521
2093,390,181,1522
2093,391,179,1523
2093,392,177,1524
2093,393,175,1525
2093,394,173,1526
2093,395,171,1527
2093,396,169,1528
2093,397,167,1529
2093,398,165,1530
2093,399,163,1531
2093,400,161,1532
2093,401,159,1533
2093,402,157,1534
2093,403,155,1535
2093,404,153,1536
2093,405,151,1537
2093,406,149,1538
2093,407,147,1539
2093,408,145,1540
2093,409,143,1541
2093,410,141,1542
2093,411,139,1543
2093,412,137,1544
2093,413,135,1545
2093,414,133,1546
2093,415,131,1547
2093,416,129,1548
2093,417,127,1549
2093,418,125,1550
2093,419,123,1551
2093,420,121,1552
2093,421,119,1553
2093,422,117,1554
2093,423,115,1555
2093,424,113,1556
2093,425,111,1557
2093,426,109,1558
2093,427,107,1559
2093,428,105,1560
2093,429,103,1561
2093,430,101,1562
2093,431,99,1563
2093,432,97,1564
2093,433,95,1565
2093,434,93,1566
2093,435,91,1567
2094,0,977,1117
2094,1,975,1118
2094,2,973,1119
2094,3,971,1120
2094,4,969,1121
2094,5,967,1122
2094,6,965,1123
2094,7,963,1124
2094,8,961,1125
2094,9,959,1126
2094,10,957,1127
2094,11,955,1128
2094,12,953,1129
2094,13,951,1130
2094,14,949,1131
2094,15,947,1132
2094,16,945,1133
2094,17,943,1134
2094,18,941,1135
2094,19,939,1136
2094,20,937,1137
2094,21,935,1138
2094,22,933,1139
2094,23,931,1140
2094,24,929,1141
2094,25,927,1142
2094,26,925,1143
2094,27,923,1144
2094,28,921,1145
2094,29,919,1146
2094,30,917,1147
2094,31,915,1148
2094,32,913,1149
2094,33,911,1150
2094,34,909,1151
2094,35,907,1152
2094,36,905,1153
2094,37,903,1154
2094,38,901,1155
2094,39,899,1156
2094,40,897,1157
2094,41,895,1158
2094,42,893,1159
2094,43,891,1160
2094,44,889,1161
2094,45,887,1162
2094,46,885,1163
2094,47,883,1164
2094,48,881,1165
2094,49,879,1166
2094,50,877,1167
2094,51,875,1168
2094,52,873,1169
2094,53,871,1170
2094,54,869,1171
2094,55,867,1172
2094,56,865,1173
2094,57,863,1174
2094,58,861,1175
2094,59,859,1176
2094,60,857,1177
2094,61,855,1178
2094,62,853,1179
2094,63,851,1180
2094,64,849,1181
2094,65,847,1182
2094,66,845,1183
2094,67,843,1184
2094,68,841,1185
2094,69,839,1186
2094,70,837,1187
2094,71,835,1188
2094,72,833,1189
2094,73,831,1190
2094,74,829,1191
2094,75,827,1192
2094,76,825,1193
2094,77,823,1194
2094,78,821,1195
2094,79,819,1196
2094,80,817,1197
2094,81,815,1198
2094,82,813,1199
2094,83,811,1200
2094,84,809,1201
2094,85,807,1202
2094,86,805,1203
2094,87,803,1204
2094,88,801,1205
2094,89,799,1206
2094,90,797,1207
2094,91,795,1208
2094,92,793,1209
2094,93,791,1210
2094,94,789,1211
2094,95,787,1212
2094,96,785,1213
2094,97,783,1214
2094,98,781,1215
2094,99,779,1216
2094,100,777,1217
2094,101,775,1218
2094,102,773,1219
2094,103,771,1220
2094,104,769,1221
2094,105,767,1222
2094,106,765,1223
2094,107,763,1224
2094,108,761,1225
2094,109,759,1226
2094,110,757,1227
2094,111,755,1228
2094,112,753,1229
2094,113,751,1230
2094,114,749,1231
2094,115,747,1232
2094,116,745,1233
2094,117,743,1234
2094,118,741,1235
2094,119,739,1236
2094,120,737,1237
2094,121,735,1238
2094,122,733,1239
2094,123,731,1240
2094,124,729,1241
2094,125,727,1242
2094,126,725,1243
2094,127,723,1244
2094,128,721,1245
2094,129,719,1246
2094,130,717,1247
2094,131,715,1248
2094,132,713,1249
2094,133,711,1250
2094,134,709,1251
2094,135,707,1252
2094,136,705,1253
2094,137,703,1254
2094,138,701,1255
2094,139,699,1256
2094,140,697,1257
2094,141,695,1258
2094,142,693,1259
2094,143,691,1260
2094,144,689,1261
2094,145,687,1262
2094,146,685,1263
2094,147,683,1264
2094,148,681,1265
2094,149,679,1266
2094,150,677,1267
2094,151,675,1268
2094,152,673,1269
2094,153,671,1270
2094,154,669,1271
2094,155,667,1272
2094,156,665,1273
2094,157,663,1274
2094,158,661,1275
2094,159,659,1276
2094,160,657,1277
2094,161,655,1278
2094,162,653,1279
2094,163,651,1280
2094,164,649,1281
2094,165,647,1282
2094,166,645,1283
2094,167,643,1284
2094,168,641,1285
2094,169,639,1286
2094,170,637,1287
2094,171,635,1288
2094,172,633,1289
2094,173,631,1290
2094,174,629,1291
2094,175,627,1292
2094,176,625,1293
2094,177,623,1294
2094,178,621,1295
2094,179,619,1296
2094,180,617,1297
2094,181,615,1298
2094,182,613,1299
2094,183,611,1300
2094,184,609,1301
2094,185,607,1302
2094,186,605,1303
2094,187,603,1304
2094,188,601,1305
2094,189,599,1306
2094,190,597,1307
2094,191,595,1308
2094,192,593,1309
2094,193,591,1310
2094,194,589,1311
2094,195,587,1312
2094,196,585,1313
2094,197,583,1314
2094,198,581,1315
2094,199,579,1316
2094,200,577,1317
2094,201,575,1318
2094,202,573,1319
2094,203,571,1320
2094,204,569,1321
2094,205,567,1322
2094,206,565,1323
2094,207,563,1324
2094,208,561,1325
2094,209,559,1326
2094,210,557,1327
2094,211,555,1328
2094,212,553,1329
2094,213,551,1330
2094,214,549,1331
2094,215,547,1332
2094,216,545,1333
2094,217,543,1334
2094,218,541,1335
2094,219,539,1336
2094,220,537,1337
2094,221,535,1338
2094,222,533,1339
2094,223,531,1340
2094,224,529,1341
2094,225,527,1342
2094,226,525,1343
2094,227,523,1344
2094,228,521,1345
2094,229,519,1346
2094,230,517,1347
2094,231,515,1348
2094,232,513,1349
2094,233,511,1350
2094,234,509,1351
2094,235,507,1352
2094,236,505,1353
2094,237,503,1354
2094,238,501,1355
2094,239,499,1356
2094,240,497,1357
2094,241,495,1358
2094,242,493,1359
2094,243,491,1360
2094,244,489,1361
2094,245,487,1362
2094,246,485,1363
2094,247,483,1364
2094,248,481,1365
2094,249,479,1366
2094,250,477,1367
2094,251,475,1368
2094,252,473,1369
2094,253,471,1370
2094,254,469,1371
2094,255,467,1372
2094,256,465,1373
2094,257,463,1374
2094,258,461,1375
2094,259,459,1376
2094,260,457,1377
2094,261,455,1378
2094,262,453,1379
2094,263,451,1380
2094,264,449,1381
2094,265,447,1382
2094,266,445,1383
2094,267,443,1384
2094,268,441,1385
2094,269,439,1386
2094,270,437,1387
2094,271,435,1388
2094,272,433,1389
2094,273,431,1390
2094,274,429,1391
2094,275,427,1392
2094,276,425,1393
2094,277,423,1394
2094,278,421,1395
2094,279,419,1396
2094,280,417,1397
2094,281,415,1398
2094,282,413,1399
2094,283,411,1400
2094,284,409,1401
2094,285,407,1402
2094,286,405,1403
2094,287,403,1404
2094,288,401,1405
2094,289,399,1406
2094,290,397,1407
2094,291,395,1408
2094,292,393,1409
2094,293,391,1410
2094,294,389,1411
2094,295,387,1412
2094,296,385,1413
2094,297,383,1414
2094,298,381,1415
2094,299,379,1416
2094,300,377,1417
2094,301,375,1418
2094,302,373,1419
2094,303,371,1420
2094,304,369,1421
2094,305,367,1422
2094,306,365,1423
2094,307,363,1424
2094,308,361,1425
2094,309,359,1426
2094,310,357,1427
2094,311,355,1428
2094,312,353,1429
2094,313,351,1430
2094,314,349,1431
2094,315,347,1432
2094,316,345,1433
2094,317,343,1434
2094,318,341,1435
2094,319,339,1436
2094,320,337,1437
2094,321,335,1438
2094,322,333,1439
2094,323,331,1440
2094,324,329,1441
2094,325,327,1442
2094,326,325,1443
2094,327,323,1444
2094,328,321,1445
2094,329,319,1446
2094,330,317,1447
2094,331,315,1448
2094,332,313,1449
2094,333,311,1450
2094,334,309,1451
2094,335,307,1452
2094,336,305,1453
2094,337,303,1454
2094,338,301,1455
2094,339,299,1456
2094,340,297,1457
2094,341,295,1458
2094,342,293,1459
2094,343,291,1460
2094,344,289,1461
2094,345,287,1462
2094,346,285,1463
2094,347,283,1464
2094,348,281,1465
2094,349,279,1466
2094,350,277,1467
2094,351,275,1468
2094,352,273,1469
2094,353,271,1470
2094,354,269,1471
2094,355,267,1472
2094,356,265,1473
2094,357,263,1474
2094,358,261,1475
2094,359,259,1476
2094,360,257,1477
2094,361,255,1478
2094,362,253,1479
2094,363,251,1480
2094,364,249,1481
2094,365,247,1482
2094,366,245,1483
2094,367,243,1484
2094,368,241,1485
2094,369,239,1486
2094,370,237,1487
2094,371,235,1488
2094,372,233,1489
2094,373,231,1490
2094,374,229,1491
2094,375,227,1492
2094,376,225,1493
2094,377,223,1494
2094,378,221,1495
2094,379,219,1496
2094,380,217,1497
2094,381,215,1498
2094,382,213,1499
2094,383,211,1500
2094,384,209,1501
2094,385,207,1502
2094,386,205,1503
2094,387,203,1504
2094,388,201,1505
2094,389,199,1506
2094,390,197,1507
2094,391,195,1508
2094,392,193,1509
2094,393,191,1510
2094,394,189,1511
2094,395,187,1512
2094,396,185,1513
2094,397,183,1514
2094,398,181,1515
2094,399,179,1516
2094,400,177,1517
2094,401,175,1518
2094,402,173,1519
2094,403,171,1520
2094,404,169,1521
2094,405,167,1522
2094,406,165,1523
2094,407,163,1524
2094,408,161,1525
2094,409,159,1526
2094,410,157,1527
2094,411,155,1528
2094,412,153,1529
2094,413,151,1530
2094,414,149,1531
2094,415,147,1532
2094,416,145,1533
2094,417,143,1534
2094,418,141,1535
2094,419,139,1536
2094,420,137,1537
2094,421,135,1538
2094,422,133,1539
2094,423,131,1540
2094,424,129,1541
2094,425,127,1542
2094,426,125,1543
2094,427,123,1544
2094,428,121,1545
2094,429,119,1546
2094,430,117,1547
2094,431,115,1548
2094,432,113,1549
2094,433,111,1550
2094,434,109,1551
2094,435,107,1552
2095,0,993,1102
2095,1,991,1103
2095,2,989,1104
2095,3,987,1105
2095,4,985,1106
2095,5,983,1107
2095,6,981,1108
2095,7,979,1109
2095,8,977,1110
2095,9,975,1111
2095,10,973,1112
2095,11,971,1113
2095,12,969,1114
2095,13,967,1115
2095,14,965,1116
2095,15,963,1117
2095,16,961,1118
2095,17,959,1119
2095,18,957,1120
2095,19,955,1121
2095,20,953,1122
2095,21,951,1123
2095,22,949,1124
2095,23,947,1125
2095,24,945,1126
2095,25,943,1127
2095,26,941,1128
2095,27,939,1129
2095,28,937,1130
2095,29,935,1131
2095,30,933,1132
2095,31,931,1133
2095,32,929,1134
2095,33,927,1135
2095,34,925,1136
2095,35,923,1137
2095,36,921,1138
2095,37,919,1139
2095,38,917,1140
2095,39,915,1141
2095,40,913,1142
2095,41,911,1143
2095,42,909,1144
2095,43,907,1145
2095,44,905,1146
2095,45,903,1147
2095,46,901,1148
2095,47,899,1149
2095,48,897,1150
2095,49,895,1151
2095,50,893,1152
2095,51,891,1153
2095,52,889,1154
2095,53,887,1155
2095,54,885,1156
2095,55,883,1157
2095,56,881,1158
2095,57,879,1159
2095,58,877,1160
2095,59,875,1161
2095,60,873,1162
2095,61,871,1163
2095,62,869,1164
2095,63,867,1165
2095,64,865,1166
2095,65,863,1167
2095,66,861,1168
2095,67,859,1169
2095,68,857,1170
2095,69,855,1171
2095,70,853,1172
2095,71,851,1173
2095,72,849,1174
2095,73,847,1175
2095,74,845,1176
2095,75,843,1177
2095,76,841,1178
2095,77,839,1179
2095,78,837,1180
2095,79,835,1181
2095,80,833,1182
2095,81,831,1183
2095,82,829,1184
2095,83,827,1185
2095,84,825,1186
2095,85,823,1187
2095,86,821,1188
2095,87,819,1189
2095,88,817,1190
2095,89,815,1191
2095,90,813,1192
2095,91,811,1193
2095,92,809,1194
2095,93,807,1195
2095,94,805,1196
2095,95,803,1197
2095,96,801,1198
2095,97,799,1199
2095,98,797,1200
2095,99,795,1201
2095,100,793,1202
2095,101,791,1203
2095,102,789,1204
2095,103,787,1205
2095,104,785,1206
2095,105,783,1207
2095,106,781,1208
2095,107,779,1209
2095,108,777,1210
2095,109,775,1211
2095,110,773,1212
2095,111,771,1213
2095,112,769,1214
2095,113,767,1215
2095,114,765,1216
2095,115,763,1217
2095,116,761,1218
2095,117,759,1219
2095,118,757,1220
2095,119,755,1221
2095,120,753,1222
2095,121,751,1223
2095,122,749,1224
2095,123,747,1225
2095,124,745,1226
2095,125,743,1227
2095,126,741,1228
2095,127,739,1229
2095,128,737,1230
2095,129,735,1231
2095,130,733,1232
2095,131,731,1233
2095,132,729,1234
2095,133,727,1235
2095,134,725,1236
2095,135,723,1237
2095,136,721,1238
2095,137,719,1239
2095,138,717,1240
2095,139,715,1241
2095,140,713,1242
2095,141,711,1243
2095,142,709,1244
2095,143,707,1245
2095,144,705,1246
2095,145,703,1247
2095,146,701,1248
2095,147,699,1249
2095,148,697,1250
2095,149,695,1251
2095,150,693,1252
2095,151,691,1253
2095,152,689,1254
2095,153,687,1255
2095,154,685,1256
2095,155,683,1257
2095,156,681,1258
2095,157,679,1259
2095,158,677,1260
2095,159,675,1261
2095,160,673,1262
2095,161,671,1263
2095,162,669,1264
2095,163,667,1265
2095,164,665,1266
2095,165,663,1267
2095,166,661,1268
2095,167,659,1269
2095,168,657,1270
2095,169,655,1271
2095,170,653,1272
2095,171,651,1273
2095,172,649,1274
2095,173,647,1275
2095,174,645,1276
2095,175,643,1277
2095,176,641,1278
2095,177,639,1279
2095,178,637,1280
2095,179,635,1281
2095,180,633,1282
2095,181,631,1283
2095,182,629,1284
2095,183,627,1285
2095,184,625,1286
2095,185,623,1287
2095,186,621,1288
2095,187,619,1289
2095,188,617,1290
2095,189,615,1291
2095,190,613,1292
2095,191,611,1293
2095,192,609,1294
2095,193,607,1295
2095,194,605,1296
2095,195,603,1297
2095,196,601,1298
2095,197,599,1299
2095,198,597,1300
2095,199,595,1301
2095,200,593,1302
2095,201,591,1303
2095,202,589,1304
2095,203,587,1305
2095,204,585,1306
2095,205,583,1307
2095,206,581,1308
2095,207,579,1309
2095,208,577,1310
2095,209,575,1311
2095,210,573,1312
2095,211,571,1313
2095,212,569,1314
2095,213,567,1315
2095,214,565,1316
2095,215,563,1317
2095,216,561,1318
2095,217,559,1319
2095,218,557,1320
2095,219,555,1321
2095,220,553,1322
2095,221,551,1323
2095,222,549,1324
2095,223,547,1325
2095,224,545,1326
2095,225,543,1327
2095,226,541,1328
2095,227,539,1329
2095,228,537,1330
2095,229,535,1331
2095,230,533,1332
2095,231,531,1333
2095,232,529,1334
2095,233,527,1335
2095,234,525,1336
2095,235,523,1337
2095,236,521,1338
2095,237,519,1339
2095,238,517,1340
2095,239,515,1341
2095,240,513,1342
2095,241,511,1343
2095,242,509,1344
2095,243,507,1345
2095,244,505,1346
2095,245,503,1347
2095,246,501,1348
2095,247,499,1349
2095,248,497,1350
2095,249,495,1351
2095,250,493,1352
2095,251,491,1353
2095,252,489,1354
2095,253,487,1355
2095,254,485,1356
2095,255,483,1357
2095,256,481,1358
2095,257,479,1359
2095,258,477,1360
2095,259,475,1361
2095,260,473,1362
2095,261,471,1363
2095,262,469,1364
2095,263,467,1365
2095,264,465,1366
2095,265,463,1367
2095,266,461,1368
2095,267,459,1369
2095,268,457,1370
2095,269,455,1371
2095,270,453,1372
2095,271,451,1373
2095,272,449,1374
2095,273,447,1375
2095,274,445,1376
2095,275,443,1377
2095,276,441,1378
2095,277,439,1379
2095,278,437,1380
2095,279,435,1381
2095,280,433,1382
2095,281,431,1383
2095,282,429,1384
2095,283,427,1385
2095,284,425,1386
2095,285,423,1387
2095,286,421,1388
2095,287,419,1389
2095,288,417,1390
2095,289,415,1391
2095,290,413,1392
2095,291,411,1393
2095,292,409,1394
2095,293,407,1395
2095,294,405,1396
2095,295,403,1397
2095,296,401,1398
2095,297,399,1399
2095,298,397,1400
2095,299,395,1401
2095,300,393,1402
2095,301,391,1403
2095,302,389,1404
2095,303,387,1405
2095,304,385,1406
2095,305,383,1407
2095,306,381,1408
2095,307,379,1409
2095,308,377,1410
2095,309,375,1411
2095,310,373,1412
2095,311,371,1413
2095,312,369,1414
2095,313,367,1415
2095,314,365,1416
2095,315,363,1417
2095,316,361,1418
2095,317,359,1419
2095,318,357,1420
2095,319,355,1421
2095,320,353,1422
2095,321,351,1423
2095,322,349,1424
2095,323,347,1425
2095,324,345,1426
2095,325,343,1427
2095,326,341,1428
2095,327,339,1429
2095,328,337,1430
2095,329,335,1431
2095,330,333,1432
2095,331,331,1433
2095,332,329,1434
2095,333,327,1435
2095,334,325,1436
2095,335,323,1437
2095,336,321,1438
2095,337,319,1439
2095,338,317,1440
2095,339,315,1441
2095,340,313,1442
2095,341,311,1443
2095,342,309,1444
2095,343,307,1445
2095,344,305,1446
2095,345,303,1447
2095,346,301,1448
2095,347,299,1449
2095,348,297,1450
2095,349,295,1451
2095,350,293,1452
2095,351,291,1453
2095,352,289,1454
2095,353,287,1455
2095,354,285,1456
2095,355,283,1457
2095,356,281,1458
2095,357,279,1459
2095,358,277,1460
2095,359,275,1461
2095,360,273,1462
2095,361,271,1463
2095,362,269,1464
2095,363,267,1465
2095,364,265,1466
2095,365,263,1467
2095,366,261,1468
2095,367,259,1469
2095,368,257,1470
2095,369,255,1471
2095,370,253,1472
2095,371,251,1473
2095,372,249,1474
2095,373,247,1475
2095,374,245,1476
2095,375,243,1477
2095,376,241,1478
2095,377,239,1479
2095,378,237,1480
2095,379,235,1481
2095,380,233,1482
2095,381,231,1483
2095,382,229,1484
2095,383,227,1485
2095,384,225,1486
2095,385,223,1487
2095,386,221,1488
2095,387,219,1489
2095,388,217,1490
2095,389,215,1491
2095,390,213,1492
2095,391,211,1493
2095,392,209,1494
2095,393,207,1495
2095,394,205,1496
2095,395,203,1497
2095,396,201,1498
2095,397,199,1499
2095,398,197,1500
2095,399,195,1501
2095,400,193,1502
2095,401,191,1503
2095,402,189,1504
2095,403,187,1505
2095,404,185,1506
2095,405,183,1507
2095,406,181,1508
2095,407,179,1509
2095,408,177,1510
2095,409,175,1511
2095,410,173,1512
2095,411,171,1513
2095,412,169,1514
2095,413,167,1515
2095,414,165,1516
2095,415,163,1517
2095,416,161,1518
2095,417,159,1519
2095,418,157,1520
2095,419,155,1521
2095,420,153,1522
2095,421,151,1523
2095,422,149,1524
2095,423,147,1525
2095,424,145,1526
2095,425,143,1527
2095,426,141,1528
2095,427,139,1529
2095,428,137,1530
2095,429,135,1531
2095,430,133,1532
2095,431,131,1533
2095,432,129,1534
2095,433,127,1535
2095,434,125,1536
2095,435,123,1537
2096,0,1009,1087
2096,1,1007,1088
2096,2,1005,1089
2096,3,1003,1090
2096,4,1001,1091
2096,5,999,1092
2096,6,997,1093
2096,7,995,1094
2096,8,993,1095
2096,9,991,1096
2096,10,989,1097
2096,11,987,1098
2096,12,985,1099
2096,13,983,1100
2096,14,981,1101
2096,15,979,1102
2096,16,977,1103
2096,17,975,1104
2096,18,973,1105
2096,19,971,1106
2096,20,969,1107
2096,21,967,1108
2096,22,965,1109
2096,23,963,1110
2096,24,961,1111
2096,25,959,1112
2096,26,957,1113
2096,27,955,1114
2096,28,953,1115
2096,29,951,1116
2096,30,949,1117
2096,31,947,1118
2096,32,945,1119
2096,33,943,1120
2096,34,941,1121
2096,35,939,1122
2096,36,937,1123
2096,37,935,1124
2096,38,933,1125
2096,39,931,1126
2096,40,929,1127
2096,41,927,1128
2096,42,925,1129
2096,43,923,1130
2096,44,921,1131
2096,45,919,1132
2096,46,917,1133
2096,47,915,1134
2096,48,913,1135
2096,49,911,1136
2096,50,909,1137
2096,51,907,1138
2096,52,905,1139
2096,53,903,1140
2096,54,901,1141
2096,55,899,1142
2096,56,897,1143
2096,57,895,1144
2096,58,893,1145
2096,59,891,1146
2096,60,889,1147
2096,61,887,1148
2096,62,885,1149
2096,63,883,1150
2096,64,881,1151
2096,65,879,1152
2096,66,877,1153
2096,67,875,1154
2096,68,873,1155
2096,69,871,1156
2096,70,869,1157
2096,71,867,1158
2096,72,865,1159
2096,73,863,1160
2096,74,861,1161
2096,75,859,1162
2096,76,857,1163
2096,77,855,1164
2096,78,853,1165
2096,79,851,1166
2096,80,849,1167
2096,81,847,1168
2096,82,845,1169
2096,83,843,1170
2096,84,841,1171
2096,85,839,1172
2096,86,837,1173
2096,87,835,1174
2096,88,833,1175
2096,89,831,1176
2096,90,829,1177
2096,91,827,1178
2096,92,825,1179
2096,93,823,1180
2096,94,821,1181
2096,95,819,1182
2096,96,817,1183
2096,97,815,1184
2096,98,813,1185
2096,99,811,1186
2096,100,809,1187
2096,101,807,1188
2096,102,805,1189
2096,103,803,1190
2096,104,801,1191
2096,105,799,1192
2096,106,797,1193
2096,107,795,1194
2096,108,793,1195
2096,109,791,1196
2096,110,789,1197
2096,111,787,1198
2096,112,785,1199
2096,113,783,1200
2096,114,781,1201
2096,115,779,1202
2096,116,777,1203
2096,117,775,1204
2096,118,773,1205
2096,119,771,1206
2096,120,769,1207
2096,121,767,1208
2096,122,765,1209
2096,123,763,1210
2096,124,761,1211
2096,125,759,1212
2096,126,757,1213
2096,127,755,1214
2096,128,753,1215
2096,129,751,1216
2096,130,749,1217
2096,131,747,1218
2096,132,745,1219
2096,133,743,1220
2096,134,741,1221
2096,135,739,1222
2096,136,737,1223
2096,137,735,1224
2096,138,733,1225
2096,139,731,1226
2096,140,729,1227
2096,141,727,1228
2096,142,725,1229
2096,143,723,1230
2096,144,721,1231
2096,145,719,1232
2096,146,717,1233
2096,147,715,1234
2096,148,713,1235
2096,149,711,1236
2096,150,709,1237
2096,151,707,1238
2096,152,705,1239
2096,153,703,1240
2096,154,701,1241
2096,155,699,1242
2096,156,697,1243
2096,157,695,1244
2096,158,693,1245
2096,159,691,1246
2096,160,689,1247
2096,161,687,1248
2096,162,685,1249
2096,163,683,1250
2096,164,681,1251
2096,165,679,1252
2096,166,677,1253
2096,167,675,1254
2096,168,673,1255
2096,169,671,1256
2096,170,669,1257
2096,171,667,1258
2096,172,665,1259
2096,173,663,1260
2096,174,661,1261
2096,175,659,1262
2096,176,657,1263
2096,177,655,1264
2096,178,653,1265
2096,179,651,1266
2096,180,649,1267
2096,181,647,1268
2096,182,645,1269
2096,183,643,1270
2096,184,641,1271
2096,185,639,1272
2096,186,637,1273
2096,187,635,1274
2096,188,633,1275
2096,189,631,1276
2096,190,629,1277
2096,191,627,1278
2096,192,625,1279
2096,193,623,1280
2096,194,621,1281
2096,195,619,1282
2096,196,617,1283
2096,197,615,1284
2096,198,613,1285
2096,199,611,1286
2096,200,609,1287
2096,201,607,1288
2096,202,605,1289
2096,203,603,1290
2096,204,601,1291
2096,205,599,1292
2096,206,597,1293
2096,207,595,1294
2096,208,593,1295
2096,209,591,1296
2096,210,589,1297
2096,211,587,1298
2096,212,585,1299
2096,213,583,1300
2096,214,581,1301
2096,215,579,1302
2096,216,577,1303
2096,217,575,1304
2096,218,573,1305
2096,219,571,1306
2096,220,569,1307
2096,221,567,1308
2096,222,565,1309
2096,223,563,1310
2096,224,561,1311
2096,225,559,1312
2096,226,557,1313
2096,227,555,1314
2096,228,553,1315
2096,229,551,1316
2096,230,549,1317
2096,231,547,1318
2096,232,545,1319
2096,233,543,1320
2096,234,541,1321
2096,235,539,1322
2096,236,537,1323
2096,237,535,1324
2096,238,533,1325
2096,239,531,1326
2096,240,529,1327
2096,241,527,1328
2096,242,525,1329
2096,243,523,1330
2096,244,521,1331
2096,245,519,1332
2096,246,517,1333
2096,247,515,1334
2096,248,513,1335
2096,249,511,1336
2096,250,509,1337
2096,251,507,1338
2096,252,505,1339
2096,253,503,1340
2096,254,501,1341
2096,255,499,1342
2096,256,497,1343
2096,257,495,1344
2096,258,493,1345
2096,259,491,1346
2096,260,489,1347
2096,261,487,1348
2096,262,485,1349
2096,263,483,1350
2096,264,481,1351
2096,265,479,1352
2096,266,477,1353
2096,267,475,1354
2096,268,473,1355
2096,269,471,1356
2096,270,469,1357
2096,271,467,1358
2096,272,465,1359
2096,273,463,1360
2096,274,461,1361
2096,275,459,1362
2096,276,457,1363
2096,277,455,1364
2096,278,453,1365
2096,279,451,1366
2096,280,449,1367
2096,281,447,1368
2096,282,445,1369
2096,283,443,1370
2096,284,441,1371
2096,285,439,1372
2096,286,437,1373
2096,287,435,1374
2096,288,433,1375
2096,289,431,1376
2096,290,429,1377
2096,291,427,1378
2096,292,425,1379
2096,293,423,1380
2096,294,421,1381
2096,295,419,1382
2096,296,417,1383
2096,297,415,1384
2096,298,413,1385
2096,299,411,1386
2096,300,409,1387
2096,301,407,1388
2096,302,405,1389
2096,303,403,1390
2096,304,401,1391
2096,305,399,1392
2096,306,397,1393
2096,307,395,1394
2096,308,393,1395
2096,309,391,1396
2096,310,389,1397
2096,311,387,1398
2096,312,385,1399
2096,313,383,1400
2096,314,381,1401
2096,315,379,1402
2096,316,377,1403
2096,317,375,1404
2096,318,373,1405
2096,319,371,1406
2096,320,369,1407
2096,321,367,1408
2096,322,365,1409
2096,323,363,1410
2096,324,361,1411
2096,325,359,1412
2096,326,357,1413
2096,327,355,1414
2096,328,353,1415
2096,329,351,1416
2096,330,349,1417
2096,331,347,1418
2096,332,345,1419
2096,333,343,1420
2096,334,341,1421
2096,335,339,1422
2096,336,337,1423
2096,337,335,1424
2096,338,333,1425
2096,339,331,1426
2096,340,329,1427
2096,341,327,1428
2096,342,325,1429
2096,343,323,1430
2096,344,321,1431
2096,345,319,1432
2096,346,317,1433
2096,347,315,1434
2096,348,313,1435
2096,349,311,1436
2096,350,309,1437
2096,351,307,1438
2096,352,305,1439
2096,353,303,1440
2096,354,301,1441
2096,355,299,1442
2096,356,297,1443
2096,357,295,1444
2096,358,293,1445
2096,359,291,1446
2096,360,289,1447
2096,361,287,1448
2096,362,285,1449
2096,363,283,1450
2096,364,281,1451
2096,365,279,1452
2096,366,277,1453
2096,367,275,1454
2096,368,273,1455
2096,369,271,1456
2096,370,269,1457
2096,371,267,1458
2096,372,265,1459
2096,373,263,1460
2096,374,261,1461
2096,375,259,1462
2096,376,257,1463
2096,377,255,1464
2096,378,253,1465
2096,379,251,1466
2096,380,249,1467
2096,381,247,1468
2096,382,245,1469
2096,383,243,1470
2096,384,241,1471
2096,385,239,1472
2096,386,237,1473
2096,387,235,1474
2096,388,233,1475
2096,389,231,1476
2096,390,229,1477
2096,391,227,1478
2096,392,225,1479
2096,393,223,1480
2096,394,221,1481
2096,395,219,1482
2096,396,217,1483
2096,397,215,1484
2096,398,213,1485
2096,399,211,1486
2096,400,209,1487
2096,401,207,1488
2096,402,205,1489
2096,403,203,1490
2096,404,201,1491
2096,405,199,1492
2096,406,197,1493
2096,407,195,1494
2096,408,193,1495
2096,409,191,1496
2096,410,189,1497
2096,411,187,1498
2096,412,185,1499
2096,413,183,1500
2096,414,181,1501
2096,415,179,1502
2096,416,177,1503
2096,417,175,1504
2096,418,173,1505
2096,419,171,1506
2096,420,169,1507
2096,421,167,1508
2096,422,165,1509
2096,423,163,1510
2096,424,161,1511
2096,425,159,1512
2096,426,157,1513
2096,427,155,1514
2096,428,153,1515
2096,429,151,1516
2096,430,149,1517
2096,431,147,1518
2096,432,145,1519
2096,433,143,1520
2096,434,141,1521
2096,435,139,1522
2097,0,1025,1072
2097,1,1023,1073
2097,2,1021,1074
2097,3,1019,1075
2097,4,1017,1076
2097,5,1015,1077
2097,6,1013,1078
2097,7,1011,1079
2097,8,1009,1080
2097,9,1007,1081
2097,10,1005,1082
2097,11,1003,1083
2097,12,1001,1084
2097,13,999,1085
2097,14,997,1086
2097,15,995,1087
2097,16,993,1088
2097,17,991,1089
2097,18,989,1090
2097,19,987,1091
2097,20,985,1092
2097,21,983,1093
2097,22,981,1094
2097,23,979,1095
2097,24,977,1096
2097,25,975,1097
2097,26,973,1098
2097,27,971,1099
2097,28,969,1100
2097,29,967,1101
2097,30,965,1102
2097,31,963,1103
2097,32,961,1104
2097,33,959,1105
2097,34,957,1106
2097,35,955,1107
2097,36,953,1108
2097,37,951,1109
2097,38,949,1110
2097,39,947,1111
2097,40,945,1112
2097,41,943,1113
2097,42,941,1114
2097,43,939,1115
2097,44,937,1116
2097,45,935,1117
2097,46,933,1118
2097,47,931,1119
2097,48,929,1120
2097,49,927,1121
2097,50,925,1122
2097,51,923,1123
2097,52,921,1124
2097,53,919,1125
2097,54,917,1126
2097,55,915,1127
2097,56,913,1128
2097,57,911,1129
2097,58,909,1130
2097,59,907,1131
2097,60,905,1132
2097,61,903,1133
2097,62,901,1134
2097,63,899,1135
2097,64,897,1136
2097,65,895,1137
2097,66,893,1138
2097,67,891,1139
2097,68,889,1140
2097,69,887,1141
2097,70,885,1142
2097,71,883,1143
2097,72,881,1144
2097,73,879,1145
2097,74,877,1146
2097,75,875,1147
2097,76,873,1148
2097,77,871,1149
2097,78,869,1150
2097,79,867,1151
2097,80,865,1152
2097,81,863,1153
2097,82,861,1154
2097,83,859,1155
2097,84,857,1156
2097,85,855,1157
2097,86,853,1158
2097,87,851,1159
2097,88,849,1160
2097,89,847,1161
2097,90,845,1162
2097,91,843,1163
2097,92,841,1164
2097,93,839,1165
2097,94,837,1166
2097,95,835,1167
2097,96,833,1168
2097,97,831,1169
2097,98,829,1170
2097,99,827,1171
2097,100,825,1172
2097,101,823,1173
2097,102,821,1174
2097,103,819,1175
2097,104,817,1176
2097,105,815,1177
2097,106,813,1178
2097,107,811,1179
2097,108,809,1180
2097,109,807,1181
2097,110,805,1182
2097,111,803,1183
2097,112,801,1184
2097,113,799,1185
2097,114,797,1186
2097,115,795,1187
2097,116,793,1188
2097,117,791,1189
2097,118,789,1190
2097,119,787,1191
2097,120,785,1192
2097,121,783,1193
2097,122,781,1194
2097,123,779,1195
2097,124,777,1196
2097,125,775,1197
2097,126,773,1198
2097,127,771,1199
2097,128,769,1200
2097,129,767,1201
2097,130,765,1202
2097,131,763,1203
2097,132,761,1204
2097,133,759,1205
2097,134,757,1206
2097,135,755,1207
2097,136,753,1208
2097,137,751,1209
2097,138,749,1210
2097,139,747,1211
2097,140,745,1212
2097,141,743,1213
2097,142,741,1214
2097,143,739,1215
2097,144,737,1216
2097,145,735,1217
2097,146,733,1218
2097,147,731,1219
2097,148,729,1220
2097,149,727,1221
2097,150,725,1222
2097,151,723,1223
2097,152,721,1224
2097,153,719,1225
2097,154,717,1226
2097,155,715,1227
2097,156,713,1228
2097,157,711,1229
2097,158,709,1230
2097,159,707,1231
2097,160,705,1232
2097,161,703,1233
2097,162,701,1234
2097,163,699,1235
2097,164,697,1236
2097,165,695,1237
2097,166,693,1238
2097,167,691,1239
2097,168,689,1240
2097,169,687,1241
2097,170,685,1242
2097,171,683,1243
2097,172,681,1244
2097,173,679,1245
2097,174,677,1246
2097,175,675,1247
2097,176,673,1248
2097,177,671,1249
2097,178,669,1250
2097,179,667,1251
2097,180,665,1252
2097,181,663,1253
2097,182,661,1254
2097,183,659,1255
2097,184,657,1256
2097,185,655,1257
2097,186,653,1258
2097,187,651,1259
2097,188,649,1260
2097,189,647,1261
2097,190,645,1262
2097,191,643,1263
2097,192,641,1264
2097,193,639,1265
2097,194,637,1266
2097,195,635,1267
2097,196,633,1268
2097,197,631,1269
2097,198,629,1270
2097,199,627,1271
2097,200,625,1272
2097,201,623,1273
2097,202,621,1274
2097,203,619,1275
2097,204,617,1276
2097,205,615,1277
2097,206,613,1278
2097,207,611,1279
2097,208,609,1280
2097,209,607,1281
2097,210,605,1282
2097,211,603,1283
2097,212,601,1284
2097,213,599,1285
2097,214,597,1286
2097,215,595,1287
2097,216,593,1288
2097,217,591,1289
2097,218,589,1290
2097,219,587,1291
2097,220,585,1292
2097,221,583,1293
2097,222,581,1294
2097,223,579,1295
2097,224,577,1296
2097,225,575,1297
2097,226,573,1298
2097,227,571,1299
2097,228,569,1300
2097,229,567,1301
2097,230,565,1302
2097,231,563,1303
2097,232,561,1304
2097,233,559,1305
2097,234,557,1306
2097,235,555,1307
2097,236,553,1308
2097,237,551,1309
2097,238,549,1310
2097,239,547,1311
2097,240,545,1312
2097,241,543,1313
2097,242,541,1314
2097,243,539,1315
2097,244,537,1316
2097,245,535,1317
2097,246,533,1318
2097,247,531,1319
2097,248,529,1320
2097,249,527,1321
2097,250,525,1322
2097,251,523,1323
2097,252,521,1324
2097,253,519,1325
2097,254,517,1326
2097,255,515,1327
2097,256,513,1328
2097,257,511,1329
2097,258,509,1330
2097,259,507,1331
2097,260,505,1332
2097,261,503,1333
2097,262,501,1334
2097,263,499,1335
2097,264,497,1336
2097,265,495,1337
2097,266,493,1338
2097,267,491,1339
2097,268,489,1340
2097,269,487,1341
2097,270,485,1342
2097,271,483,1343
2097,272,481,1344
2097,273,479,1345
2097,274,477,1346
2097,275,475,1347
2097,276,473,1348
2097,277,471,1349
2097,278,469,1350
2097,279,467,1351
2097,280,465,1352
2097,281,463,1353
2097,282,461,1354
2097,283,459,1355
2097,284,457,1356
2097,285,455,1357
2097,286,453,1358
2097,287,451,1359
2097,288,449,1360
2097,289,447,1361
2097,290,445,1362
2097,291,443,1363
2097,292,441,1364
2097,293,439,1365
2097,294,437,1366
2097,295,435,1367
2097,296,433,1368
2097,297,431,1369
2097,298,429,1370
2097,299,427,1371
2097,300,425,1372
2097,301,423,1373
2097,302,421,1374
2097,303,419,1375
2097,304,417,1376
2097,305,415,1377
2097,306,413,1378
2097,307,411,1379
2097,308,409,1380
2097,309,407,1381
2097,310,405,1382
2097,311,403,1383
2097,312,401,1384
2097,313,399,1385
2097,314,397,1386
2097,315,395,1387
2097,316,393,1388
2097,317,391,1389
2097,318,389,1390
2097,319,387,1391
2097,320,385,1392
2097,321,383,1393
2097,322,381,1394
2097,323,379,1395
2097,324,377,1396
2097,325,375,1397
2097,326,373,1398
2097,327,371,1399
2097,328,369,1400
2097,329,367,1401
2097,330,365,1402
2097,331,363,1403
2097,332,361,1404
2097,333,359,1405
2097,334,357,1406
2097,335,355,1407
2097,336,353,1408
2097,337,351,1409
2097,338,349,1410
2097,339,347,1411
2097,340,345,1412
2097,341,343,1413
2097,342,341,1414
2097,343,339,1415
2097,344,337,1416
2097,345,335,1417
2097,346,333,1418
2097,347,331,1419
2097,348,329,1420
2097,349,327,1421
2097,350,325,1422
2097,351,323,1423
2097,352,321,1424
2097,353,319,1425
2097,354,317,1426
2097,355,315,1427
2097,356,313,1428
2097,357,311,1429
2097,358,309,1430
2097,359,307,1431
2097,360,305,1432
2097,361,303,1433
2097,362,301,1434
2097,363,299,1435
2097,364,297,1436
2097,365,295,1437
2097,366,293,1438
2097,367,291,1439
2097,368,289,1440
2097,369,287,1441
2097,370,285,1442
2097,371,283,1443
2097,372,281,1444
2097,373,279,1445
2097,374,277,1446
2097,375,275,1447
2097,376,273,1448
2097,377,271,1449
2097,378,269,1450
2097,379,267,1451
2097,380,265,1452
2097,381,263,1453
2097,382,261,1454
2097,383,259,1455
2097,384,257,1456
2097,385,255,1457
2097,386,253,1458
2097,387,251,1459
2097,388,249,1460
2097,389,247,1461
2097,390,245,1462
2097,391,243,1463
2097,392,241,1464
2097,393,239,1465
2097,394,237,1466
2097,395,235,1467
2097,396,233,1468
2097,397,231,1469
2097,398,229,1470
2097,399,227,1471
2097,400,225,1472
2097,401,223,1473
2097,402,221,1474
2097,403,219,1475
2097,404,217,1476
2097,405,215,1477
2097,406,213,1478
2097,407,211,1479
2097,408,209,1480
2097,409,207,1481
2097,410,205,1482
2097,411,203,1483
2097,412,201,1484
2097,413,199,1485
2097,414,197,1486
2097,415,195,1487
2097,416,193,1488
2097,417,191,1489
2097,418,189,1490
2097,419,187,1491
2097,420,185,1492
2097,421,183,1493
2097,422,181,1494
2097,423,179,1495
2097,424,177,1496
2097,425,175,1497
2097,426,173,1498
2097,427,171,1499
2097,428,169,1500
2097,429,167,1501
2097,430,165,1502
2097,431,163,1503
2097,432,161,1504
2097,433,159,1505
2097,434,157,1506
2097,435,155,1507
2098,0,1041,1057
2098,1,1039,1058
2098,2,1037,1059
2098,3,1035,1060
2098,4,1033,1061
2098,5,1031,1062
2098,6,1029,1063
2098,7,1027,1064
2098,8,1025,1065
2098,9,1023,1066
2098,10,1021,1067
2098,11,1019,1068
2098,12,1017,1069
2098,13,1015,1070
2098,14,1013,1071
2098,15,1011,1072
2098,16,1009,1073
2098,17,1007,1074
2098,18,1005,1075
2098,19,1003,1076
2098,20,1001,1077
2098,21,999,1078
2098,22,997,1079
2098,23,995,1080
2098,24,993,1081
2098,25,991,1082
2098,26,989,1083
2098,27,987,1084
2098,28,985,1085
2098,29,983,1086
2098,30,981,1087
2098,31,979,1088
2098,32,977,1089
2098,33,975,1090
2098,34,973,1091
2098,35,971,1092
2098,36,969,1093
2098,37,967,1094
2098,38,965,1095
2098,39,963,1096
2098,40,961,1097
2098,41,959,1098
2098,42,957,1099
2098,43,955,1100
2098,44,953,1101
2098,45,951,1102
2098,46,949,1103
2098,47,947,1104
2098,48,945,1105
2098,49,943,1106
2098,50,941,1107
2098,51,939,1108
2098,52,937,1109
2098,53,935,1110
2098,54,933,1111
2098,55,931,1112
2098,56,929,1113
2098,57,927,1114
2098,58,925,1115
2098,59,923,1116
2098,60,921,1117
2098,61,919,1118
2098,62,917,1119
2098,63,915,1120
2098,64,913,1121
2098,65,911,1122
2098,66,909,1123
2098,67,907,1124
2098,68,905,1125
2098,69,903,1126
2098,70,901,1127
2098,71,899,1128
2098,72,897,1129
2098,73,895,1130
2098,74,893,1131
2098,75,891,1132
2098,76,889,1133
2098,77,887,1134
2098,78,885,1135
2098,79,883,1136
2098,80,881,1137
2098,81,879,1138
2098,82,877,1139
2098,83,875,1140
2098,84,873,1141
2098,85,871,1142
2098,86,869,1143
2098,87,867,1144
2098,88,865,1145
2098,89,863,1146
2098,90,861,1147
2098,91,859,1148
2098,92,857,1149
2098,93,855,1150
2098,94,853,1151
2098,95,851,1152
2098,96,849,1153
2098,97,847,1154
2098,98,845,1155
2098,99,843,1156
2098,100,841,1157
2098,101,839,1158
2098,102,837,1159
2098,103,835,1160
2098,104,833,1161
2098,105,831,1162
2098,106,829,1163
2098,107,827,1164
2098,108,825,1165
2098,109,823,1166
2098,110,821,1167
2098,111,819,1168
2098,112,817,1169
2098,113,815,1170
2098,114,813,1171
2098,115,811,1172
2098,116,809,1173
2098,117,807,1174
2098,118,805,1175
2098,119,803,1176
2098,120,801,1177
2098,121,799,1178
2098,122,797,1179
2098,123,795,1180
2098,124,793,1181
2098,125,791,1182
2098,126,789,1183
2098,127,787,1184
2098,128,785,1185
2098,129,783,1186
2098,130,781,1187
2098,131,779,1188
2098,132,777,1189
2098,133,775,1190
2098,134,773,1191
2098,135,771,1192
2098,136,769,1193
2098,137,767,1194
2098,138,765,1195
2098,139,763,1196
2098,140,761,1197
2098,141,759,1198
2098,142,757,1199
2098,143,755,1200
2098,144,753,1201
2098,145,751,1202
2098,146,749,1203
2098,147,747,1204
2098,148,745,1205
2098,149,743,1206
2098,150,741,1207
2098,151,739,1208
2098,152,737,1209
2098,153,735,1210
2098,154,733,1211
2098,155,731,1212
2098,156,729,1213
2098,157,727,1214
2098,158,725,1215
2098,159,723,1216
2098,160,721,1217
2098,161,719,1218
2098,162,717,1219
2098,163,715,1220
2098,164,713,1221
2098,165,711,1222
2098,166,709,1223
2098,167,707,1224
2098,168,705,1225
2098,169,703,1226
2098,170,701,1227
2098,171,699,1228
2098,172,697,1229
2098,173,695,1230
2098,174,693,1231
2098,175,691,1232
2098,176,689,1233
2098,177,687,1234
2098,178,685,1235
2098,179,683,1236
2098,180,681,1237
2098,181,679,1238
2098,182,677,1239
2098,183,675,1240
2098,184,673,1241
2098,185,671,1242
2098,186,669,1243
2098,187,667,1244
2098,188,665,1245
2098,189,663,1246
2098,190,661,1247
2098,191,659,1248
2098,192,657,1249
2098,193,655,1250
2098,194,653,1251
2098,195,651,1252
2098,196,649,1253
2098,197,647,1254
2098,198,645,1255
2098,199,643,1256
2098,200,641,1257
2098,201,639,1258
2098,202,637,1259
2098,203,635,1260
2098,204,633,1261
2098,205,631,1262
2098,206,629,1263
2098,207,627,1264
2098,208,625,1265
2098,209,623,1266
2098,210,621,1267
2098,211,619,1268
2098,212,617,1269
2098,213,615,1270
2098,214,613,1271
2098,215,611,1272
2098,216,609,1273
2098,217,607,1274
2098,218,605,1275
2098,219,603,1276
2098,220,601,1277
2098,221,599,1278
2098,222,597,1279
2098,223,595,1280
2098,224,593,1281
2098,225,591,1282
2098,226,589,1283
2098,227,587,1284
2098,228,585,1285
2098,229,583,1286
2098,230,581,1287
2098,231,579,1288
2098,232,577,1289
2098,233,575,1290
2098,234,573,1291
2098,235,571,1292
2098,236,569,1293
2098,237,567,1294
2098,238,565,1295
2098,239,563,1296
2098,240,561,1297
2098,241,559,1298
2098,242,557,1299
2098,243,555,1300
2098,244,553,1301
2098,245,551,1302
2098,246,549,1303
2098,247,547,1304
2098,248,545,1305
2098,249,543,1306
2098,250,541,1307
2098,251,539,1308
2098,252,537,1309
2098,253,535,1310
2098,254,533,1311
2098,255,531,1312
2098,256,529,1313
2098,257,527,1314
2098,258,525,1315
2098,259,523,1316
2098,260,521,1317
2098,261,519,1318
2098,262,517,1319
2098,263,515,1320
2098,264,513,1321
2098,265,511,1322
2098,266,509,1323
2098,267,507,1324
2098,268,505,1325
2098,269,503,1326
2098,270,501,1327
2098,271,499,1328
2098,272,497,1329
2098,273,495,1330
2098,274,493,1331
2098,275,491,1332
2098,276,489,1333
2098,277,487,1334
2098,278,485,1335
2098,279,483,1336
2098,280,481,1337
2098,281,479,1338
2098,282,477,1339
2098,283,475,1340
2098,284,473,1341
2098,285,471,1342
2098,286,469,1343
2098,287,467,1344
2098,288,465,1345
2098,289,463,1346
2098,290,461,1347
2098,291,459,1348
2098,292,457,1349
2098,293,455,1350
2098,294,453,1351
2098,295,451,1352
2098,296,449,1353
2098,297,447,1354
2098,298,445,1355
2098,299,443,1356
2098,300,441,1357
2098,301,439,1358
2098,302,437,1359
2098,303,435,1360
2098,304,433,1361
2098,305,431,1362
2098,306,429,1363
2098,307,427,1364
2098,308,425,1365
2098,309,423,1366
2098,310,421,1367
2098,311,419,1368
2098,312,417,1369
2098,313,415,1370
2098,314,413,1371
2098,315,411,1372
2098,316,409,1373
2098,317,407,1374
2098,318,405,1375
2098,319,403,1376
2098,320,401,1377
2098,321,399,1378
2098,322,397,1379
2098,323,395,1380
2098,324,393,1381
2098,325,391,1382
2098,326,389,1383
2098,327,387,1384
2098,328,385,1385
2098,329,383,1386
2098,330,381,1387
2098,331,379,1388
2098,332,377,1389
2098,333,375,1390
2098,334,373,1391
2098,335,371,1392
2098,336,369,1393
2098,337,367,1394
2098,338,365,1395
2098,339,363,1396
2098,340,361,1397
2098,341,359,1398
2098,342,357,1399
2098,343,355,1400
2098,344,353,1401
2098,345,351,1402
2098,346,349,1403
2098,347,347,1404
2098,348,345,1405
2098,349,343,1406
2098,350,341,1407
2098,351,339,1408
2098,352,337,1409
2098,353,335,1410
2098,354,333,1411
2098,355,331,1412
2098,356,329,1413
2098,357,327,1414
2098,358,325,1415
2098,359,323,1416
2098,360,321,1417
2098,361,319,1418
2098,362,317,1419
2098,363,315,1420
2098,364,313,1421
2098,365,311,1422
2098,366,309,1423
2098,367,307,1424
2098,368,305,1425
2098,369,303,1426
2098,370,301,1427
2098,371,299,1428
2098,372,297,1429
2098,373,295,1430
2098,374,293,1431
2098,375,291,1432
2098,376,289,1433
2098,377,287,1434
2098,378,285,1435
2098,379,283,1436
2098,380,281,1437
2098,381,279,1438
2098,382,277,1439
2098,383,275,1440
2098,384,273,1441
2098,385,271,1442
2098,386,269,1443
2098,387,267,1444
2098,388,265,1445
2098,389,263,1446
2098,390,261,1447
2098,391,259,1448
2098,392,257,1449
2098,393,255,1450
2098,394,253,1451
2098,395,251,1452
2098,396,249,1453
2098,397,247,1454
2098,398,245,1455
2098,399,243,1456
2098,400,241,1457
2098,401,239,1458
2098,402,237,1459
2098,403,235,1460
2098,404,233,1461
2098,405,231,1462
2098,406,229,1463
2098,407,227,1464
2098,408,225,1465
2098,409,223,1466
2098,410,221,1467
2098,411,219,1468
2098,412,217,1469
2098,413,215,1470
2098,414,213,1471
2098,415,211,1472
2098,416,209,1473
2098,417,207,1474
2098,418,205,1475
2098,419,203,1476
2098,420,201,1477
2098,421,199,1478
2098,422,197,1479
2098,423,195,1480
2098,424,193,1481
2098,425,191,1482
2098,426,189,1483
2098,427,187,1484
2098,428,185,1485
2098,429,183,1486
2098,430,181,1487
2098,431,179,1488
2098,432,177,1489
2098,433,175,1490
2098,434,173,1491
2098,435,171,1492
2099,0,1057,1042
2099,1,1055,1043
2099,2,1053,1044
2099,3,1051,1045
2099,4,1049,1046
2099,5,1047,1047
2099,6,1045,1048
2099,7,1043,1049
2099,8,1041,1050
2099,9,1039,1051
2099,10,1037,1052
2099,11,1035,1053
2099,12,1033,1054
2099,13,1031,1055
2099,14,1029,1056
2099,15,1027,1057
2099,16,1025,1058
2099,17,1023,1059
2099,18,1021,1060
2099,19,1019,1061
2099,20,1017,1062
2099,21,1015,1063
2099,22,1013,1064
2099,23,1011,1065
2099,24,1009,1066
2099,25,1007,1067
2099,26,1005,1068
2099,27,1003,1069
2099,28,1001,1070
2099,29,999,1071
2099,30,997,1072
2099,31,995,1073
2099,32,993,1074
2099,33,991,1075
2099,34,989,1076
2099,35,987,1077
2099,36,985,1078
2099,37,983,1079
2099,38,981,1080
2099,39,979,1081
2099,40,977,1082
2099,41,975,1083
2099,42,973,1084
2099,43,971,1085
2099,44,969,1086
2099,45,967,1087
2099,46,965,1088
2099,47,963,1089
2099,48,961,1090
2099,49,959,1091
2099,50,957,1092
2099,51,955,1093
2099,52,953,1094
2099,53,951,1095
2099,54,949,1096
2099,55,947,1097
2099,56,945,1098
2099,57,943,1099
2099,58,941,1100
2099,59,939,1101
2099,60,937,1102
2099,61,935,1103
2099,62,933,1104
2099,63,931,1105
2099,64,929,1106
2099,65,927,1107
2099,66,925,1108
2099,67,923,1109
2099,68,921,1110
2099,69,919,1111
2099,70,917,1112
2099,71,915,1113
2099,72,913,1114
2099,73,911,1115
2099,74,909,1116
2099,75,907,1117
2099,76,905,1118
2099,77,903,1119
2099,78,901,1120
2099,79,899,1121
2099,80,897,1122
2099,81,895,1123
2099,82,893,1124
2099,83,891,1125
2099,84,889,1126
2099,85,887,1127
2099,86,885,1128
2099,87,883,1129
2099,88,881,1130
2099,89,879,1131
2099,90,877,1132
2099,91,875,1133
2099,92,873,1134
2099,93,871,1135
2099,94,869,1136
2099,95,867,1137
2099,96,865,1138
2099,97,863,1139
2099,98,861,1140
2099,99,859,1141
2099,100,857,1142
2099,101,855,1143
2099,102,853,1144
2099,103,851,1145
2099,104,849,1146
2099,105,847,1147
2099,106,845,1148
2099,107,843,1149
2099,108,841,1150
2099,109,839,1151
2099,110,837,1152
2099,111,835,1153
2099,112,833,1154
2099,113,831,1155
2099,114,829,1156
2099,115,827,1157
2099,116,825,1158
2099,117,823,1159
2099,118,821,1160
2099,119,819,1161
2099,120,817,1162
2099,121,815,1163
2099,122,813,1164
2099,123,811,1165
2099,124,809,1166
2099,125,807,1167
2099,126,805,1168
2099,127,803,1169
2099,128,801,1170
2099,129,799,1171
2099,130,797,1172
2099,131,795,1173
2099,132,793,1174
2099,133,791,1175
2099,134,789,1176
2099,135,787,1177
2099,136,785,1178
2099,137,783,1179
2099,138,781,1180
2099,139,779,1181
2099,140,777,1182
2099,141,775,1183
2099,142,773,1184
2099,143,771,1185
2099,144,769,1186
2099,145,767,1187
2099,146,765,1188
2099,147,763,1189
2099,148,761,1190
2099,149,759,1191
2099,150,757,1192
2099,151,755,1193
2099,152,753,1194
2099,153,751,1195
2099,154,749,1196
2099,155,747,1197
2099,156,745,1198
2099,157,743,1199
2099,158,741,1200
2099,159,739,1201
2099,160,737,1202
2099,161,735,1203
2099,162,733,1204
2099,163,731,1205
2099,164,729,1206
2099,165,727,1207
2099,166,725,1208
2099,167,723,1209
2099,168,721,1210
2099,169,719,1211
2099,170,717,1212
2099,171,715,1213
2099,172,713,1214
2099,173,711,1215
2099,174,709,1216
2099,175,707,1217
2099,176,705,1218
2099,177,703,1219
2099,178,701,1220
2099,179,699,1221
2099,180,697,1222
2099,181,695,1223
2099,182,693,1224
2099,183,691,1225
2099,184,689,1226
2099,185,687,1227
2099,186,685,1228
2099,187,683,1229
2099,188,681,1230
2099,189,679,1231
2099,190,677,1232
2099,191,675,1233
2099,192,673,1234
2099,193,671,1235
2099,194,669,1236
2099,195,667,1237
2099,196,665,1238
2099,197,663,1239
2099,198,661,1240
2099,199,659,1241
2099,200,657,1242
2099,201,655,1243
2099,202,653,1244
2099,203,651,1245
2099,204,649,1246
2099,205,647,1247
2099,206,645,1248
2099,207,643,1249
2099,208,641,1250
2099,209,639,1251
2099,210,637,1252
2099,211,635,1253
2099,212,633,1254
2099,213,631,1255
2099,214,629,1256
2099,215,627,1257
2099,216,625,1258
2099,217,623,1259
2099,218,621,1260
2099,219,619,1261
2099,220,617,1262
2099,221,615,1263
2099,222,613,1264
2099,223,611,1265
2099,224,609,1266
2099,225,607,1267
2099,226,605,1268
2099,227,603,1269
2099,228,601,1270
2099,229,599,1271
2099,230,597,1272
2099,231,595,1273
2099,232,593,1274
2099,233,591,1275
2099,234,589,1276
2099,235,587,1277
2099,236,585,1278
2099,237,583,1279
2099,238,581,1280
2099,239,579,1281
2099,240,577,1282
2099,241,575,1283
2099,242,573,1284
2099,243,571,1285
2099,244,569,1286
2099,245,567,1287
2099,246,565,1288
2099,247,563,1289
2099,248,561,1290
2099,249,559,1291
2099,250,557,1292
2099,251,555,1293
2099,252,553,1294
2099,253,551,1295
2099,254,549,1296
2099,255,547,1297
2099,256,545,1298
2099,257,543,1299
2099,258,541,1300
2099,259,539,1301
2099,260,537,1302
2099,261,535,1303
2099,262,533,1304
2099,263,531,1305
2099,264,529,1306
2099,265,527,1307
2099,266,525,1308
2099,267,523,1309
2099,268,521,1310
2099,269,519,1311
2099,270,517,1312
2099,271,515,1313
2099,272,513,1314
2099,273,511,1315
2099,274,509,1316
2099,275,507,1317
2099,276,505,1318
2099,277,503,1319
2099,278,501,1320
2099,279,499,1321
2099,280,497,1322
2099,281,495,1323
2099,282,493,1324
2099,283,491,1325
2099,284,489,1326
2099,285,487,1327
2099,286,485,1328
2099,287,483,1329
2099,288,481,1330
2099,289,479,1331
2099,290,477,1332
2099,291,475,1333
2099,292,473,1334
2099,293,471,1335
2099,294,469,1336
2099,295,467,1337
2099,296,465,1338
2099,297,463,1339
2099,298,461,1340
2099,299,459,1341
2099,300,457,1342
2099,301,455,1343
2099,302,453,1344
2099,303,451,1345
2099,304,449,1346
2099,305,447,1347
2099,306,445,1348
2099,307,443,1349
2099,308,441,1350
2099,309,439,1351
2099,310,437,1352
2099,311,435,1353
2099,312,433,1354
2099,313,431,1355
2099,314,429,1356
2099,315,427,1357
2099,316,425,1358
2099,317,423,1359
2099,318,421,1360
2099,319,419,1361
2099,320,417,1362
2099,321,415,1363
2099,322,413,1364
2099,323,411,1365
2099,324,409,1366
2099,325,407,1367
2099,326,405,1368
2099,327,403,1369
2099,328,401,1370
2099,329,399,1371
2099,330,397,1372
2099,331,395,1373
2099,332,393,1374
2099,333,391,1375
2099,334,389,1376
2099,335,387,1377
2099,336,385,1378
2099,337,383,1379
2099,338,381,1380
2099,339,379,1381
2099,340,377,1382
2099,341,375,1383
2099,342,373,1384
2099,343,371,1385
2099,344,369,1386
2099,345,367,1387
2099,346,365,1388
2099,347,363,1389
2099,348,361,1390
2099,349,359,1391
2099,350,357,1392
2099,351,355,1393
2099,352,353,1394
2099,353,351,1395
2099,354,349,1396
2099,355,347,1397
2099,356,345,1398
2099,357,343,1399
2099,358,341,1400
2099,359,339,1401
2099,360,337,1402
2099,361,335,1403
2099,362,333,1404
2099,363,331,1405
2099,364,329,1406
2099,365,327,1407
2099,366,325,1408
2099,367,323,1409
2099,368,321,1410
2099,369,319,1411
2099,370,317,1412
2099,371,315,1413
2099,372,313,1414
2099,373,311,1415
2099,374,309,1416
2099,375,307,1417
2099,376,305,1418
2099,377,303,1419
2099,378,301,1420
2099,379,299,1421
2099,380,297,1422
2099,381,295,1423
2099,382,293,1424
2099,383,291,1425
2099,384,289,1426
2099,385,287,1427
2099,386,285,1428
2099,387,283,1429
2099,388,281,1430
2099,389,279,1431
2099,390,277,1432
2099,391,275,1433
2099,392,273,1434
2099,393,271,1435
2099,394,269,1436
2099,395,267,1437
2099,396,265,1438
2099,397,263,1439
2099,398,261,1440
2099,399,259,1441
2099,400,257,1442
2099,401,255,1443
2099,402,253,1444
2099,403,251,1445
2099,404,249,1446
2099,405,247,1447
2099,406,245,1448
2099,407,243,1449
2099,408,241,1450
2099,409,239,1451
2099,410,237,1452
2099,411,235,1453
2099,412,233,1454
2099,413,231,1455
2099,414,229,1456
2099,415,227,1457
2099,416,225,1458
2099,417,223,1459
2099,418,221,1460
2099,419,219,1461
2099,420,217,1462
2099,421,215,1463
2099,422,213,1464
2099,423,211,1465
2099,424,209,1466
2099,425,207,1467
2099,426,205,1468
2099,427,203,1469
2099,428,201,1470
2099,429,199,1471
2099,430,197,1472
2099,431,195,1473
2099,432,193,1474
2099,433,191,1475
2099,434,189,1476
2099,435,187,1477
2100,0,1073,1027
2100,1,1071,1028
2100,2,1069,1029
2100,3,1067,1030
2100,4,1065,1031
2100,5,1063,1032
2100,6,1061,1033
2100,7,1059,1034
2100,8,1057,1035
2100,9,1055,1036
2100,10,1053,1037
2100,11,1051,1038
2100,12,1049,1039
2100,13,1047,1040
2100,14,1045,1041
2100,15,1043,1042
2100,16,1041,1043
2100,17,1039,1044
2100,18,1037,1045
2100,19,1035,1046
2100,20,1033,1047
2100,21,1031,1048
2100,22,1029,1049
2100,23,1027,1050
2100,24,1025,1051
2100,25,1023,1052
2100,26,1021,1053
2100,27,1019,1054
2100,28,1017,1055
2100,29,1015,1056
2100,30,1013,1057
2100,31,1011,1058
2100,32,1009,1059
2100,33,1007,1060
2100,34,1005,1061
2100,35,1003,1062
2100,36,1001,1063
2100,37,999,1064
2100,38,997,1065
2100,39,995,1066
2100,40,993,1067
2100,41,991,1068
2100,42,989,1069
2100,43,987,1070
2100,44,985,1071
2100,45,983,1072
2100,46,981,1073
2100,47,979,1074
2100,48,977,1075
2100,49,975,1076
2100,50,973,1077
2100,51,971,1078
2100,52,969,1079
2100,53,967,1080
2100,54,965,1081
2100,55,963,1082
2100,56,961,1083
2100,57,959,1084
2100,58,957,1085
2100,59,955,1086
2100,60,953,1087
2100,61,951,1088
2100,62,949,1089
2100,63,947,1090
2100,64,945,1091
2100,65,943,1092
2100,66,941,1093
2100,67,939,1094
2100,68,937,1095
2100,69,935,1096
2100,70,933,1097
2100,71,931,1098
2100,72,929,1099
2100,73,927,1100
2100,74,925,1101
2100,75,923,1102
2100,76,921,1103
2100,77,919,1104
2100,78,917,1105
2100,79,915,1106
2100,80,913,1107
2100,81,911,1108
2100,82,909,1109
2100,83,907,1110
2100,84,905,1111
2100,85,903,1112
2100,86,901,1113
2100,87,899,1114
2100,88,897,1115
2100,89,895,1116
2100,90,893,1117
2100,91,891,1118
2100,92,889,1119
2100,93,887,1120
2100,94,885,1121
2100,95,883,1122
2100,96,881,1123
2100,97,879,1124
2100,98,877,1125
2100,99,875,1126
2100,100,873,1127
2100,101,871,1128
2100,102,869,1129
2100,103,867,1130
2100,104,865,1131
2100,105,863,1132
2100,106,861,1133
2100,107,859,1134
2100,108,857,1135
2100,109,855,1136
2100,110,853,1137
2100,111,851,1138
2100,112,849,1139
2100,113,847,1140
2100,114,845,1141
2100,115,843,1142
2100,116,841,1143
2100,117,839,1144
2100,118,837,1145
2100,119,835,1146
2100,120,833,1147
2100,121,831,1148
2100,122,829,1149
2100,123,827,1150
2100,124,825,1151
2100,125,823,1152
2100,126,821,1153
2100,127,819,1154
2100,128,817,1155
2100,129,815,1156
2100,130,813,1157
2100,131,811,1158
2100,132,809,1159
2100,133,807,1160
2100,134,805,1161
2100,135,803,1162
2100,136,801,1163
2100,137,799,1164
2100,138,797,1165
2100,139,795,1166
2100,140,793,1167
2100,141,791,1168
2100,142,789,1169
2100,143,787,1170
2100,144,785,1171
2100,145,783,1172
2100,146,781,1173
2100,147,779,1174
2100,148,777,1175
2100,149,775,1176
2100,150,773,1177
2100,151,771,1178
2100,152,769,1179
2100,153,767,1180
2100,154,765,1181
2100,155,763,1182
2100,156,761,1183
2100,157,759,1184
2100,158,757,1185
2100,159,755,1186
2100,160,753,1187
2100,161,751,1188
2100,162,749,1189
2100,163,747,1190
2100,164,745,1191
2100,165,743,1192
2100,166,741,1193
2100,167,739,1194
2100,168,737,1195
2100,169,735,1196
2100,170,733,1197
2100,171,731,1198
2100,172,729,1199
2100,173,727,1200
2100,174,725,1201
2100,175,723,1202
2100,176,721,1203
2100,177,719,1204
2100,178,717,1205
2100,179,715,1206
2100,180,713,1207
2100,181,711,1208
2100,182,709,1209
2100,183,707,1210
2100,184,705,1211
2100,185,703,1212
2100,186,701,1213
2100,187,699,1214
2100,188,697,1215
2100,189,695,1216
2100,190,693,1217
2100,191,691,1218
2100,192,689,1219
2100,193,687,1220
2100,194,685,1221
2100,195,683,1222
2100,196,681,1223
2100,197,679,1224
2100,198,677,1225
2100,199,675,1226
2100,200,673,1227
2100,201,671,1228
2100,202,669,1229
2100,203,667,1230
2100,204,665,1231
2100,205,663,1232
2100,206,661,1233
2100,207,659,1234
2100,208,657,1235
2100,209,655,1236
2100,210,653,1237
2100,211,651,1238
2100,212,649,1239
2100,213,647,1240
2100,214,645,1241
2100,215,643,1242
2100,216,641,1243
2100,217,639,1244
2100,218,637,1245
2100,219,635,1246
2100,220,633,1247
2100,221,631,1248
2100,222,629,1249
2100,223,627,1250
2100,224,625,1251
2100,225,623,1252
2100,226,621,1253
2100,227,619,1254
2100,228,617,1255
2100,229,615,1256
2100,230,613,1257
2100,231,611,1258
2100,232,609,1259
2100,233,607,1260
2100,234,605,1261
2100,235,603,1262
2100,236,601,1263
2100,237,599,1264
2100,238,597,1265
2100,239,595,1266
2100,240,593,1267
2100,241,591,1268
2100,242,589,1269
2100,243,587,1270
2100,244,585,1271
2100,245,583,1272
2100,246,581,1273
2100,247,579,1274
2100,248,577,1275
2100,249,575,1276
2100,250,573,1277
2100,251,571,1278
2100,252,569,1279
2100,253,567,1280
2100,254,565,1281
2100,255,563,1282
2100,256,561,1283
2100,257,559,1284
2100,258,557,1285
2100,259,555,1286
2100,260,553,1287
2100,261,551,1288
2100,262,549,1289
2100,263,547,1290
2100,264,545,1291
2100,265,543,1292
2100,266,541,1293
2100,267,539,1294
2100,268,537,1295
2100,269,535,1296
2100,270,533,1297
2100,271,531,1298
2100,272,529,1299
2100,273,527,1300
2100,274,525,1301
2100,275,523,1302
2100,276,521,1303
2100,277,519,1304
2100,278,517,1305
2100,279,515,1306
2100,280,513,1307
2100,281,511,1308
2100,282,509,1309
2100,283,507,1310
2100,284,505,1311
2100,285,503,1312
2100,286,501,1313
2100,287,499,1314
2100,288,497,1315
2100,289,495,1316
2100,290,493,1317
2100,291,491,1318
2100,292,489,1319
2100,293,487,1320
2100,294,485,1321
2100,295,483,1322
2100,296,481,1323
2100,297,479,1324
2100,298,477,1325
2100,299,475,1326
2100,300,473,1327
2100,301,471,1328
2100,302,469,1329
2100,303,467,1330
2100,304,465,1331
2100,305,463,1332
2100,306,461,1333
2100,307,459,1334
2100,308,457,1335
2100,309,455,1336
2100,310,453,1337
2100,311,451,1338
2100,312,449,1339
2100,313,447,1340
2100,314,445,1341
2100,315,443,1342
2100,316,441,1343
2100,317,439,1344
2100,318,437,1345
2100,319,435,1346
2100,320,433,1347
2100,321,431,1348
2100,322,429,1349
2100,323,427,1350
2100,324,425,1351
2100,325,423,1352
2100,326,421,1353
2100,327,419,1354
2100,328,417,1355
2100,329,415,1356
2100,330,413,1357
2100,331,411,1358
2100,332,409,1359
2100,333,407,1360
2100,334,405,1361
2100,335,403,1362
2100,336,401,1363
2100,337,399,1364
2100,338,397,1365
2100,339,395,1366
2100,340,393,1367
2100,341,391,1368
2100,342,389,1369
2100,343,387,1370
2100,344,385,1371
2100,345,383,1372
2100,346,381,1373
2100,347,379,1374
2100,348,377,1375
2100,349,375,1376
2100,350,373,1377
2100,351,371,1378
2100,352,369,1379
2100,353,367,1380
2100,354,365,1381
2100,355,363,1382
2100,356,361,1383
2100,357,359,1384
2100,358,357,1385
2100,359,355,1386
2100,360,353,1387
2100,361,351,1388
2100,362,349,1389
2100,363,347,1390
2100,364,345,1391
2100,365,343,1392
2100,366,341,1393
2100,367,339,1394
2100,368,337,1395
2100,369,335,1396
2100,370,333,1397
2100,371,331,1398
2100,372,329,1399
2100,373,327,1400
2100,374,325,1401
2100,375,323,1402
2100,376,321,1403
2100,377,319,1404
2100,378,317,1405
2100,379,315,1406
2100,380,313,1407
2100,381,311,1408
2100,382,309,1409
2100,383,307,1410
2100,384,305,1411
2100,385,303,1412
2100,386,301,1413
2100,387,299,1414
2100,388,297,1415
2100,389,295,1416
2100,390,293,1417
2100,391,291,1418
2100,392,289,1419
2100,393,287,1420
2100,394,285,1421
2100,395,283,1422
2100,396,281,1423
2100,397,279,1424
2100,398,277,1425
2100,399,275,1426
2100,400,273,1427
2100,401,271,1428
2100,402,269,1429
2100,403,267,1430
2100,404,265,1431
2100,405,263,1432
2100,406,261,1433
2100,407,259,1434
2100,408,257,1435
2100,409,255,1436
2100,410,253,1437
2100,411,251,1438
2100,412,249,1439
2100,413,247,1440
2100,414,245,1441
2100,415,243,1442
2100,416,241,1443
2100,417,239,1444
2100,418,237,1445
2100,419,235,1446
2100,420,233,1447
2100,421,231,1448
2100,422,229,1449
2100,423,227,1450
2100,424,225,1451
2100,425,223,1452
2100,426,221,1453
2100,427,219,1454
2100,428,217,1455
2100,429,215,1456
2100,430,213,1457
2100,431,211,1458
2100,432,209,1459
2100,433,207,1460
2100,434,205,1461
2100,435,203,1462
2101,0,1089,1012
2101,1,1087,1013
2101,2,1085,1014
2101,3,1083,1015
2101,4,1081,1016
2101,5,1079,1017
2101,6,1077,1018
2101,7,1075,1019
2101,8,1073,1020
2101,9,1071,1021
2101,10,1069,1022
2101,11,1067,1023
2101,12,1065,1024
2101,13,1063,1025
2101,14,1061,1026
2101,15,1059,1027
2101,16,1057,1028
2101,17,1055,1029
2101,18,1053,1030
2101,19,1051,1031
2101,20,1049,1032
2101,21,1047,1033
2101,22,1045,1034
2101,23,1043,1035
2101,24,1041,1036
2101,25,1039,1037
2101,26,1037,1038
2101,27,1035,1039
2101,28,1033,1040
2101,29,1031,1041
2101,30,1029,1042
2101,31,1027,1043
2101,32,1025,1044
2101,33,1023,1045
2101,34,1021,1046
2101,35,1019,1047
2101,36,1017,1048
2101,37,1015,1049
2101,38,1013,1050
2101,39,1011,1051
2101,40,1009,1052
2101,41,1007,1053
2101,42,1005,1054
2101,43,1003,1055
2101,44,1001,1056
2101,45,999,1057
2101,46,997,1058
2101,47,995,1059
2101,48,993,1060
2101,49,991,1061
2101,50,989,1062
2101,51,987,1063
2101,52,985,1064
2101,53,983,1065
2101,54,981,1066
2101,55,979,1067
2101,56,977,1068
2101,57,975,1069
2101,58,973,1070
2101,59,971,1071
2101,60,969,1072
2101,61,967,1073
2101,62,965,1074
2101,63,963,1075
2101,64,961,1076
2101,65,959,1077
2101,66,957,1078
2101,67,955,1079
2101,68,953,1080
2101,69,951,1081
2101,70,949,1082
2101,71,947,1083
2101,72,945,1084
2101,73,943,1085
2101,74,941,1086
2101,75,939,1087
2101,76,937,1088
2101,77,935,1089
2101,78,933,1090
2101,79,931,1091
2101,80,929,1092
2101,81,927,1093
2101,82,925,1094
2101,83,923,1095
2101,84,921,1096
2101,85,919,1097
2101,86,917,1098
2101,87,915,1099
2101,88,913,1100
2101,89,911,1101
2101,90,909,1102
2101,91,907,1103
2101,92,905,1104
2101,93,903,1105
2101,94,901,1106
2101,95,899,1107
2101,96,897,1108
2101,97,895,1109
2101,98,893,1110
2101,99,891,1111
2101,100,889,1112
2101,101,887,1113
2101,102,885,1114
2101,103,883,1115
2101,104,881,1116
2101,105,879,1117
2101,106,877,1118
2101,107,875,1119
2101,108,873,1120
2101,109,871,1121
2101,110,869,1122
2101,111,867,1123
2101,112,865,1124
2101,113,863,1125
2101,114,861,1126
2101,115,859,1127
2101,116,857,1128
2101,117,855,1129
2101,118,853,1130
2101,119,851,1131
2101,120,849,1132
2101,121,847,1133
2101,122,845,1134
2101,123,843,1135
2101,124,841,1136
2101,125,839,1137
2101,126,837,1138
2101,127,835,1139
2101,128,833,1140
2101,129,831,1141
2101,130,829,1142
2101,131,827,1143
2101,132,825,1144
2101,133,823,1145
2101,134,821,1146
2101,135,819,1147
2101,136,817,1148
2101,137,815,1149
2101,138,813,1150
2101,139,811,1151
2101,140,809,1152
2101,141,807,1153
2101,142,805,1154
2101,143,803,1155
2101,144,801,1156
2101,145,799,1157
2101,146,797,1158
2101,147,795,1159
2101,148,793,1160
2101,149,791,1161
2101,150,789,1162
2101,151,787,1163
2101,152,785,1164
2101,153,783,1165
2101,154,781,1166
2101,155,779,1167
2101,156,777,1168
2101,157,775,1169
2101,158,773,1170
2101,159,771,1171
2101,160,769,1172
2101,161,767,1173
2101,162,765,1174
2101,163,763,1175
2101,164,761,1176
2101,165,759,1177
2101,166,757,1178
2101,167,755,1179
2101,168,753,1180
2101,169,751,1181
2101,170,749,1182
2101,171,747,1183
2101,172,745,1184
2101,173,743,1185
2101,174,741,1186
2101,175,739,1187
2101,176,737,1188
2101,177,735,1189
2101,178,733,1190
2101,179,731,1191
2101,180,729,1192
2101,181,727,1193
2101,182,725,1194
2101,183,723,1195
2101,184,721,1196
2101,185,719,1197
2101,186,717,1198
2101,187,715,1199
2101,188,713,1200
2101,189,711,1201
2101,190,709,1202
2101,191,707,1203
2101,192,705,1204
2101,193,703,1205
2101,194,701,1206
2101,195,699,1207
2101,196,697,1208
2101,197,695,1209
2101,198,693,1210
2101,199,691,1211
2101,200,689,1212
2101,201,687,1213
2101,202,685,1214
2101,203,683,1215
2101,204,681,1216
2101,205,679,1217
2101,206,677,1218
2101,207,675,1219
2101,208,673,1220
2101,209,671,1221
2101,210,669,1222
2101,211,667,1223
2101,212,665,1224
2101,213,663,1225
2101,214,661,1226
2101,215,659,1227
2101,216,657,1228
2101,217,655,1229
2101,218,653,1230
2101,219,651,1231
2101,220,649,1232
2101,221,647,1233
2101,222,645,1234
2101,223,643,1235
2101,224,641,1236
2101,225,639,1237
2101,226,637,1238
2101,227,635,1239
2101,228,633,1240
2101,229,631,1241
2101,230,629,1242
2101,231,627,1243
2101,232,625,1244
2101,233,623,1245
2101,234,621,1246
2101,235,619,1247
2101,236,617,1248
2101,237,615,1249
2101,238,613,1250
2101,239,611,1251
2101,240,609,1252
2101,241,607,1253
2101,242,605,1254
2101,243,603,1255
2101,244,601,1256
2101,245,599,1257
2101,246,597,1258
2101,247,595,1259
2101,248,593,1260
2101,249,591,1261
2101,250,589,1262
2101,251,587,1263
2101,252,585,1264
2101,253,583,1265
2101,254,581,1266
2101,255,579,1267
2101,256,577,1268
2101,257,575,1269
2101,258,573,1270
2101,259,571,1271
2101,260,569,1272
2101,261,567,1273
2101,262,565,1274
2101,263,563,1275
2101,264,561,1276
2101,265,559,1277
2101,266,557,1278
2101,267,555,1279
2101,268,553,1280
2101,269,551,1281
2101,270,549,1282
2101,271,547,1283
2101,272,545,1284
2101,273,543,1285
2101,274,541,1286
2101,275,539,1287
2101,276,537,1288
2101,277,535,1289
2101,278,533,1290
2101,279,531,1291
2101,280,529,1292
2101,281,527,1293
2101,282,525,1294
2101,283,523,1295
2101,284,521,1296
2101,285,519,1297
2101,286,517,1298
2101,287,515,1299
2101,288,513,1300
2101,289,511,1301
2101,290,509,1302
2101,291,507,1303
2101,292,505,1304
2101,293,503,1305
2101,294,501,1306
2101,295,499,1307
2101,296,497,1308
2101,297,495,1309
2101,298,493,1310
2101,299,491,1311
2101,300,489,1312
2101,301,487,1313
2101,302,485,1314
2101,303,483,1315
2101,304,481,1316
2101,305,479,1317
2101,306,477,1318
2101,307,475,1319
2101,308,473,1320
2101,309,471,1321
2101,310,469,1322
2101,311,467,1323
2101,312,465,1324
2101,313,463,1325
2101,314,461,1326
2101,315,459,1327
2101,316,457,1328
2101,317,455,1329
2101,318,453,1330
2101,319,451,1331
2101,320,449,1332
2101,321,447,1333
2101,322,445,1334
2101,323,443,1335
2101,324,441,1336
2101,325,439,1337
2101,326,437,1338
2101,327,435,1339
2101,328,433,1340
2101,329,431,1341
2101,330,429,1342
2101,331,427,1343
2101,332,425,1344
2101,333,423,1345
2101,334,421,1346
2101,335,419,1347
2101,336,417,1348
2101,337,415,1349
2101,338,413,1350
2101,339,411,1351
2101,340,409,1352
2101,341,407,1353
2101,342,405,1354
2101,343,403,1355
2101,344,401,1356
2101,345,399,1357
2101,346,397,1358
2101,347,395,1359
2101,348,393,1360
2101,349,391,1361
2101,350,389,1362
2101,351,387,1363
2101,352,385,1364
2101,353,383,1365
2101,354,381,1366
2101,355,379,1367
2101,356,377,1368
2101,357,375,1369
2101,358,373,1370
2101,359,371,1371
2101,360,369,1372
2101,361,367,1373
2101,362,365,1374
2101,363,363,1375
2101,364,361,1376
2101,365,359,1377
2101,366,357,1378
2101,367,355,1379
2101,368,353,1380
2101,369,351,1381
2101,370,349,1382
2101,371,347,1383
2101,372,345,1384
2101,373,343,1385
2101,374,341,1386
2101,375,339,1387
2101,376,337,1388
2101,377,335,1389
2101,378,333,1390
2101,379,331,1391
2101,380,329,1392
2101,381,327,1393
2101,382,325,1394
2101,383,323,1395
2101,384,321,1396
2101,385,319,1397
2101,386,317,1398
2101,387,315,1399
2101,388,313,1400
2101,389,311,1401
2101,390,309,1402
2101,391,307,1403
2101,392,305,1404
2101,393,303,1405
2101,394,301,1406
2101,395,299,1407
2101,396,297,1408
2101,397,295,1409
2101,398,293,1410
2101,399,291,1411
2101,400,289,1412
2101,401,287,1413
2101,402,285,1414
2101,403,283,1415
2101,404,281,1416
2101,405,279,1417
2101,406,277,1418
2101,407,275,1419
2101,408,273,1420
2101,409,271,1421
2101,410,269,1422
2101,411,267,1423
2101,412,265,1424
2101,413,263,1425
2101,414,261,1426
2101,415,259,1427
2101,416,257,1428
2101,417,255,1429
2101,418,253,1430
2101,419,251,1431
2101,420,249,1432
2101,421,247,1433
2101,422,245,1434
2101,423,243,1435
2101,424,241,1436
2101,425,239,1437
2101,426,237,1438
2101,427,235,1439
2101,428,233,1440
2101,429,231,1441
2101,430,229,1442
2101,431,227,1443
2101,432,225,1444
2101,433,223,1445
2101,434,221,1446
2101,435,219,1447
2102,0,1105,997
2102,1,1103,998
2102,2,1101,999
2102,3,1099,1000
2102,4,1097,1001
2102,5,1095,1002
2102,6,1093,1003
2102,7,1091,1004
2102,8,1089,1005
2102,9,1087,1006
2102,10,1085,1007
2102,11,1083,1008
2102,12,1081,1009
2102,13,1079,1010
2102,14,1077,1011
2102,15,1075,1012
2102,16,1073,1013
2102,17,1071,1014
2102,18,1069,1015
2102,19,1067,1016
2102,20,1065,1017
2102,21,1063,1018
2102,22,1061,1019
2102,23,1059,1020
2102,24,1057,1021
2102,25,1055,1022
2102,26,1053,1023
2102,27,1051,1024
2102,28,1049,1025
2102,29,1047,1026
2102,30,1045,1027
2102,31,1043,1028
2102,32,1041,1029
2102,33,1039,1030
2102,34,1037,1031
2102,35,1035,1032
2102,36,1033,1033
2102,37,1031,1034
2102,38,1029,1035
2102,39,1027,1036
2102,40,1025,1037
2102,41,1023,1038
2102,42,1021,1039
2102,43,1019,1040
2102,44,1017,1041
2102,45,1015,1042
2102,46,1013,1043
2102,47,1011,1044
2102,48,1009,1045
2102,49,1007,1046
2102,50,1005,1047
2102,51,1003,1048
2102,52,1001,1049
2102,53,999,1050
2102,54,997,1051
2102,55,995,1052
2102,56,993,1053
2102,57,991,1054
2102,58,989,1055
2102,59,987,1056
2102,60,985,1057
2102,61,983,1058
2102,62,981,1059
2102,63,979,1060
2102,64,977,1061
2102,65,975,1062
2102,66,973,1063
2102,67,971,1064
2102,68,969,1065
2102,69,967,1066
2102,70,965,1067
2102,71,963,1068
2102,72,961,1069
2102,73,959,1070
2102,74,957,1071
2102,75,955,1072
2102,76,953,1073
2102,77,951,1074
2102,78,949,1075
2102,79,947,1076
2102,80,945,1077
2102,81,943,1078
2102,82,941,1079
2102,83,939,1080
2102,84,937,1081
2102,85,935,1082
2102,86,933,1083
2102,87,931,1084
2102,88,929,1085
2102,89,927,1086
2102,90,925,1087
2102,91,923,1088
2102,92,921,1089
2102,93,919,1090
2102,94,917,1091
2102,95,915,1092
2102,96,913,1093
2102,97,911,1094
2102,98,909,1095
2102,99,907,1096
2102,100,905,1097
2102,101,903,1098
2102,102,901,1099
2102,103,899,1100
2102,104,897,1101
2102,105,895,1102
2102,106,893,1103
2102,107,891,1104
2102,108,889,1105
2102,109,887,1106
2102,110,885,1107
2102,111,883,1108
2102,112,881,1109
2102,113,879,1110
2102,114,877,1111
2102,115,875,1112
2102,116,873,1113
2102,117,871,1114
2102,118,869,1115
2102,119,867,1116
2102,120,865,1117
2102,121,863,1118
2102,122,861,1119
2102,123,859,1120
2102,124,857,1121
2102,125,855,1122
2102,126,853,1123
2102,127,851,1124
2102,128,849,1125
2102,129,847,1126
2102,130,845,1127
2102,131,843,1128
2102,132,841,1129
2102,133,839,1130
2102,134,837,1131
2102,135,835,1132
2102,136,833,1133
2102,137,831,1134
2102,138,829,1135
2102,139,827,1136
2102,140,825,1137
2102,141,823,1138
2102,142,821,1139
2102,143,819,1140
2102,144,817,1141
2102,145,815,1142
2102,146,813,1143
2102,147,811,1144
2102,148,809,1145
2102,149,807,1146
2102,150,805,1147
2102,151,803,1148
2102,152,801,1149
2102,153,799,1150
2102,154,797,1151
2102,155,795,1152
2102,156,793,1153
2102,157,791,1154
2102,158,789,1155
2102,159,787,1156
2102,160,785,1157
2102,161,783,1158
2102,162,781,1159
2102,163,779,1160
2102,164,777,1161
2102,165,775,1162
2102,166,773,1163
2102,167,771,1164
2102,168,769,1165
2102,169,767,1166
2102,170,765,1167
2102,171,763,1168
2102,172,761,1169
2102,173,759,1170
2102,174,757,1171
2102,175,755,1172
2102,176,753,1173
2102,177,751,1174
2102,178,749,1175
2102,179,747,1176
2102,180,745,1177
2102,181,743,1178
2102,182,741,1179
2102,183,739,1180
2102,184,737,1181
2102,185,735,1182
2102,186,733,1183
2102,187,731,1184
2102,188,729,1185
2102,189,727,1186
2102,190,725,1187
2102,191,723,1188
2102,192,721,1189
2102,193,719,1190
2102,194,717,1191
2102,195,715,1192
2102,196,713,1193
2102,197,711,1194
2102,198,709,1195
2102,199,707,1196
2102,200,705,1197
2102,201,703,1198
2102,202,701,1199
2102,203,699,1200
2102,204,697,1201
2102,205,695,1202
2102,206,693,1203
2102,207,691,1204
2102,208,689,1205
2102,209,687,1206
2102,210,685,1207
2102,211,683,1208
2102,212,681,1209
2102,213,679,1210
2102,214,677,1211
2102,215,675,1212
2102,216,673,1213
2102,217,671,1214
2102,218,669,1215
2102,219,667,1216
2102,220,665,1217
2102,221,663,1218
2102,222,661,1219
2102,223,659,1220
2102,224,657,1221
2102,225,655,1222
2102,226,653,1223
2102,227,651,1224
2102,228,649,1225
2102,229,647,1226
2102,230,645,1227
2102,231,643,1228
2102,232,641,1229
2102,233,639,1230
2102,234,637,1231
2102,235,635,1232
2102,236,633,1233
2102,237,631,1234
2102,238,629,1235
2102,239,627,1236
2102,240,625,1237
2102,241,623,1238
2102,242,621,1239
2102,243,619,1240
2102,244,617,1241
2102,245,615,1242
2102,246,613,1243
2102,247,611,1244
2102,248,609,1245
2102,249,607,1246
2102,250,605,1247
2102,251,603,1248
2102,252,601,1249
2102,253,599,1250
2102,254,597,1251
2102,255,595,1252
2102,256,593,1253
2102,257,591,1254
2102,258,589,1255
2102,259,587,1256
2102,260,585,1257
2102,261,583,1258
2102,262,581,1259
2102,263,579,1260
2102,264,577,1261
2102,265,575,1262
2102,266,573,1263
2102,267,571,1264
2102,268,569,1265
2102,269,567,1266
2102,270,565,1267
2102,271,563,1268
2102,272,561,1269
2102,273,559,1270
2102,274,557,1271
2102,275,555,1272
2102,276,553,1273
2102,277,551,1274
2102,278,549,1275
2102,279,547,1276
2102,280,545,1277
2102,281,543,1278
2102,282,541,1279
2102,283,539,1280
2102,284,537,1281
2102,285,535,1282
2102,286,533,1283
2102,287,531,1284
2102,288,529,1285
2102,289,527,1286
2102,290,525,1287
2102,291,523,1288
2102,292,521,1289
2102,293,519,1290
2102,294,517,1291
2102,295,515,1292
2102,296,513,1293
2102,297,511,1294
2102,298,509,1295
2102,299,507,1296
2102,300,505,1297
2102,301,503,1298
2102,302,501,1299
2102,303,499,1300
2102,304,497,1301
2102,305,495,1302
2102,306,493,1303
2102,307,491,1304
2102,308,489,1305
2102,309,487,1306
2102,310,485,1307
2102,311,483,1308
2102,312,481,1309
2102,313,479,1310
2102,314,477,1311
2102,315,475,1312
2102,316,473,1313
2102,317,471,1314
2102,318,469,1315
2102,319,467,1316
2102,320,465,1317
2102,321,463,1318
2102,322,461,1319
2102,323,459,1320
2102,324,457,1321
2102,325,455,1322
2102,326,453,1323
2102,327,451,1324
2102,328,449,1325
2102,329,447,1326
2102,330,445,1327
2102,331,443,1328
2102,332,441,1329
2102,333,439,1330
2102,334,437,1331
2102,335,435,1332
2102,336,433,1333
2102,337,431,1334
2102,338,429,1335
2102,339,427,1336
2102,340,425,1337
2102,341,423,1338
2102,342,421,1339
2102,343,419,1340
2102,344,417,1341
2102,345,415,1342
2102,346,413,1343
2102,347,411,1344
2102,348,409,1345
2102,349,407,1346
2102,350,405,1347
2102,351,403,1348
2102,352,401,1349
2102,353,399,1350
2102,354,397,1351
2102,355,395,1352
2102,356,393,1353
2102,357,391,1354
2102,358,389,1355
2102,359,387,1356
2102,360,385,1357
2102,361,383,1358
2102,362,381,1359
2102,363,379,1360
2102,364,377,1361
2102,365,375,1362
2102,366,373,1363
2102,367,371,1364
2102,368,369,1365
2102,369,367,1366
2102,370,365,1367
2102,371,363,1368
2102,372,361,1369
2102,373,359,1370
2102,374,357,1371
2102,375,355,1372
2102,376,353,1373
2102,377,351,1374
2102,378,349,1375
2102,379,347,1376
2102,380,345,1377
2102,381,343,1378
2102,382,341,1379
2102,383,339,1380
2102,384,337,1381
2102,385,335,1382
2102,386,333,1383
2102,387,331,1384
2102,388,329,1385
2102,389,327,1386
2102,390,325,1387
2102,391,323,1388
2102,392,321,1389
2102,393,319,1390
2102,394,317,1391
2102,395,315,1392
2102,396,313,1393
2102,397,311,1394
2102,398,309,1395
2102,399,307,1396
2102,400,305,1397
2102,401,303,1398
2102,402,301,1399
2102,403,299,1400
2102,404,297,1401
2102,405,295,1402
2102,406,293,1403
2102,407,291,1404
2102,408,289,1405
2102,409,287,1406
2102,410,285,1407
2102,411,283,1408
2102,412,281,1409
2102,413,279,1410
2102,414,277,1411
2102,415,275,1412
2102,416,273,1413
2102,417,271,1414
2102,418,269,1415
2102,419,267,1416
2102,420,265,1417
2102,421,263,1418
2102,422,261,1419
2102,423,259,1420
2102,424,257,1421
2102,425,255,1422
2102,426,253,1423
2102,427,251,1424
2102,428,249,1425
2102,429,247,1426
2102,430,245,1427
2102,431,243,1428
2102,432,241,1429
2102,433,239,1430
2102,434,237,1431
2102,435,235,1432
2103,0,1121,982
2103,1,1119,983
2103,2,1117,984
2103,3,1115,985
2103,4,1113,986
2103,5,1111,987
2103,6,1109,988
2103,7,1107,989
2103,8,1105,990
2103,9,1103,991
2103,10,1101,992
2103,11,1099,993
2103,12,1097,994
2103,13,1095,995
2103,14,1093,996
2103,15,1091,997
2103,16,1089,998
2103,17,1087,999
2103,18,1085,1000
2103,19,1083,1001
2103,20,1081,1002
2103,21,1079,1003
2103,22,1077,1004
2103,23,1075,1005
2103,24,1073,1006
2103,25,1071,1007
2103,26,1069,1008
2103,27,1067,1009
2103,28,1065,1010
2103,29,1063,1011
2103,30,1061,1012
2103,31,1059,1013
2103,32,1057,1014
2103,33,1055,1015
2103,34,1053,1016
2103,35,1051,1017
2103,36,1049,1018
2103,37,1047,1019
2103,38,1045,1020
2103,39,1043,1021
2103,40,1041,1022
2103,41,1039,1023
2103,42,1037,1024
2103,43,1035,1025
2103,44,1033,1026
2103,45,1031,1027
2103,46,1029,1028
2103,47,1027,1029
2103,48,1025,1030
2103,49,1023,1031
2103,50,1021,1032
2103,51,1019,1033
2103,52,1017,1034
2103,53,1015,1035
2103,54,1013,1036
2103,55,1011,1037
2103,56,1009,1038
2103,57,1007,1039
2103,58,1005,1040
2103,59,1003,1041
2103,60,1001,1042
2103,61,999,1043
2103,62,997,1044
2103,63,995,1045
2103,64,993,1046
2103,65,991,1047
2103,66,989,1048
2103,67,987,1049
2103,68,985,1050
2103,69,983,1051
2103,70,981,1052
2103,71,979,1053
2103,72,977,1054
2103,73,975,1055
2103,74,973,1056
2103,75,971,1057
2103,76,969,1058
2103,77,967,1059
2103,78,965,1060
2103,79,963,1061
2103,80,961,1062
2103,81,959,1063
2103,82,957,1064
2103,83,955,1065
2103,84,953,1066
2103,85,951,1067
2103,86,949,1068
2103,87,947,1069
2103,88,945,1070
2103,89,943,1071
2103,90,941,1072
2103,91,939,1073
2103,92,937,1074
2103,93,935,1075
2103,94,933,1076
2103,95,931,1077
2103,96,929,1078
2103,97,927,1079
2103,98,925,1080
2103,99,923,1081
2103,100,921,1082
2103,101,919,1083
2103,102,917,1084
2103,103,915,1085
2103,104,913,1086
2103,105,911,1087
2103,106,909,1088
2103,107,907,1089
2103,108,905,1090
2103,109,903,1091
2103,110,901,1092
2103,111,899,1093
2103,112,897,1094
2103,113,895,1095
2103,114,893,1096
2103,115,891,1097
2103,116,889,1098
2103,117,887,1099
2103,118,885,1100
2103,119,883,1101
2103,120,881,1102
2103,121,879,1103
2103,122,877,1104
2103,123,875,1105
2103,124,873,1106
2103,125,871,1107
2103,126,869,1108
2103,127,867,1109
2103,128,865,1110
2103,129,863,1111
2103,130,861,1112
2103,131,859,1113
2103,132,857,1114
2103,133,855,1115
2103,134,853,1116
2103,135,851,1117
2103,136,849,1118
2103,137,847,1119
2103,138,845,1120
2103,139,843,1121
2103,140,841,1122
2103,141,839,1123
2103,142,837,1124
2103,143,835,1125
2103,144,833,1126
2103,145,831,1127
2103,146,829,1128
2103,147,827,1129
2103,148,825,1130
2103,149,823,1131
2103,150,821,1132
2103,151,819,1133
2103,152,817,1134
2103,153,815,1135
2103,154,813,1136
2103,155,811,1137
2103,156,809,1138
2103,157,807,1139
2103,158,805,1140
2103,159,803,1141
2103,160,801,1142
2103,161,799,1143
2103,162,797,1144
2103,163,795,1145
2103,164,793,1146
2103,165,791,1147
2103,166,789,1148
2103,167,787,1149
2103,168,785,1150
2103,169,783,1151
2103,170,781,1152
2103,171,779,1153
2103,172,777,1154
2103,173,775,1155
2103,174,773,1156
2103,175,771,1157
2103,176,769,1158
2103,177,767,1159
2103,178,765,1160
2103,179,763,1161
2103,180,761,1162
2103,181,759,1163
2103,182,757,1164
2103,183,755,1165
2103,184,753,1166
2103,185,751,1167
2103,186,749,1168
2103,187,747,1169
2103,188,745,1170
2103,189,743,1171
2103,190,741,1172
2103,191,739,1173
2103,192,737,1174
2103,193,735,1175
2103,194,733,1176
2103,195,731,1177
2103,196,729,1178
2103,197,727,1179
2103,198,725,1180
2103,199,723,1181
2103,200,721,1182
2103,201,719,1183
2103,202,717,1184
2103,203,715,1185
2103,204,713,1186
2103,205,711,1187
2103,206,709,1188
2103,207,707,1189
2103,208,705,1190
2103,209,703,1191
2103,210,701,1192
2103,211,699,1193
2103,212,697,1194
2103,213,695,1195
2103,214,693,1196
2103,215,691,1197
2103,216,689,1198
2103,217,687,1199
2103,218,685,1200
2103,219,683,1201
2103,220,681,1202
2103,221,679,1203
2103,222,677,1204
2103,223,675,1205
2103,224,673,1206
2103,225,671,1207
2103,226,669,1208
2103,227,667,1209
2103,228,665,1210
2103,229,663,1211
2103,230,661,1212
2103,231,659,1213
2103,232,657,1214
2103,233,655,1215
2103,234,653,1216
2103,235,651,1217
2103,236,649,1218
2103,237,647,1219
2103,238,645,1220
2103,239,643,1221
2103,240,641,1222
2103,241,639,1223
2103,242,637,1224
2103,243,635,1225
2103,244,633,1226
2103,245,631,1227
2103,246,629,1228
2103,247,627,1229
2103,248,625,1230
2103,249,623,1231
2103,250,621,1232
2103,251,619,1233
2103,252,617,1234
2103,253,615,1235
2103,254,613,1236
2103,255,611,1237
2103,256,609,1238
2103,257,607,1239
2103,258,605,1240
2103,259,603,1241
2103,260,601,1242
2103,261,599,1243
2103,262,597,1244
2103,263,595,1245
2103,264,593,1246
2103,265,591,1247
2103,266,589,1248
2103,267,587,1249
2103,268,585,1250
2103,269,583,1251
2103,270,581,1252
2103,271,579,1253
2103,272,577,1254
2103,273,575,1255
2103,274,573,1256
2103,275,571,1257
2103,276,569,1258
2103,277,567,1259
2103,278,565,1260
2103,279,563,1261
2103,280,561,1262
2103,281,559,1263
2103,282,557,1264
2103,283,555,1265
2103,284,553,1266
2103,285,551,1267
2103,286,549,1268
2103,287,547,1269
2103,288,545,1270
2103,289,543,1271
2103,290,541,1272
2103,291,539,1273
2103,292,537,1274
2103,293,535,1275
2103,294,533,1276
2103,295,531,1277
2103,296,529,1278
2103,297,527,1279
2103,298,525,1280
2103,299,523,1281
2103,300,521,1282
2103,301,519,1283
2103,302,517,1284
2103,303,515,1285
2103,304,513,1286
2103,305,511,1287
2103,306,509,1288
2103,307,507,1289
2103,308,505,1290
2103,309,503,1291
2103,310,501,1292
2103,311,499,1293
2103,312,497,1294
2103,313,495,1295
2103,314,493,1296
2103,315,491,1297
2103,316,489,1298
2103,317,487,1299
2103,318,485,1300
2103,319,483,1301
2103,320,481,1302
2103,321,479,1303
2103,322,477,1304
2103,323,475,1305
2103,324,473,1306
2103,325,471,1307
2103,326,469,1308
2103,327,467,1309
2103,328,465,1310
2103,329,463,1311
2103,330,461,1312
2103,331,459,1313
2103,332,457,1314
2103,333,455,1315
2103,334,453,1316
2103,335,451,1317
2103,336,449,1318
2103,337,447,1319
2103,338,445,1320
2103,339,443,1321
2103,340,441,1322
2103,341,439,1323
2103,342,437,1324
2103,343,435,1325
2103,344,433,1326
2103,345,431,1327
2103,346,429,1328
2103,347,427,1329
2103,348,425,1330
2103,349,423,1331
2103,350,421,1332
2103,351,419,1333
2103,352,417,1334
2103,353,415,1335
2103,354,413,1336
2103,355,411,1337
2103,356,409,1338
2103,357,407,1339
2103,358,405,1340
2103,359,403,1341
2103,360,401,1342
2103,361,399,1343
2103,362,397,1344
2103,363,395,1345
2103,364,393,1346
2103,365,391,1347
2103,366,389,1348
2103,367,387,1349
2103,368,385,1350
2103,369,383,1351
2103,370,381,1352
2103,371,379,1353
2103,372,377,1354
2103,373,375,1355
2103,374,373,1356
2103,375,371,1357
2103,376,369,1358
2103,377,367,1359
2103,378,365,1360
2103,379,363,1361
2103,380,361,1362
2103,381,359,1363
2103,382,357,1364
2103,383,355,1365
2103,384,353,1366
2103,385,351,1367
2103,386,349,1368
2103,387,347,1369
2103,388,345,1370
2103,389,343,1371
2103,390,341,1372
2103,391,339,1373
2103,392,337,1374
2103,393,335,1375
2103,394,333,1376
2103,395,331,1377
2103,396,329,1378
2103,397,327,1379
2103,398,325,1380
2103,399,323,1381
2103,400,321,1382
2103,401,319,1383
2103,402,317,1384
2103,403,315,1385
2103,404,313,1386
2103,405,311,1387
2103,406,309,1388
2103,407,307,1389
2103,408,305,1390
2103,409,303,1391
2103,410,301,1392
2103,411,299,1393
2103,412,297,1394
2103,413,295,1395
2103,414,293,1396
2103,415,291,1397
2103,416,289,1398
2103,417,287,1399
2103,418,285,1400
2103,419,283,1401
2103,420,281,1402
2103,421,279,1403
2103,422,277,1404
2103,423,275,1405
2103,424,273,1406
2103,425,271,1407
2103,426,269,1408
2103,427,267,1409
2103,428,265,1410
2103,429,263,1411
2103,430,261,1412
2103,431,259,1413
2103,432,257,1414
2103,433,255,1415
2103,434,253,1416
2103,435,251,1417
2104,0,1137,967
2104,1,1135,968
2104,2,1133,969
2104,3,1131,970
2104,4,1129,971
2104,5,1127,972
2104,6,1125,973
2104,7,1123,974
2104,8,1121,975
2104,9,1119,976
2104,10,1117,977
2104,11,1115,978
2104,12,1113,979
2104,13,1111,980
2104,14,1109,981
2104,15,1107,982
2104,16,1105,983
2104,17,1103,984
2104,18,1101,985
2104,19,1099,986
2104,20,1097,987
2104,21,1095,988
2104,22,1093,989
2104,23,1091,990
2104,24,1089,991
2104,25,1087,992
2104,26,1085,993
2104,27,1083,994
2104,28,1081,995
2104,29,1079,996
2104,30,1077,997
2104,31,1075,998
2104,32,1073,999
2104,33,1071,1000
2104,34,1069,1001
2104,35,1067,1002
2104,36,1065,1003
2104,37,1063,1004
2104,38,1061,1005
2104,39,1059,1006
2104,40,1057,1007
2104,41,1055,1008
2104,42,1053,1009
2104,43,1051,1010
2104,44,1049,1011
2104,45,1047,1012
2104,46,1045,1013
2104,47,1043,1014
2104,48,1041,1015
2104,49,1039,1016
2104,50,1037,1017
2104,51,1035,1018
2104,52,1033,1019
2104,53,1031,1020
2104,54,1029,1021
2104,55,1027,1022
2104,56,1025,1023
2104,57,1023,1024
2104,58,1021,1025
2104,59,1019,1026
2104,60,1017,1027
2104,61,1015,1028
2104,62,1013,1029
2104,63,1011,1030
2104,64,1009,1031
2104,65,1007,1032
2104,66,1005,1033
2104,67,1003,1034
2104,68,1001,1035
2104,69,999,1036
2104,70,997,1037
2104,71,995,1038
2104,72,993,1039
2104,73,991,1040
2104,74,989,1041
2104,75,987,1042
2104,76,985,1043
2104,77,983,1044
2104,78,981,1045
2104,79,979,1046
2104,80,977,1047
2104,81,975,1048
2104,82,973,1049
2104,83,971,1050
2104,84,969,1051
2104,85,967,1052
2104,86,965,1053
2104,87,963,1054
2104,88,961,1055
2104,89,959,1056
2104,90,957,1057
2104,91,955,1058
2104,92,953,1059
2104,93,951,1060
2104,94,949,1061
2104,95,947,1062
2104,96,945,1063
2104,97,943,1064
2104,98,941,1065
2104,99,939,1066
2104,100,937,1067
2104,101,935,1068
2104,102,933,1069
2104,103,931,1070
2104,104,929,1071
2104,105,927,1072
2104,106,925,1073
2104,107,923,1074
2104,108,921,1075
2104,109,919,1076
2104,110,917,1077
2104,111,915,1078
2104,112,913,1079
2104,113,911,1080
2104,114,909,1081
2104,115,907,1082
2104,116,905,1083
2104,117,903,1084
2104,118,901,1085
2104,119,899,1086
2104,120,897,1087
2104,121,895,1088
2104,122,893,1089
2104,123,891,1090
2104,124,889,1091
2104,125,887,1092
2104,126,885,1093
2104,127,883,1094
2104,128,881,1095
2104,129,879,1096
2104,130,877,1097
2104,131,875,1098
2104,132,873,1099
2104,133,871,1100
2104,134,869,1101
2104,135,867,1102
2104,136,865,1103
2104,137,863,1104
2104,138,861,1105
2104,139,859,1106
2104,140,857,1107
2104,141,855,1108
2104,142,853,1109
2104,143,851,1110
2104,144,849,1111
2104,145,847,1112
2104,146,845,1113
2104,147,843,1114
2104,148,841,1115
2104,149,839,1116
2104,150,837,1117
2104,151,835,1118
2104,152,833,1119
2104,153,831,1120
2104,154,829,1121
2104,155,827,1122
2104,156,825,1123
2104,157,823,1124
2104,158,821,1125
2104,159,819,1126
2104,160,817,1127
2104,161,815,1128
2104,162,813,1129
2104,163,811,1130
2104,164,809,1131
2104,165,807,1132
2104,166,805,1133
2104,167,803,1134
2104,168,801,1135
2104,169,799,1136
2104,170,797,1137
2104,171,795,1138
2104,172,793,1139
2104,173,791,1140
2104,174,789,1141
2104,175,787,1142
2104,176,785,1143
2104,177,783,1144
2104,178,781,1145
2104,179,779,1146
2104,180,777,1147
2104,181,775,1148
2104,182,773,1149
2104,183,771,1150
2104,184,769,1151
2104,185,767,1152
2104,186,765,1153
2104,187,763,1154
2104,188,761,1155
2104,189,759,1156
2104,190,757,1157
2104,191,755,1158
2104,192,753,1159
2104,193,751,1160
2104,194,749,1161
2104,195,747,1162
2104,196,745,1163
2104,197,743,1164
2104,198,741,1165
2104,199,739,1166
2104,200,737,1167
2104,201,735,1168
2104,202,733,1169
2104,203,731,1170
2104,204,729,1171
2104,205,727,1172
2104,206,725,1173
2104,207,723,1174
2104,208,721,1175
2104,209,719,1176
2104,210,717,1177
2104,211,715,1178
2104,212,713,1179
2104,213,711,1180
2104,214,709,1181
2104,215,707,1182
2104,216,705,1183
2104,217,703,1184
2104,218,701,1185
2104,219,699,1186
2104,220,697,1187
2104,221,695,1188
2104,222,693,1189
2104,223,691,1190
2104,224,689,1191
2104,225,687,1192
2104,226,685,1193
2104,227,683,1194
2104,228,681,1195
2104,229,679,1196
2104,230,677,1197
2104,231,675,1198
2104,232,673,1199
2104,233,671,1200
2104,234,669,1201
2104,235,667,1202
2104,236,665,1203
2104,237,663,1204
2104,238,661,1205
2104,239,659,1206
2104,240,657,1207
2104,241,655,1208
2104,242,653,1209
2104,243,651,1210
2104,244,649,1211
2104,245,647,1212
2104,246,645,1213
2104,247,643,1214
2104,248,641,1215
2104,249,639,1216
2104,250,637,1217
2104,251,635,1218
2104,252,633,1219
2104,253,631,1220
2104,254,629,1221
2104,255,627,1222
2104,256,625,1223
2104,257,623,1224
2104,258,621,1225
2104,259,619,1226
2104,260,617,1227
2104,261,615,1228
2104,262,613,1229
2104,263,611,1230
2104,264,609,1231
2104,265,607,1232
2104,266,605,1233
2104,267,603,1234
2104,268,601,1235
2104,269,599,1236
2104,270,597,1237
2104,271,595,1238
2104,272,593,1239
2104,273,591,1240
2104,274,589,1241
2104,275,587,1242
2104,276,585,1243
2104,277,583,1244
2104,278,581,1245
2104,279,579,1246
2104,280,577,1247
2104,281,575,1248
2104,282,573,1249
2104,283,571,1250
2104,284,569,1251
2104,285,567,1252
2104,286,565,1253
2104,287,563,1254
2104,288,561,1255
2104,289,559,1256
2104,290,557,1257
2104,291,555,1258
2104,292,553,1259
2104,293,551,1260
2104,294,549,1261
2104,295,547,1262
2104,296,545,1263
2104,297,543,1264
2104,298,541,1265
2104,299,539,1266
2104,300,537,1267
2104,301,535,1268
2104,302,533,1269
2104,303,531,1270
2104,304,529,1271
2104,305,527,1272
2104,306,525,1273
2104,307,523,1274
2104,308,521,1275
2104,309,519,1276
2104,310,517,1277
2104,311,515,1278
2104,312,513,1279
2104,313,511,1280
2104,314,509,1281
2104,315,507,1282
2104,316,505,1283
2104,317,503,1284
2104,318,501,1285
2104,319,499,1286
2104,320,497,1287
2104,321,495,1288
2104,322,493,1289
2104,323,491,1290
2104,324,489,1291
2104,325,487,1292
2104,326,485,1293
2104,327,483,1294
2104,328,481,1295
2104,329,479,1296
2104,330,477,1297
2104,331,475,1298
2104,332,473,1299
2104,333,471,1300
2104,334,469,1301
2104,335,467,1302
2104,336,465,1303
2104,337,463,1304
2104,338,461,1305
2104,339,459,1306
2104,340,457,1307
2104,341,455,1308
2104,342,453,1309
2104,343,451,1310
2104,344,449,1311
2104,345,447,1312
2104,346,445,1313
2104,347,443,1314
2104,348,441,1315
2104,349,439,1316
2104,350,437,1317
2104,351,435,1318
2104,352,433,1319
2104,353,431,1320
2104,354,429,1321
2104,355,427,1322
2104,356,425,1323
2104,357,423,1324
2104,358,421,1325
2104,359,419,1326
2104,360,417,1327
2104,361,415,1328
2104,362,413,1329
2104,363,411,1330
2104,364,409,1331
2104,365,407,1332
2104,366,405,1333
2104,367,403,1334
2104,368,401,1335
2104,369,399,1336
2104,370,397,1337
2104,371,395,1338
2104,372,393,1339
2104,373,391,1340
2104,374,389,1341
2104,375,387,1342
2104,376,385,1343
2104,377,383,1344
2104,378,381,1345
2104,379,379,1346
2104,380,377,1347
2104,381,375,1348
2104,382,373,1349
2104,383,371,1350
2104,384,369,1351
2104,385,367,1352
2104,386,365,1353
2104,387,363,1354
2104,388,361,1355
2104,389,359,1356
2104,390,357,1357
2104,391,355,1358
2104,392,353,1359
2104,393,351,1360
2104,394,349,1361
2104,395,347,1362
2104,396,345,1363
2104,397,343,1364
2104,398,341,1365
2104,399,339,1366
2104,400,337,1367
2104,401,335,1368
2104,402,333,1369
2104,403,331,1370
2104,404,329,1371
2104,405,327,1372
2104,406,325,1373
2104,407,323,1374
2104,408,321,1375
2104,409,319,1376
2104,410,317,1377
2104,411,315,1378
2104,412,313,1379
2104,413,311,1380
2104,414,309,1381
2104,415,307,1382
2104,416,305,1383
2104,417,303,1384
2104,418,301,1385
2104,419,299,1386
2104,420,297,1387
2104,421,295,1388
2104,422,293,1389
2104,423,291,1390
2104,424,289,1391
2104,425,287,1392
2104,426,285,1393
2104,427,283,1394
2104,428,281,1395
2104,429,279,1396
2104,430,277,1397
2104,431,275,1398
2104,432,273,1399
2104,433,271,1400
2104,434,269,1401
2104,435,267,1402
2105,0,1153,952
2105,1,1151,953
2105,2,1149,954
2105,3,1147,955
2105,4,1145,956
2105,5,1143,957
2105,6,1141,958
2105,7,1139,959
2105,8,1137,960
2105,9,1135,961
2105,10,1133,962
2105,11,1131,963
2105,12,1129,964
2105,13,1127,965
2105,14,1125,966
2105,15,1123,967
2105,16,1121,968
2105,17,1119,969
2105,18,1117,970
2105,19,1115,971
2105,20,1113,972
2105,21,1111,973
2105,22,1109,974
2105,23,1107,975
2105,24,1105,976
2105,25,1103,977
2105,26,1101,978
2105,27,1099,979
2105,28,1097,980
2105,29,1095,981
2105,30,1093,982
2105,31,1091,983
2105,32,1089,984
2105,33,1087,985
2105,34,1085,986
2105,35,1083,987
2105,36,1081,988
2105,37,1079,989
2105,38,1077,990
2105,39,1075,991
2105,40,1073,992
2105,41,1071,993
2105,42,1069,994
2105,43,1067,995
2105,44,1065,996
2105,45,1063,997
2105,46,1061,998
2105,47,1059,999
2105,48,1057,1000
2105,49,1055,1001
2105,50,1053,1002
2105,51,1051,1003
2105,52,1049,1004
2105,53,1047,1005
2105,54,1045,1006
2105,55,1043,1007
2105,56,1041,1008
2105,57,1039,1009
2105,58,1037,1010
2105,59,1035,1011
2105,60,1033,1012
2105,61,1031,1013
2105,62,1029,1014
2105,63,1027,1015
2105,64,1025,1016
2105,65,1023,1017
2105,66,1021,1018
2105,67,1019,1019
2105,68,1017,1020
2105,69,1015,1021
2105,70,1013,1022
2105,71,1011,1023
2105,72,1009,1024
2105,73,1007,1025
2105,74,1005,1026
2105,75,1003,1027
2105,76,1001,1028
2105,77,999,1029
2105,78,997,1030
2105,79,995,1031
2105,80,993,1032
2105,81,991,1033
2105,82,989,1034
2105,83,987,1035
2105,84,985,1036
2105,85,983,1037
2105,86,981,1038
2105,87,979,1039
2105,88,977,1040
2105,89,975,1041
2105,90,973,1042
2105,91,971,1043
2105,92,969,1044
2105,93,967,1045
2105,94,965,1046
2105,95,963,1047
2105,96,961,1048
2105,97,959,1049
2105,98,957,1050
2105,99,955,1051
2105,100,953,1052
2105,101,951,1053
2105,102,949,1054
2105,103,947,1055
2105,104,945,1056
2105,105,943,1057
2105,106,941,1058
2105,107,939,1059
2105,108,937,1060
2105,109,935,1061
2105,110,933,1062
2105,111,931,1063
2105,112,929,1064
2105,113,927,1065
2105,114,925,1066
2105,115,923,1067
2105,116,921,1068
2105,117,919,1069
2105,118,917,1070
2105,119,915,1071
2105,120,913,1072
2105,121,911,1073
2105,122,909,1074
2105,123,907,1075
2105,124,905,1076
2105,125,903,1077
2105,126,901,1078
2105,127,899,1079
2105,128,897,1080
2105,129,895,1081
2105,130,893,1082
2105,131,891,1083
2105,132,889,1084
2105,133,887,1085
2105,134,885,1086
2105,135,883,1087
2105,136,881,1088
2105,137,879,1089
2105,138,877,1090
2105,139,875,1091
2105,140,873,1092
2105,141,871,1093
2105,142,869,1094
2105,143,867,1095
2105,144,865,1096
2105,145,863,1097
2105,146,861,1098
2105,147,859,1099
2105,148,857,1100
2105,149,855,1101
2105,150,853,1102
2105,151,851,1103
2105,152,849,1104
2105,153,847,1105
2105,154,845,1106
2105,155,843,1107
2105,156,841,1108
2105,157,839,1109
2105,158,837,1110
2105,159,835,1111
2105,160,833,1112
2105,161,831,1113
2105,162,829,1114
2105,163,827,1115
2105,164,825,1116
2105,165,823,1117
2105,166,821,1118
2105,167,819,1119
2105,168,817,1120
2105,169,815,1121
2105,170,813,1122
2105,171,811,1123
2105,172,809,1124
2105,173,807,1125
2105,174,805,1126
2105,175,803,1127
2105,176,801,1128
2105,177,799,1129
2105,178,797,1130
2105,179,795,1131
2105,180,793,1132
2105,181,791,1133
2105,182,789,1134
2105,183,787,1135
2105,184,785,1136
2105,185,783,1137
2105,186,781,1138
2105,187,779,1139
2105,188,777,1140
2105,189,775,1141
2105,190,773,1142
2105,191,771,1143
2105,192,769,1144
2105,193,767,1145
2105,194,765,1146
2105,195,763,1147
2105,196,761,1148
2105,197,759,1149
2105,198,757,1150
2105,199,755,1151
2105,200,753,1152
2105,201,751,1153
2105,202,749,1154
2105,203,747,1155
2105,204,745,1156
2105,205,743,1157
2105,206,741,1158
2105,207,739,1159
2105,208,737,1160
2105,209,735,1161
2105,210,733,1162
2105,211,731,1163
2105,212,729,1164
2105,213,727,1165
2105,214,725,1166
2105,215,723,1167
2105,216,721,1168
2105,217,719,1169
2105,218,717,1170
2105,219,715,1171
2105,220,713,1172
2105,221,711,1173
2105,222,709,1174
2105,223,707,1175
2105,224,705,1176
2105,225,703,1177
2105,226,701,1178
2105,227,699,1179
2105,228,697,1180
2105,229,695,1181
2105,230,693,1182
2105,231,691,1183
2105,232,689,1184
2105,233,687,1185
2105,234,685,1186
2105,235,683,1187
2105,236,681,1188
2105,237,679,1189
2105,238,677,1190
2105,239,675,1191
2105,240,673,1192
2105,241,671,1193
2105,242,669,1194
2105,243,667,1195
2105,244,665,1196
2105,245,663,1197
2105,246,661,1198
2105,247,659,1199
2105,248,657,1200
2105,249,655,1201
2105,250,653,1202
2105,251,651,1203
2105,252,649,1204
2105,253,647,1205
2105,254,645,1206
2105,255,643,1207
2105,256,641,1208
2105,257,639,1209
2105,258,637,1210
2105,259,635,1211
2105,260,633,1212
2105,261,631,1213
2105,262,629,1214
2105,263,627,1215
2105,264,625,1216
2105,265,623,1217
2105,266,621,1218
2105,267,619,1219
2105,268,617,1220
2105,269,615,1221
2105,270,613,1222
2105,271,611,1223
2105,272,609,1224
2105,273,607,1225
2105,274,605,1226
2105,275,603,1227
2105,276,601,1228
2105,277,599,1229
2105,278,597,1230
2105,279,595,1231
2105,280,593,1232
2105,281,591,1233
2105,282,589,1234
2105,283,587,1235
2105,284,585,1236
2105,285,583,1237
2105,286,581,1238
2105,287,579,1239
2105,288,577,1240
2105,289,575,1241
2105,290,573,1242
2105,291,571,1243
2105,292,569,1244
2105,293,567,1245
2105,294,565,1246
2105,295,563,1247
2105,296,561,1248
2105,297,559,1249
2105,298,557,1250
2105,299,555,1251
2105,300,553,1252
2105,301,551,1253
2105,302,549,1254
2105,303,547,1255
2105,304,545,1256
2105,305,543,1257
2105,306,541,1258
2105,307,539,1259
2105,308,537,1260
2105,309,535,1261
2105,310,533,1262
2105,311,531,1263
2105,312,529,1264
2105,313,527,1265
2105,314,525,1266
2105,315,523,1267
2105,316,521,1268
2105,317,519,1269
2105,318,517,1270
2105,319,515,1271
2105,320,513,1272
2105,321,511,1273
2105,322,509,1274
2105,323,507,1275
2105,324,505,1276
2105,325,503,1277
2105,326,501,1278
2105,327,499,1279
2105,328,497,1280
2105,329,495,1281
2105,330,493,1282
2105,331,491,1283
2105,332,489,1284
2105,333,487,1285
2105,334,485,1286
2105,335,483,1287
2105,336,481,1288
2105,337,479,1289
2105,338,477,1290
2105,339,475,1291
2105,340,473,1292
2105,341,471,1293
2105,342,469,1294
2105,343,467,1295
2105,344,465,1296
2105,345,463,1297
2105,346,461,1298
2105,347,459,1299
2105,348,457,1300
2105,349,455,1301
2105,350,453,1302
2105,351,451,1303
2105,352,449,1304
2105,353,447,1305
2105,354,445,1306
2105,355,443,1307
2105,356,441,1308
2105,357,439,1309
2105,358,437,1310
2105,359,435,1311
2105,360,433,1312
2105,361,431,1313
2105,362,429,1314
2105,363,427,1315
2105,364,425,1316
2105,365,423,1317
2105,366,421,1318
2105,367,419,1319
2105,368,417,1320
2105,369,415,1321
2105,370,413,1322
2105,371,411,1323
2105,372,409,1324
2105,373,407,1325
2105,374,405,1326
2105,375,403,1327
2105,376,401,1328
2105,377,399,1329
2105,378,397,1330
2105,379,395,1331
2105,380,393,1332
2105,381,391,1333
2105,382,389,1334
2105,383,387,1335
2105,384,385,1336
2105,385,383,1337
2105,386,381,1338
2105,387,379,1339
2105,388,377,1340
2105,389,375,1341
2105,390,373,1342
2105,391,371,1343
2105,392,369,1344
2105,393,367,1345
2105,394,365,1346
2105,395,363,1347
2105,396,361,1348
2105,397,359,1349
2105,398,357,1350
2105,399,355,1351
2105,400,353,1352
2105,401,351,1353
2105,402,349,1354
2105,403,347,1355
2105,404,345,1356
2105,405,343,1357
2105,406,341,1358
2105,407,339,1359
2105,408,337,1360
2105,409,335,1361
2105,410,333,1362
2105,411,331,1363
2105,412,329,1364
2105,413,327,1365
2105,414,325,1366
2105,415,323,1367
2105,416,321,1368
2105,417,319,1369
2105,418,317,1370
2105,419,315,1371
2105,420,313,1372
2105,421,311,1373
2105,422,309,1374
2105,423,307,1375
2105,424,305,1376
2105,425,303,1377
2105,426,301,1378
2105,427,299,1379
2105,428,297,1380
2105,429,295,1381
2105,430,293,1382
2105,431,291,1383
2105,432,289,1384
2105,433,287,1385
2105,434,285,1386
2105,435,283,1387
2106,0,1169,937
2106,1,1167,938
2106,2,1165,939
2106,3,1163,940
2106,4,1161,941
2106,5,1159,942
2106,6,1157,943
2106,7,1155,944
2106,8,1153,945
2106,9,1151,946
2106,10,1149,947
2106,11,1147,948
2106,12,1145,949
2106,13,1143,950
2106,14,1141,951
2106,15,1139,952
2106,16,1137,953
2106,17,1135,954
2106,18,1133,955
2106,19,1131,956
2106,20,1129,957
2106,21,1127,958
2106,22,1125,959
2106,23,1123,960
2106,24,1121,961
2106,25,1119,962
2106,26,1117,963
2106,27,1115,964
2106,28,1113,965
2106,29,1111,966
2106,30,1109,967
2106,31,1107,968
2106,32,1105,969
2106,33,1103,970
2106,34,1101,971
2106,35,1099,972
2106,36,1097,973
2106,37,1095,974
2106,38,1093,975
2106,39,1091,976
2106,40,1089,977
2106,41,1087,978
2106,42,1085,979
2106,43,1083,980
2106,44,1081,981
2106,45,1079,982
2106,46,1077,983
2106,47,1075,984
2106,48,1073,985
2106,49,1071,986
2106,50,1069,987
2106,51,1067,988
2106,52,1065,989
2106,53,1063,990
2106,54,1061,991
2106,55,1059,992
2106,56,1057,993
2106,57,1055,994
2106,58,1053,995
2106,59,1051,996
2106,60,1049,997
2106,61,1047,998
2106,62,1045,999
2106,63,1043,1000
2106,64,1041,1001
2106,65,1039,1002
2106,66,1037,1003
2106,67,1035,1004
2106,68,1033,1005
2106,69,1031,1006
2106,70,1029,1007
2106,71,1027,1008
2106,72,1025,1009
2106,73,1023,1010
2106,74,1021,1011
2106,75,1019,1012
2106,76,1017,1013
2106,77,1015,1014
2106,78,1013,1015
2106,79,1011,1016
2106,80,1009,1017
2106,81,1007,1018
2106,82,1005,1019
2106,83,1003,1020
2106,84,1001,1021
2106,85,999,1022
2106,86,997,1023
2106,87,995,1024
2106,88,993,1025
2106,89,991,1026
2106,90,989,1027
2106,91,987,1028
2106,92,985,1029
2106,93,983,1030
2106,94,981,1031
2106,95,979,1032
2106,96,977,1033
2106,97,975,1034
2106,98,973,1035
2106,99,971,1036
2106,100,969,1037
2106,101,967,1038
2106,102,965,1039
2106,103,963,1040
2106,104,961,1041
2106,105,959,1042
2106,106,957,1043
2106,107,955,1044
2106,108,953,1045
2106,109,951,1046
2106,110,949,1047
2106,111,947,1048
2106,112,945,1049
2106,113,943,1050
2106,114,941,1051
2106,115,939,1052
2106,116,937,1053
2106,117,935,1054
2106,118,933,1055
2106,119,931,1056
2106,120,929,1057
2106,121,927,1058
2106,122,925,1059
2106,123,923,1060
2106,124,921,1061
2106,125,919,1062
2106,126,917,1063
2106,127,915,1064
2106,128,913,1065
2106,129,911,1066
2106,130,909,1067
2106,131,907,1068
2106,132,905,1069
2106,133,903,1070
2106,134,901,1071
2106,135,899,1072
2106,136,897,1073
2106,137,895,1074
2106,138,893,1075
2106,139,891,1076
2106,140,889,1077
2106,141,887,1078
2106,142,885,1079
2106,143,883,1080
2106,144,881,1081
2106,145,879,1082
2106,146,877,1083
2106,147,875,1084
2106,148,873,1085
2106,149,871,1086
2106,150,869,1087
2106,151,867,1088
2106,152,865,1089
2106,153,863,1090
2106,154,861,1091
2106,155,859,1092
2106,156,857,1093
2106,157,855,1094
2106,158,853,1095
2106,159,851,1096
2106,160,849,1097
2106,161,847,1098
2106,162,845,1099
2106,163,843,1100
2106,164,841,1101
2106,165,839,1102
2106,166,837,1103
2106,167,835,1104
2106,168,833,1105
2106,169,831,1106
2106,170,829,1107
2106,171,827,1108
2106,172,825,1109
2106,173,823,1110
2106,174,821,1111
2106,175,819,1112
2106,176,817,1113
2106,177,815,1114
2106,178,813,1115
2106,179,811,1116
2106,180,809,1117
2106,181,807,1118
2106,182,805,1119
2106,183,803,1120
2106,184,801,1121
2106,185,799,1122
2106,186,797,1123
2106,187,795,1124
2106,188,793,1125
2106,189,791,1126
2106,190,789,1127
2106,191,787,1128
2106,192,785,1129
2106,193,783,1130
2106,194,781,1131
2106,195,779,1132
2106,196,777,1133
2106,197,775,1134
2106,198,773,1135
2106,199,771,1136
2106,200,769,1137
2106,201,767,1138
2106,202,765,1139
2106,203,763,1140
2106,204,761,1141
2106,205,759,1142
2106,206,757,1143
2106,207,755,1144
2106,208,753,1145
2106,209,751,1146
2106,210,749,1147
2106,211,747,1148
2106,212,745,1149
2106,213,743,1150
2106,214,741,1151
2106,215,739,1152
2106,216,737,1153
2106,217,735,1154
2106,218,733,1155
2106,219,731,1156
2106,220,729,1157
2106,221,727,1158
2106,222,725,1159
2106,223,723,1160
2106,224,721,1161
2106,225,719,1162
2106,226,717,1163
2106,227,715,1164
2106,228,713,1165
2106,229,711,1166
2106,230,709,1167
2106,231,707,1168
2106,232,705,1169
2106,233,703,1170
2106,234,701,1171
2106,235,699,1172
2106,236,697,1173
2106,237,695,1174
2106,238,693,1175
2106,239,691,1176
2106,240,689,1177
2106,241,687,1178
2106,242,685,1179
2106,243,683,1180
2106,244,681,1181
2106,245,679,1182
2106,246,677,1183
2106,247,675,1184
2106,248,673,1185
2106,249,671,1186
2106,250,669,1187
2106,251,667,1188
2106,252,665,1189
2106,253,663,1190
2106,254,661,1191
2106,255,659,1192
2106,256,657,1193
2106,257,655,1194
2106,258,653,1195
2106,259,651,1196
2106,260,649,1197
2106,261,647,1198
2106,262,645,1199
2106,263,643,1200
2106,264,641,1201
2106,265,639,1202
2106,266,637,1203
2106,267,635,1204
2106,268,633,1205
2106,269,631,1206
2106,270,629,1207
2106,271,627,1208
2106,272,625,1209
2106,273,623,1210
2106,274,621,1211
2106,275,619,1212
2106,276,617,1213
2106,277,615,1214
2106,278,613,1215
2106,279,611,1216
2106,280,609,1217
2106,281,607,1218
2106,282,605,1219
2106,283,603,1220
2106,284,601,1221
2106,285,599,1222
2106,286,597,1223
2106,287,595,1224
2106,288,593,1225
2106,289,591,1226
2106,290,589,1227
2106,291,587,1228
2106,292,585,1229
2106,293,583,1230
2106,294,581,1231
2106,295,579,1232
2106,296,577,1233
2106,297,575,1234
2106,298,573,1235
2106,299,571,1236
2106,300,569,1237
2106,301,567,1238
2106,302,565,1239
2106,303,563,1240
2106,304,561,1241
2106,305,559,1242
2106,306,557,1243
2106,307,555,1244
2106,308,553,1245
2106,309,551,1246
2106,310,549,1247
2106,311,547,1248
2106,312,545,1249
2106,313,543,1250
2106,314,541,1251
2106,315,539,1252
2106,316,537,1253
2106,317,535,1254
2106,318,533,1255
2106,319,531,1256
2106,320,529,1257
2106,321,527,1258
2106,322,525,1259
2106,323,523,1260
2106,324,521,1261
2106,325,519,1262
2106,326,517,1263
2106,327,515,1264
2106,328,513,1265
2106,329,511,1266
2106,330,509,1267
2106,331,507,1268
2106,332,505,1269
2106,333,503,1270
2106,334,501,1271
2106,335,499,1272
2106,336,497,1273
2106,337,495,1274
2106,338,493,1275
2106,339,491,1276
2106,340,489,1277
2106,341,487,1278
2106,342,485,1279
2106,343,483,1280
2106,344,481,1281
2106,345,479,1282
2106,346,477,1283
2106,347,475,1284
2106,348,473,1285
2106,349,471,1286
2106,350,469,1287
2106,351,467,1288
2106,352,465,1289
2106,353,463,1290
2106,354,461,1291
2106,355,459,1292
2106,356,457,1293
2106,357,455,1294
2106,358,453,1295
2106,359,451,1296
2106,360,449,1297
2106,361,447,1298
2106,362,445,1299
2106,363,443,1300
2106,364,441,1301
2106,365,439,1302
2106,366,437,1303
2106,367,435,1304
2106,368,433,1305
2106,369,431,1306
2106,370,429,1307
2106,371,427,1308
2106,372,425,1309
2106,373,423,1310
2106,374,421,1311
2106,375,419,1312
2106,376,417,1313
2106,377,415,1314
2106,378,413,1315
2106,379,411,1316
2106,380,409,1317
2106,381,407,1318
2106,382,405,1319
2106,383,403,1320
2106,384,401,1321
2106,385,399,1322
2106,386,397,1323
2106,387,395,1324
2106,388,393,1325
2106,389,391,1326
2106,390,389,1327
2106,391,387,1328
2106,392,385,1329
2106,393,383,1330
2106,394,381,1331
2106,395,379,1332
2106,396,377,1333
2106,397,375,1334
2106,398,373,1335
2106,399,371,1336
2106,400,369,1337
2106,401,367,1338
2106,402,365,1339
2106,403,363,1340
2106,404,361,1341
2106,405,359,1342
2106,406,357,1343
2106,407,355,1344
2106,408,353,1345
2106,409,351,1346
2106,410,349,1347
2106,411,347,1348
2106,412,345,1349
2106,413,343,1350
2106,414,341,1351
2106,415,339,1352
2106,416,337,1353
2106,417,335,1354
2106,418,333,1355
2106,419,331,1356
2106,420,329,1357
2106,421,327,1358
2106,422,325,1359
2106,423,323,1360
2106,424,321,1361
2106,425,319,1362
2106,426,317,1363
2106,427,315,1364
2106,428,313,1365
2106,429,311,1366
2106,430,309,1367
2106,431,307,1368
2106,432,305,1369
2106,433,303,1370
2106,434,301,1371
2106,435,299,1372
2107,0,1185,922
2107,1,1183,923
2107,2,1181,924
2107,3,1179,925
2107,4,1177,926
2107,5,1175,927
2107,6,1173,928
2107,7,1171,929
2107,8,1169,930
2107,9,1167,931
2107,10,1165,932
2107,11,1163,933
2107,12,1161,934
2107,13,1159,935
2107,14,1157,936
2107,15,1155,937
2107,16,1153,938
2107,17,1151,939
2107,18,1149,940
2107,19,1147,941
2107,20,1145,942
2107,21,1143,943
2107,22,1141,944
2107,23,1139,945
2107,24,1137,946
2107,25,1135,947
2107,26,1133,948
2107,27,1131,949
2107,28,1129,950
2107,29,1127,951
2107,30,1125,952
2107,31,1123,953
2107,32,1121,954
2107,33,1119,955
2107,34,1117,956
2107,35,1115,957
2107,36,1113,958
2107,37,1111,959
2107,38,1109,960
2107,39,1107,961
2107,40,1105,962
2107,41,1103,963
2107,42,1101,964
2107,43,1099,965
2107,44,1097,966
2107,45,1095,967
2107,46,1093,968
2107,47,1091,969
2107,48,1089,970
2107,49,1087,971
2107,50,1085,972
2107,51,1083,973
2107,52,1081,974
2107,53,1079,975
2107,54,1077,976
2107,55,1075,977
2107,56,1073,978
2107,57,1071,979
2107,58,1069,980
2107,59,1067,981
2107,60,1065,982
2107,61,1063,983
2107,62,1061,984
2107,63,1059,985
2107,64,1057,986
2107,65,1055,987
2107,66,1053,988
2107,67,1051,989
2107,68,1049,990
2107,69,1047,991
2107,70,1045,992
2107,71,1043,993
2107,72,1041,994
2107,73,1039,995
2107,74,1037,996
2107,75,1035,997
2107,76,1033,998
2107,77,1031,999
2107,78,1029,1000
2107,79,1027,1001
2107,80,1025,1002
2107,81,1023,1003
2107,82,1021,1004
2107,83,1019,1005
2107,84,1017,1006
2107,85,1015,1007
2107,86,1013,1008
2107,87,1011,1009
2107,88,1009,1010
2107,89,1007,1011
2107,90,1005,1012
2107,91,1003,1013
2107,92,1001,1014
2107,93,999,1015
2107,94,997,1016
2107,95,995,1017
2107,96,993,1018
2107,97,991,1019
2107,98,989,1020
2107,99,987,1021
2107,100,985,1022
2107,101,983,1023
2107,102,981,1024
2107,103,979,1025
2107,104,977,1026
2107,105,975,1027
2107,106,973,1028
2107,107,971,1029
2107,108,969,1030
2107,109,967,1031
2107,110,965,1032
2107,111,963,1033
2107,112,961,1034
2107,113,959,1035
2107,114,957,1036
2107,115,955,1037
2107,116,953,1038
2107,117,951,1039
2107,118,949,1040
2107,119,947,1041
2107,120,945,1042
2107,121,943,1043
2107,122,941,1044
2107,123,939,1045
2107,124,937,1046
2107,125,935,1047
2107,126,933,1048
2107,127,931,1049
2107,128,929,1050
2107,129,927,1051
2107,130,925,1052
2107,131,923,1053
2107,132,921,1054
2107,133,919,1055
2107,134,917,1056
2107,135,915,1057
2107,136,913,1058
2107,137,911,1059
2107,138,909,1060
2107,139,907,1061
2107,140,905,1062
2107,141,903,1063
2107,142,901,1064
2107,143,899,1065
2107,144,897,1066
2107,145,895,1067
2107,146,893,1068
2107,147,891,1069
2107,148,889,1070
2107,149,887,1071
2107,150,885,1072
2107,151,883,1073
2107,152,881,1074
2107,153,879,1075
2107,154,877,1076
2107,155,875,1077
2107,156,873,1078
2107,157,871,1079
2107,158,869,1080
2107,159,867,1081
2107,160,865,1082
2107,161,863,1083
2107,162,861,1084
2107,163,859,1085
2107,164,857,1086
2107,165,855,1087
2107,166,853,1088
2107,167,851,1089
2107,168,849,1090
2107,169,847,1091
2107,170,845,1092
2107,171,843,1093
2107,172,841,1094
2107,173,839,1095
2107,174,837,1096
2107,175,835,1097
2107,176,833,1098
2107,177,831,1099
2107,178,829,1100
2107,179,827,1101
2107,180,825,1102
2107,181,823,1103
2107,182,821,1104
2107,183,819,1105
2107,184,817,1106
2107,185,815,1107
2107,186,813,1108
2107,187,811,1109
2107,188,809,1110
2107,189,807,1111
2107,190,805,1112
2107,191,803,1113
2107,192,801,1114
2107,193,799,1115
2107,194,797,1116
2107,195,795,1117
2107,196,793,1118
2107,197,791,1119
2107,198,789,1120
2107,199,787,1121
2107,200,785,1122
2107,201,783,1123
2107,202,781,1124
2107,203,779,1125
2107,204,777,1126
2107,205,775,1127
2107,206,773,1128
2107,207,771,1129
2107,208,769,1130
2107,209,767,1131
2107,210,765,1132
2107,211,763,1133
2107,212,761,1134
2107,213,759,1135
2107,214,757,1136
2107,215,755,1137
2107,216,753,1138
2107,217,751,1139
2107,218,749,1140
2107,219,747,1141
2107,220,745,1142
2107,221,743,1143
2107,222,741,1144
2107,223,739,1145
2107,224,737,1146
2107,225,735,1147
2107,226,733,1148
2107,227,731,1149
2107,228,729,1150
2107,229,727,1151
2107,230,725,1152
2107,231,723,1153
2107,232,721,1154
2107,233,719,1155
2107,234,717,1156
2107,235,715,1157
2107,236,713,1158
2107,237,711,1159
2107,238,709,1160
2107,239,707,1161
2107,240,705,1162
2107,241,703,1163
2107,242,701,1164
2107,243,699,1165
2107,244,697,1166
2107,245,695,1167
2107,246,693,1168
2107,247,691,1169
2107,248,689,1170
2107,249,687,1171
2107,250,685,1172
2107,251,683,1173
2107,252,681,1174
2107,253,679,1175
2107,254,677,1176
2107,255,675,1177
2107,256,673,1178
2107,257,671,1179
2107,258,669,1180
2107,259,667,1181
2107,260,665,1182
2107,261,663,1183
2107,262,661,1184
2107,263,659,1185
2107,264,657,1186
2107,265,655,1187
2107,266,653,1188
2107,267,651,1189
2107,268,649,1190
2107,269,647,1191
2107,270,645,1192
2107,271,643,1193
2107,272,641,1194
2107,273,639,1195
2107,274,637,1196
2107,275,635,1197
2107,276,633,1198
2107,277,631,1199
2107,278,629,1200
2107,279,627,1201
2107,280,625,1202
2107,281,623,1203
2107,282,621,1204
2107,283,619,1205
2107,284,617,1206
2107,285,615,1207
2107,286,613,1208
2107,287,611,1209
2107,288,609,1210
2107,289,607,1211
2107,290,605,1212
2107,291,603,1213
2107,292,601,1214
2107,293,599,1215
2107,294,597,1216
2107,295,595,1217
2107,296,593,1218
2107,297,591,1219
2107,298,589,1220
2107,299,587,1221
2107,300,585,1222
2107,301,583,1223
2107,302,581,1224
2107,303,579,1225
2107,304,577,1226
2107,305,575,1227
2107,306,573,1228
2107,307,571,1229
2107,308,569,1230
2107,309,567,1231
2107,310,565,1232
2107,311,563,1233
2107,312,561,1234
2107,313,559,1235
2107,314,557,1236
2107,315,555,1237
2107,316,553,1238
2107,317,551,1239
2107,318,549,1240
2107,319,547,1241
2107,320,545,1242
2107,321,543,1243
2107,322,541,1244
2107,323,539,1245
2107,324,537,1246
2107,325,535,1247
2107,326,533,1248
2107,327,531,1249
2107,328,529,1250
2107,329,527,1251
2107,330,525,1252
2107,331,523,1253
2107,332,521,1254
2107,333,519,1255
2107,334,517,1256
2107,335,515,1257
2107,336,513,1258
2107,337,511,1259
2107,338,509,1260
2107,339,507,1261
2107,340,505,1262
2107,341,503,1263
2107,342,501,1264
2107,343,499,1265
2107,344,497,1266
2107,345,495,1267
2107,346,493,1268
2107,347,491,1269
2107,348,489,1270
2107,349,487,1271
2107,350,485,1272
2107,351,483,1273
2107,352,481,1274
2107,353,479,1275
2107,354,477,1276
2107,355,475,1277
2107,356,473,1278
2107,357,471,1279
2107,358,469,1280
2107,359,467,1281
2107,360,465,1282
2107,361,463,1283
2107,362,461,1284
2107,363,459,1285
2107,364,457,1286
2107,365,455,1287
2107,366,453,1288
2107,367,451,1289
2107,368,449,1290
2107,369,447,1291
2107,370,445,1292
2107,371,443,1293
2107,372,441,1294
2107,373,439,1295
2107,374,437,1296
2107,375,435,1297
2107,376,433,1298
2107,377,431,1299
2107,378,429,1300
2107,379,427,1301
2107,380,425,1302
2107,381,423,1303
2107,382,421,1304
2107,383,419,1305
2107,384,417,1306
2107,385,415,1307
2107,386,413,1308
2107,387,411,1309
2107,388,409,1310
2107,389,407,1311
2107,390,405,1312
2107,391,403,1313
2107,392,401,1314
2107,393,399,1315
2107,394,397,1316
2107,395,395,1317
2107,396,393,1318
2107,397,391,1319
2107,398,389,1320
2107,399,387,1321
2107,400,385,1322
2107,401,383,1323
2107,402,381,1324
2107,403,379,1325
2107,404,377,1326
2107,405,375,1327
2107,406,373,1328
2107,407,371,1329
2107,408,369,1330
2107,409,367,1331
2107,410,365,1332
2107,411,363,1333
2107,412,361,1334
2107,413,359,1335
2107,414,357,1336
2107,415,355,1337
2107,416,353,1338
2107,417,351,1339
2107,418,349,1340
2107,419,347,1341
2107,420,345,1342
2107,421,343,1343
2107,422,341,1344
2107,423,339,1345
2107,424,337,1346
2107,425,335,1347
2107,426,333,1348
2107,427,331,1349
2107,428,329,1350
2107,429,327,1351
2107,430,325,1352
2107,431,323,1353
2107,432,321,1354
2107,433,319,1355
2107,434,317,1356
2107,435,315,1357
2108,0,1201,907
2108,1,1199,908
2108,2,1197,909
2108,3,1195,910
2108,4,1193,911
2108,5,1191,912
2108,6,1189,913
2108,7,1187,914
2108,8,1185,915
2108,9,1183,916
2108,10,1181,917
2108,11,1179,918
2108,12,1177,919
2108,13,1175,920
2108,14,1173,921
2108,15,1171,922
2108,16,1169,923
2108,17,1167,924
2108,18,1165,925
2108,19,1163,926
2108,20,1161,927
2108,21,1159,928
2108,22,1157,929
2108,23,1155,930
2108,24,1153,931
2108,25,1151,932
2108,26,1149,933
2108,27,1147,934
2108,28,1145,935
2108,29,1143,936
2108,30,1141,937
2108,31,1139,938
2108,32,1137,939
2108,33,1135,940
2108,34,1133,941
2108,35,1131,942
2108,36,1129,943
2108,37,1127,944
2108,38,1125,945
2108,39,1123,946
2108,40,1121,947
2108,41,1119,948
2108,42,1117,949
2108,43,1115,950
2108,44,1113,951
2108,45,1111,952
2108,46,1109,953
2108,47,1107,954
2108,48,1105,955
2108,49,1103,956
2108,50,1101,957
2108,51,1099,958
2108,52,1097,959
2108,53,1095,960
2108,54,1093,961
2108,55,1091,962
2108,56,1089,963
2108,57,1087,964
2108,58,1085,965
2108,59,1083,966
2108,60,1081,967
2108,61,1079,968
2108,62,1077,969
2108,63,1075,970
2108,64,1073,971
2108,65,1071,972
2108,66,1069,973
2108,67,1067,974
2108,68,1065,975
2108,69,1063,976
2108,70,1061,977
2108,71,1059,978
2108,72,1057,979
2108,73,1055,980
2108,74,1053,981
2108,75,1051,982
2108,76,1049,983
2108,77,1047,984
2108,78,1045,985
2108,79,1043,986
2108,80,1041,987
2108,81,1039,988
2108,82,1037,989
2108,83,1035,990
2108,84,1033,991
2108,85,1031,992
2108,86,1029,993
2108,87,1027,994
2108,88,1025,995
2108,89,1023,996
2108,90,1021,997
2108,91,1019,998
2108,92,1017,999
2108,93,1015,1000
2108,94,1013,1001
2108,95,1011,1002
2108,96,1009,1003
2108,97,1007,1004
2108,98,1005,1005
2108,99,1003,1006
2108,100,1001,1007
2108,101,999,1008
2108,102,997,1009
2108,103,995,1010
2108,104,993,1011
2108,105,991,1012
2108,106,989,1013
2108,107,987,1014
2108,108,985,1015
2108,109,983,1016
2108,110,981,1017
2108,111,979,1018
2108,112,977,1019
2108,113,975,1020
2108,114,973,1021
2108,115,971,1022
2108,116,969,1023
2108,117,967,1024
2108,118,965,1025
2108,119,963,1026
2108,120,961,1027
2108,121,959,1028
2108,122,957,1029
2108,123,955,1030
2108,124,953,1031
2108,125,951,1032
2108,126,949,1033
2108,127,947,1034
2108,128,945,1035
2108,129,943,1036
2108,130,941,1037
2108,131,939,1038
2108,132,937,1039
2108,133,935,1040
2108,134,933,1041
2108,135,931,1042
2108,136,929,1043
2108,137,927,1044
2108,138,925,1045
2108,139,923,1046
2108,140,921,1047
2108,141,919,1048
2108,142,917,1049
2108,143,915,1050
2108,144,913,1051
2108,145,911,1052
2108,146,909,1053
2108,147,907,1054
2108,148,905,1055
2108,149,903,1056
2108,150,901,1057
2108,151,899,1058
2108,152,897,1059
2108,153,895,1060
2108,154,893,1061
2108,155,891,1062
2108,156,889,1063
2108,157,887,1064
2108,158,885,1065
2108,159,883,1066
2108,160,881,1067
2108,161,879,1068
2108,162,877,1069
2108,163,875,1070
2108,164,873,1071
2108,165,871,1072
2108,166,869,1073
2108,167,867,1074
2108,168,865,1075
2108,169,863,1076
2108,170,861,1077
2108,171,859,1078
2108,172,857,1079
2108,173,855,1080
2108,174,853,1081
2108,175,851,1082
2108,176,849,1083
2108,177,847,1084
2108,178,845,1085
2108,179,843,1086
2108,180,841,1087
2108,181,839,1088
2108,182,837,1089
2108,183,835,1090
2108,184,833,1091
2108,185,831,1092
2108,186,829,1093
2108,187,827,1094
2108,188,825,1095
2108,189,823,1096
2108,190,821,1097
2108,191,819,1098
2108,192,817,1099
2108,193,815,1100
2108,194,813,1101
2108,195,811,1102
2108,196,809,1103
2108,197,807,1104
2108,198,805,1105
2108,199,803,1106
2108,200,801,1107
2108,201,799,1108
2108,202,797,1109
2108,203,795,1110
2108,204,793,1111
2108,205,791,1112
2108,206,789,1113
2108,207,787,1114
2108,208,785,1115
2108,209,783,1116
2108,210,781,1117
2108,211,779,1118
2108,212,777,1119
2108,213,775,1120
2108,214,773,1121
2108,215,771,1122
2108,216,769,1123
2108,217,767,1124
2108,218,765,1125
2108,219,763,1126
2108,220,761,1127
2108,221,759,1128
2108,222,757,1129
2108,223,755,1130
2108,224,753,1131
2108,225,751,1132
2108,226,749,1133
2108,227,747,1134
2108,228,745,1135
2108,229,743,1136
2108,230,741,1137
2108,231,739,1138
2108,232,737,1139
2108,233,735,1140
2108,234,733,1141
2108,235,731,1142
2108,236,729,1143
2108,237,727,1144
2108,238,725,1145
2108,239,723,1146
2108,240,721,1147
2108,241,719,1148
2108,242,717,1149
2108,243,715,1150
2108,244,713,1151
2108,245,711,1152
2108,246,709,1153
2108,247,707,1154
2108,248,705,1155
2108,249,703,1156
2108,250,701,1157
2108,251,699,1158
2108,252,697,1159
2108,253,695,1160
2108,254,693,1161
2108,255,691,1162
2108,256,689,1163
2108,257,687,1164
2108,258,685,1165
2108,259,683,1166
2108,260,681,1167
2108,261,679,1168
2108,262,677,1169
2108,263,675,1170
2108,264,673,1171
2108,265,671,1172
2108,266,669,1173
2108,267,667,1174
2108,268,665,1175
2108,269,663,1176
2108,270,661,1177
2108,271,659,1178
2108,272,657,1179
2108,273,655,1180
2108,274,653,1181
2108,275,651,1182
2108,276,649,1183
2108,277,647,1184
2108,278,645,1185
2108,279,643,1186
2108,280,641,1187
2108,281,639,1188
2108,282,637,1189
2108,283,635,1190
2108,284,633,1191
2108,285,631,1192
2108,286,629,1193
2108,287,627,1194
2108,288,625,1195
2108,289,623,1196
2108,290,621,1197
2108,291,619,1198
2108,292,617,1199
2108,293,615,1200
2108,294,613,1201
2108,295,611,1202
2108,296,609,1203
2108,297,607,1204
2108,298,605,1205
2108,299,603,1206
2108,300,601,1207
2108,301,599,1208
2108,302,597,1209
2108,303,595,1210
2108,304,593,1211
2108,305,591,1212
2108,306,589,1213
2108,307,587,1214
2108,308,585,1215
2108,309,583,1216
2108,310,581,1217
2108,311,579,1218
2108,312,577,1219
2108,313,575,1220
2108,314,573,1221
2108,315,571,1222
2108,316,569,1223
2108,317,567,1224
2108,318,565,1225
2108,319,563,1226
2108,320,561,1227
2108,321,559,1228
2108,322,557,1229
2108,323,555,1230
2108,324,553,1231
2108,325,551,1232
2108,326,549,1233
2108,327,547,1234
2108,328,545,1235
2108,329,543,1236
2108,330,541,1237
2108,331,539,1238
2108,332,537,1239
2108,333,535,1240
2108,334,533,1241
2108,335,531,1242
2108,336,529,1243
2108,337,527,1244
2108,338,525,1245
2108,339,523,1246
2108,340,521,1247
2108,341,519,1248
2108,342,517,1249
2108,343,515,1250
2108,344,513,1251
2108,345,511,1252
2108,346,509,1253
2108,347,507,1254
2108,348,505,1255
2108,349,503,1256
2108,350,501,1257
2108,351,499,1258
2108,352,497,1259
2108,353,495,1260
2108,354,493,1261
2108,355,491,1262
2108,356,489,1263
2108,357,487,1264
2108,358,485,1265
2108,359,483,1266
2108,360,481,1267
2108,361,479,1268
2108,362,477,1269
2108,363,475,1270
2108,364,473,1271
2108,365,471,1272
2108,366,469,1273
2108,367,467,1274
2108,368,465,1275
2108,369,463,1276
2108,370,461,1277
2108,371,459,1278
2108,372,457,1279
2108,373,455,1280
2108,374,453,1281
2108,375,451,1282
2108,376,449,1283
2108,377,447,1284
2108,378,445,1285
2108,379,443,1286
2108,380,441,1287
2108,381,439,1288
2108,382,437,1289
2108,383,435,1290
2108,384,433,1291
2108,385,431,1292
2108,386,429,1293
2108,387,427,1294
2108,388,425,1295
2108,389,423,1296
2108,390,421,1297
2108,391,419,1298
2108,392,417,1299
2108,393,415,1300
2108,394,413,1301
2108,395,411,1302
2108,396,409,1303
2108,397,407,1304
2108,398,405,1305
2108,399,403,1306
2108,400,401,1307
2108,401,399,1308
2108,402,397,1309
2108,403,395,1310
2108,404,393,1311
2108,405,391,1312
2108,406,389,1313
2108,407,387,1314
2108,408,385,1315
2108,409,383,1316
2108,410,381,1317
2108,411,379,1318
2108,412,377,1319
2108,413,375,1320
2108,414,373,1321
2108,415,371,1322
2108,416,369,1323
2108,417,367,1324
2108,418,365,1325
2108,419,363,1326
2108,420,361,1327
2108,421,359,1328
2108,422,357,1329
2108,423,355,1330
2108,424,353,1331
2108,425,351,1332
2108,426,349,1333
2108,427,347,1334
2108,428,345,1335
2108,429,343,1336
2108,430,341,1337
2108,431,339,1338
2108,432,337,1339
2108,433,335,1340
2108,434,333,1341
2108,435,331,1342
2109,0,1217,892
2109,1,1215,893
2109,2,1213,894
2109,3,1211,895
2109,4,1209,896
2109,5,1207,897
2109,6,1205,898
2109,7,1203,899
2109,8,1201,900
2109,9,1199,901
2109,10,1197,902
2109,11,1195,903
2109,12,1193,904
2109,13,1191,905
2109,14,1189,906
2109,15,1187,907
2109,16,1185,908
2109,17,1183,909
2109,18,1181,910
2109,19,1179,911
2109,20,1177,912
2109,21,1175,913
2109,22,1173,914
2109,23,1171,915
2109,24,1169,916
2109,25,1167,917
2109,26,1165,918
2109,27,1163,919
2109,28,1161,920
2109,29,1159,921
2109,30,1157,922
2109,31,1155,923
2109,32,1153,924
2109,33,1151,925
2109,34,1149,926
2109,35,1147,927
2109,36,1145,928
2109,37,1143,929
2109,38,1141,930
2109,39,1139,931
2109,40,1137,932
2109,41,1135,933
2109,42,1133,934
2109,43,1131,935
2109,44,1129,936
2109,45,1127,937
2109,46,1125,938
2109,47,1123,939
2109,48,1121,940
2109,49,1119,941
2109,50,1117,942
2109,51,1115,943
2109,52,1113,944
2109,53,1111,945
2109,54,1109,946
2109,55,1107,947
2109,56,1105,948
2109,57,1103,949
2109,58,1101,950
2109,59,1099,951
2109,60,1097,952
2109,61,1095,953
2109,62,1093,954
2109,63,1091,955
2109,64,1089,956
2109,65,1087,957
2109,66,1085,958
2109,67,1083,959
2109,68,1081,960
2109,69,1079,961
2109,70,1077,962
2109,71,1075,963
2109,72,1073,964
2109,73,1071,965
2109,74,1069,966
2109,75,1067,967
2109,76,1065,968
2109,77,1063,969
2109,78,1061,970
2109,79,1059,971
2109,80,1057,972
2109,81,1055,973
2109,82,1053,974
2109,83,1051,975
2109,84,1049,976
2109,85,1047,977
2109,86,1045,978
2109,87,1043,979
2109,88,1041,980
2109,89,1039,981
2109,90,1037,982
2109,91,1035,983
2109,92,1033,984
2109,93,1031,985
2109,94,1029,986
2109,95,1027,987
2109,96,1025,988
2109,97,1023,989
2109,98,1021,990
2109,99,1019,991
2109,100,1017,992
2109,101,1015,993
2109,102,1013,994
2109,103,1011,995
2109,104,1009,996
2109,105,1007,997
2109,106,1005,998
2109,107,1003,999
2109,108,1001,1000
2109,109,999,1001
2109,110,997,1002
2109,111,995,1003
2109,112,993,1004
2109,113,991,1005
2109,114,989,1006
2109,115,987,1007
2109,116,985,1008
2109,117,983,1009
2109,118,981,1010
2109,119,979,1011
2109,120,977,1012
2109,121,975,1013
2109,122,973,1014
2109,123,971,1015
2109,124,969,1016
2109,125,967,1017
2109,126,965,1018
2109,127,963,1019
2109,128,961,1020
2109,129,959,1021
2109,130,957,1022
2109,131,955,1023
2109,132,953,1024
2109,133,951,1025
2109,134,949,1026
2109,135,947,1027
2109,136,945,1028
2109,137,943,1029
2109,138,941,1030
2109,139,939,1031
2109,140,937,1032
2109,141,935,1033
2109,142,933,1034
2109,143,931,1035
2109,144,929,1036
2109,145,927,1037
2109,146,925,1038
2109,147,923,1039
2109,148,921,1040
2109,149,919,1041
2109,150,917,1042
2109,151,915,1043
2109,152,913,1044
2109,153,911,1045
2109,154,909,1046
2109,155,907,1047
2109,156,905,1048
2109,157,903,1049
2109,158,901,1050
2109,159,899,1051
2109,160,897,1052
2109,161,895,1053
2109,162,893,1054
2109,163,891,1055
2109,164,889,1056
2109,165,887,1057
2109,166,885,1058
2109,167,883,1059
2109,168,881,1060
2109,169,879,1061
2109,170,877,1062
2109,171,875,1063
2109,172,873,1064
2109,173,871,1065
2109,174,869,1066
2109,175,867,1067
2109,176,865,1068
2109,177,863,1069
2109,178,861,1070
2109,179,859,1071
2109,180,857,1072
2109,181,855,1073
2109,182,853,1074
2109,183,851,1075
2109,184,849,1076
2109,185,847,1077
2109,186,845,1078
2109,187,843,1079
2109,188,841,1080
2109,189,839,1081
2109,190,837,1082
2109,191,835,1083
2109,192,833,1084
2109,193,831,1085
2109,194,829,1086
2109,195,827,1087
2109,196,825,1088
2109,197,823,1089
2109,198,821,1090
2109,199,819,1091
2109,200,817,1092
2109,201,815,1093
2109,202,813,1094
2109,203,811,1095
2109,204,809,1096
2109,205,807,1097
2109,206,805,1098
2109,207,803,1099
2109,208,801,1100
2109,209,799,1101
2109,210,797,1102
2109,211,795,1103
2109,212,793,1104
2109,213,791,1105
2109,214,789,1106
2109,215,787,1107
2109,216,785,1108
2109,217,783,1109
2109,218,781,1110
2109,219,779,1111
2109,220,777,1112
2109,221,775,1113
2109,222,773,1114
2109,223,771,1115
2109,224,769,1116
2109,225,767,1117
2109,226,765,1118
2109,227,763,1119
2109,228,761,1120
2109,229,759,1121
2109,230,757,1122
2109,231,755,1123
2109,232,753,1124
2109,233,751,1125
2109,234,749,1126
2109,235,747,1127
2109,236,745,1128
2109,237,743,1129
2109,238,741,1130
2109,239,739,1131
2109,240,737,1132
2109,241,735,1133
2109,242,733,1134
2109,243,731,1135
2109,244,729,1136
2109,245,727,1137
2109,246,725,1138
2109,247,723,1139
2109,248,721,1140
2109,249,719,1141
2109,250,717,1142
2109,251,715,1143
2109,252,713,1144
2109,253,711,1145
2109,254,709,1146
2109,255,707,1147
2109,256,705,1148
2109,257,703,1149
2109,258,701,1150
2109,259,699,1151
2109,260,697,1152
2109,261,695,1153
2109,262,693,1154
2109,263,691,1155
2109,264,689,1156
2109,265,687,1157
2109,266,685,1158
2109,267,683,1159
2109,268,681,1160
2109,269,679,1161
2109,270,677,1162
2109,271,675,1163
2109,272,673,1164
2109,273,671,1165
2109,274,669,1166
2109,275,667,1167
2109,276,665,1168
2109,277,663,1169
2109,278,661,1170
2109,279,659,1171
2109,280,657,1172
2109,281,655,1173
2109,282,653,1174
2109,283,651,1175
2109,284,649,1176
2109,285,647,1177
2109,286,645,1178
2109,287,643,1179
2109,288,641,1180
2109,289,639,1181
2109,290,637,1182
2109,291,635,1183
2109,292,633,1184
2109,293,631,1185
2109,294,629,1186
2109,295,627,1187
2109,296,625,1188
2109,297,623,1189
2109,298,621,1190
2109,299,619,1191
2109,300,617,1192
2109,301,615,1193
2109,302,613,1194
2109,303,611,1195
2109,304,609,1196
2109,305,607,1197
2109,306,605,1198
2109,307,603,1199
2109,308,601,1200
2109,309,599,1201
2109,310,597,1202
2109,311,595,1203
2109,312,593,1204
2109,313,591,1205
2109,314,589,1206
2109,315,587,1207
2109,316,585,1208
2109,317,583,1209
2109,318,581,1210
2109,319,579,1211
2109,320,577,1212
2109,321,575,1213
2109,322,573,1214
2109,323,571,1215
2109,324,569,1216
2109,325,567,1217
2109,326,565,1218
2109,327,563,1219
2109,328,561,1220
2109,329,559,1221
2109,330,557,1222
2109,331,555,1223
2109,332,553,1224
2109,333,551,1225
2109,334,549,1226
2109,335,547,1227
2109,336,545,1228
2109,337,543,1229
2109,338,541,1230
2109,339,539,1231
2109,340,537,1232
2109,341,535,1233
2109,342,533,1234
2109,343,531,1235
2109,344,529,1236
2109,345,527,1237
2109,346,525,1238
2109,347,523,1239
2109,348,521,1240
2109,349,519,1241
2109,350,517,1242
2109,351,515,1243
2109,352,513,1244
2109,353,511,1245
2109,354,509,1246
2109,355,507,1247
2109,356,505,1248
2109,357,503,1249
2109,358,501,1250
2109,359,499,1251
2109,360,497,1252
2109,361,495,1253
2109,362,493,1254
2109,363,491,1255
2109,364,489,1256
2109,365,487,1257
2109,366,485,1258
2109,367,483,1259
2109,368,481,1260
2109,369,479,1261
2109,370,477,1262
2109,371,475,1263
2109,372,473,1264
2109,373,471,1265
2109,374,469,1266
2109,375,467,1267
2109,376,465,1268
2109,377,463,1269
2109,378,461,1270
2109,379,459,1271
2109,380,457,1272
2109,381,455,1273
2109,382,453,1274
2109,383,451,1275
2109,384,449,1276
2109,385,447,1277
2109,386,445,1278
2109,387,443,1279
2109,388,441,1280
2109,389,439,1281
2109,390,437,1282
2109,391,435,1283
2109,392,433,1284
2109,393,431,1285
2109,394,429,1286
2109,395,427,1287
2109,396,425,1288
2109,397,423,1289
2109,398,421,1290
2109,399,419,1291
2109,400,417,1292
2109,401,415,1293
2109,402,413,1294
2109,403,411,1295
2109,404,409,1296
2109,405,407,1297
2109,406,405,1298
2109,407,403,1299
2109,408,401,1300
2109,409,399,1301
2109,410,397,1302
2109,411,395,1303
2109,412,393,1304
2109,413,391,1305
2109,414,389,1306
2109,415,387,1307
2109,416,385,1308
2109,417,383,1309
2109,418,381,1310
2109,419,379,1311
2109,420,377,1312
2109,421,375,1313
2109,422,373,1314
2109,423,371,1315
2109,424,369,1316
2109,425,367,1317
2109,426,365,1318
2109,427,363,1319
2109,428,361,1320
2109,429,359,1321
2109,430,357,1322
2109,431,355,1323
2109,432,353,1324
2109,433,351,1325
2109,434,349,1326
2109,435,347,1327
2110,0,1233,877
2110,1,1231,878
2110,2,1229,879
2110,3,1227,880
2110,4,1225,881
2110,5,1223,882
2110,6,1221,883
2110,7,1219,884
2110,8,1217,885
2110,9,1215,886
2110,10,1213,887
2110,11,1211,888
2110,12,1209,889
2110,13,1207,890
2110,14,1205,891
2110,15,1203,892
2110,16,1201,893
2110,17,1199,894
2110,18,1197,895
2110,19,1195,896
2110,20,1193,897
2110,21,1191,898
2110,22,1189,899
2110,23,1187,900
2110,24,1185,901
2110,25,1183,902
2110,26,1181,903
2110,27,1179,904
2110,28,1177,905
2110,29,1175,906
2110,30,1173,907
2110,31,1171,908
2110,32,1169,909
2110,33,1167,910
2110,34,1165,911
2110,35,1163,912
2110,36,1161,913
2110,37,1159,914
2110,38,1157,915
2110,39,1155,916
2110,40,1153,917
2110,41,1151,918
2110,42,1149,919
2110,43,1147,920
2110,44,1145,921
2110,45,1143,922
2110,46,1141,923
2110,47,1139,924
2110,48,1137,925
2110,49,1135,926
2110,50,1133,927
2110,51,1131,928
2110,52,1129,929
2110,53,1127,930
2110,54,1125,931
2110,55,1123,932
2110,56,1121,933
2110,57,1119,934
2110,58,1117,935
2110,59,1115,936
2110,60,1113,937
2110,61,1111,938
2110,62,1109,939
2110,63,1107,940
2110,64,1105,941
2110,65,1103,942
2110,66,1101,943
2110,67,1099,944
2110,68,1097,945
2110,69,1095,946
2110,70,1093,947
2110,71,1091,948
2110,72,1089,949
2110,73,1087,950
2110,74,1085,951
2110,75,1083,952
2110,76,1081,953
2110,77,1079,954
2110,78,1077,955
2110,79,1075,956
2110,80,1073,957
2110,81,1071,958
2110,82,1069,959
2110,83,1067,960
2110,84,1065,961
2110,85,1063,962
2110,86,1061,963
2110,87,1059,964
2110,88,1057,965
2110,89,1055,966
2110,90,1053,967
2110,91,1051,968
2110,92,1049,969
2110,93,1047,970
2110,94,1045,971
2110,95,1043,972
2110,96,1041,973
2110,97,1039,974
2110,98,1037,975
2110,99,1035,976
2110,100,1033,977
2110,101,1031,978
2110,102,1029,979
2110,103,1027,980
2110,104,1025,981
2110,105,1023,982
2110,106,1021,983
2110,107,1019,984
2110,108,1017,985
2110,109,1015,986
2110,110,1013,987
2110,111,1011,988
2110,112,1009,989
2110,113,1007,990
2110,114,1005,991
2110,115,1003,992
2110,116,1001,993
2110,117,999,994
2110,118,997,995
2110,119,995,996
2110,120,993,997
2110,121,991,998
2110,122,989,999
2110,123,987,1000
2110,124,985,1001
2110,125,983,1002
2110,126,981,1003
2110,127,979,1004
2110,128,977,1005
2110,129,975,1006
2110,130,973,1007
2110,131,971,1008
2110,132,969,1009
2110,133,967,1010
2110,134,965,1011
2110,135,963,1012
2110,136,961,1013
2110,137,959,1014
2110,138,957,1015
2110,139,955,1016
2110,140,953,1017
2110,141,951,1018
2110,142,949,1019
2110,143,947,1020
2110,144,945,1021
2110,145,943,1022
2110,146,941,1023
2110,147,939,1024
2110,148,937,1025
2110,149,935,1026
2110,150,933,1027
2110,151,931,1028
2110,152,929,1029
2110,153,927,1030
2110,154,925,1031
2110,155,923,1032
2110,156,921,1033
2110,157,919,1034
2110,158,917,1035
2110,159,915,1036
2110,160,913,1037
2110,161,911,1038
2110,162,909,1039
2110,163,907,1040
2110,164,905,1041
2110,165,903,1042
2110,166,901,1043
2110,167,899,1044
2110,168,897,1045
2110,169,895,1046
2110,170,893,1047
2110,171,891,1048
2110,172,889,1049
2110,173,887,1050
2110,174,885,1051
2110,175,883,1052
2110,176,881,1053
2110,177,879,1054
2110,178,877,1055
2110,179,875,1056
2110,180,873,1057
2110,181,871,1058
2110,182,869,1059
2110,183,867,1060
2110,184,865,1061
2110,185,863,1062
2110,186,861,1063
2110,187,859,1064
2110,188,857,1065
2110,189,855,1066
2110,190,853,1067
2110,191,851,1068
2110,192,849,1069
2110,193,847,1070
2110,194,845,1071
2110,195,843,1072
2110,196,841,1073
2110,197,839,1074
2110,198,837,1075
2110,199,835,1076
2110,200,833,1077
2110,201,831,1078
2110,202,829,1079
2110,203,827,1080
2110,204,825,1081
2110,205,823,1082
2110,206,821,1083
2110,207,819,1084
2110,208,817,1085
2110,209,815,1086
2110,210,813,1087
2110,211,811,1088
2110,212,809,1089
2110,213,807,1090
2110,214,805,1091
2110,215,803,1092
2110,216,801,1093
2110,217,799,1094
2110,218,797,1095
2110,219,795,1096
2110,220,793,1097
2110,221,791,1098
2110,222,789,1099
2110,223,787,1100
2110,224,785,1101
2110,225,783,1102
2110,226,781,1103
2110,227,779,1104
2110,228,777,1105
2110,229,775,1106
2110,230,773,1107
2110,231,771,1108
2110,232,769,1109
2110,233,767,1110
2110,234,765,1111
2110,235,763,1112
2110,236,761,1113
2110,237,759,1114
2110,238,757,1115
2110,239,755,1116
2110,240,753,1117
2110,241,751,1118
2110,242,749,1119
2110,243,747,1120
2110,244,745,1121
2110,245,743,1122
2110,246,741,1123
2110,247,739,1124
2110,248,737,1125
2110,249,735,1126
2110,250,733,1127
2110,251,731,1128
2110,252,729,1129
2110,253,727,1130
2110,254,725,1131
2110,255,723,1132
2110,256,721,1133
2110,257,719,1134
2110,258,717,1135
2110,259,715,1136
2110,260,713,1137
2110,261,711,1138
2110,262,709,1139
2110,263,707,1140
2110,264,705,1141
2110,265,703,1142
2110,266,701,1143
2110,267,699,1144
2110,268,697,1145
2110,269,695,1146
2110,270,693,1147
2110,271,691,1148
2110,272,689,1149
2110,273,687,1150
2110,274,685,1151
2110,275,683,1152
2110,276,681,1153
2110,277,679,1154
2110,278,677,1155
2110,279,675,1156
2110,280,673,1157
2110,281,671,1158
2110,282,669,1159
2110,283,667,1160
2110,284,665,1161
2110,285,663,1162
2110,286,661,1163
2110,287,659,1164
2110,288,657,1165
2110,289,655,1166
2110,290,653,1167
2110,291,651,1168
2110,292,649,1169
2110,293,647,1170
2110,294,645,1171
2110,295,643,1172
2110,296,641,1173
2110,297,639,1174
2110,298,637,1175
2110,299,635,1176
2110,300,633,1177
2110,301,631,1178
2110,302,629,1179
2110,303,627,1180
2110,304,625,1181
2110,305,623,1182
2110,306,621,1183
2110,307,619,1184
2110,308,617,1185
2110,309,615,1186
2110,310,613,1187
2110,311,611,1188
2110,312,609,1189
2110,313,607,1190
2110,314,605,1191
2110,315,603,1192
2110,316,601,1193
2110,317,599,1194
2110,318,597,1195
2110,319,595,1196
2110,320,593,1197
2110,321,591,1198
2110,322,589,1199
2110,323,587,1200
2110,324,585,1201
2110,325,583,1202
2110,326,581,1203
2110,327,579,1204
2110,328,577,1205
2110,329,575,1206
2110,330,573,1207
2110,331,571,1208
2110,332,569,1209
2110,333,567,1210
2110,334,565,1211
2110,335,563,1212
2110,336,561,1213
2110,337,559,1214
2110,338,557,1215
2110,339,555,1216
2110,340,553,1217
2110,341,551,1218
2110,342,549,1219
2110,343,547,1220
2110,344,545,1221
2110,345,543,1222
2110,346,541,1223
2110,347,539,1224
2110,348,537,1225
2110,349,535,1226
2110,350,533,1227
2110,351,531,1228
2110,352,529,1229
2110,353,527,1230
2110,354,525,1231
2110,355,523,1232
2110,356,521,1233
2110,357,519,1234
2110,358,517,1235
2110,359,515,1236
2110,360,513,1237
2110,361,511,1238
2110,362,509,1239
2110,363,507,1240
2110,364,505,1241
2110,365,503,1242
2110,366,501,1243
2110,367,499,1244
2110,368,497,1245
2110,369,495,1246
2110,370,493,1247
2110,371,491,1248
2110,372,489,1249
2110,373,487,1250
2110,374,485,1251
2110,375,483,1252
2110,376,481,1253
2110,377,479,1254
2110,378,477,1255
2110,379,475,1256
2110,380,473,1257
2110,381,471,1258
2110,382,469,1259
2110,383,467,1260
2110,384,465,1261
2110,385,463,1262
2110,386,461,1263
2110,387,459,1264
2110,388,457,1265
2110,389,455,1266
2110,390,453,1267
2110,391,451,1268
2110,392,449,1269
2110,393,447,1270
2110,394,445,1271
2110,395,443,1272
2110,396,441,1273
2110,397,439,1274
2110,398,437,1275
2110,399,435,1276
2110,400,433,1277
2110,401,431,1278
2110,402,429,1279
2110,403,427,1280
2110,404,425,1281
2110,405,423,1282
2110,406,421,1283
2110,407,419,1284
2110,408,417,1285
2110,409,415,1286
2110,410,413,1287
2110,411,411,1288
2110,412,409,1289
2110,413,407,1290
2110,414,405,1291
2110,415,403,1292
2110,416,401,1293
2110,417,399,1294
2110,418,397,1295
2110,419,395,1296
2110,420,393,1297
2110,421,391,1298
2110,422,389,1299
2110,423,387,1300
2110,424,385,1301
2110,425,383,1302
2110,426,381,1303
2110,427,379,1304
2110,428,377,1305
2110,429,375,1306
2110,430,373,1307
2110,431,371,1308
2110,432,369,1309
2110,433,367,1310
2110,434,365,1311
2110,435,363,1312
2111,0,1249,862
2111,1,1247,863
2111,2,1245,864
2111,3,1243,865
2111,4,1241,866
2111,5,1239,867
2111,6,1237,868
2111,7,1235,869
2111,8,1233,870
2111,9,1231,871
2111,10,1229,872
2111,11,1227,873
2111,12,1225,874
2111,13,1223,875
2111,14,1221,876
2111,15,1219,877
2111,16,1217,878
2111,17,1215,879
2111,18,1213,880
2111,19,1211,881
2111,20,1209,882
2111,21,1207,883
2111,22,1205,884
2111,23,1203,885
2111,24,1201,886
2111,25,1199,887
2111,26,1197,888
2111,27,1195,889
2111,28,1193,890
2111,29,1191,891
2111,30,1189,892
2111,31,1187,893
2111,32,1185,894
2111,33,1183,895
2111,34,1181,896
2111,35,1179,897
2111,36,1177,898
2111,37,1175,899
2111,38,1173,900
2111,39,1171,901
2111,40,1169,902
2111,41,1167,903
2111,42,1165,904
2111,43,1163,905
2111,44,1161,906
2111,45,1159,907
2111,46,1157,908
2111,47,1155,909
2111,48,1153,910
2111,49,1151,911
2111,50,1149,912
2111,51,1147,913
2111,52,1145,914
2111,53,1143,915
2111,54,1141,916
2111,55,1139,917
2111,56,1137,918
2111,57,1135,919
2111,58,1133,920
2111,59,1131,921
2111,60,1129,922
2111,61,1127,923
2111,62,1125,924
2111,63,1123,925
2111,64,1121,926
2111,65,1119,927
2111,66,1117,928
2111,67,1115,929
2111,68,1113,930
2111,69,1111,931
2111,70,1109,932
2111,71,1107,933
2111,72,1105,934
2111,73,1103,935
2111,74,1101,936
2111,75,1099,937
2111,76,1097,938
2111,77,1095,939
2111,78,1093,940
2111,79,1091,941
2111,80,1089,942
2111,81,1087,943
2111,82,1085,944
2111,83,1083,945
2111,84,1081,946
2111,85,1079,947
2111,86,1077,948
2111,87,1075,949
2111,88,1073,950
2111,89,1071,951
2111,90,1069,952
2111,91,1067,953
2111,92,1065,954
2111,93,1063,955
2111,94,1061,956
2111,95,1059,957
2111,96,1057,958
2111,97,1055,959
2111,98,1053,960
2111,99,1051,961
2111,100,1049,962
2111,101,1047,963
2111,102,1045,964
2111,103,1043,965
2111,104,1041,966
2111,105,1039,967
2111,106,1037,968
2111,107,1035,969
2111,108,1033,970
2111,109,1031,971
2111,110,1029,972
2111,111,1027,973
2111,112,1025,974
2111,113,1023,975
2111,114,1021,976
2111,115,1019,977
2111,116,1017,978
2111,117,1015,979
2111,118,1013,980
2111,119,1011,981
2111,120,1009,982
2111,121,1007,983
2111,122,1005,984
2111,123,1003,985
2111,124,1001,986
2111,125,999,987
2111,126,997,988
2111,127,995,989
2111,128,993,990
2111,129,991,991
2111,130,989,992
2111,131,987,993
2111,132,985,994
2111,133,983,995
2111,134,981,996
2111,135,979,997
2111,136,977,998
2111,137,975,999
2111,138,973,1000
2111,139,971,1001
2111,140,969,1002
2111,141,967,1003
2111,142,965,1004
2111,143,963,1005
2111,144,961,1006
2111,145,959,1007
2111,146,957,1008
2111,147,955,1009
2111,148,953,1010
2111,149,951,1011
2111,150,949,1012
2111,151,947,1013
2111,152,945,1014
2111,153,943,1015
2111,154,941,1016
2111,155,939,1017
2111,156,937,1018
2111,157,935,1019
2111,158,933,1020
2111,159,931,1021
2111,160,929,1022
2111,161,927,1023
2111,162,925,1024
2111,163,923,1025
2111,164,921,1026
2111,165,919,1027
2111,166,917,1028
2111,167,915,1029
2111,168,913,1030
2111,169,911,1031
2111,170,909,1032
2111,171,907,1033
2111,172,905,1034
2111,173,903,1035
2111,174,901,1036
2111,175,899,1037
2111,176,897,1038
2111,177,895,1039
2111,178,893,1040
2111,179,891,1041
2111,180,889,1042
2111,181,887,1043
2111,182,885,1044
2111,183,883,1045
2111,184,881,1046
2111,185,879,1047
2111,186,877,1048
2111,187,875,1049
2111,188,873,1050
2111,189,871,1051
2111,190,869,1052
2111,191,867,1053
2111,192,865,1054
2111,193,863,1055
2111,194,861,1056
2111,195,859,1057
2111,196,857,1058
2111,197,855,1059
2111,198,853,1060
2111,199,851,1061
2111,200,849,1062
2111,201,847,1063
2111,202,845,1064
2111,203,843,1065
2111,204,841,1066
2111,205,839,1067
2111,206,837,1068
2111,207,835,1069
2111,208,833,1070
2111,209,831,1071
2111,210,829,1072
2111,211,827,1073
2111,212,825,1074
2111,213,823,1075
2111,214,821,1076
2111,215,819,1077
2111,216,817,1078
2111,217,815,1079
2111,218,813,1080
2111,219,811,1081
2111,220,809,1082
2111,221,807,1083
2111,222,805,1084
2111,223,803,1085
2111,224,801,1086
2111,225,799,1087
2111,226,797,1088
2111,227,795,1089
2111,228,793,1090
2111,229,791,1091
2111,230,789,1092
2111,231,787,1093
2111,232,785,1094
2111,233,783,1095
2111,234,781,1096
2111,235,779,1097
2111,236,777,1098
2111,237,775,1099
2111,238,773,1100
2111,239,771,1101
2111,240,769,1102
2111,241,767,1103
2111,242,765,1104
2111,243,763,1105
2111,244,761,1106
2111,245,759,1107
2111,246,757,1108
2111,247,755,1109
2111,248,753,1110
2111,249,751,1111
2111,250,749,1112
2111,251,747,1113
2111,252,745,1114
2111,253,743,1115
2111,254,741,1116
2111,255,739,1117
2111,256,737,1118
2111,257,735,1119
2111,258,733,1120
2111,259,731,1121
2111,260,729,1122
2111,261,727,1123
2111,262,725,1124
2111,263,723,1125
2111,264,721,1126
2111,265,719,1127
2111,266,717,1128
2111,267,715,1129
2111,268,713,1130
2111,269,711,1131
2111,270,709,1132
2111,271,707,1133
2111,272,705,1134
2111,273,703,1135
2111,274,701,1136
2111,275,699,1137
2111,276,697,1138
2111,277,695,1139
2111,278,693,1140
2111,279,691,1141
2111,280,689,1142
2111,281,687,1143
2111,282,685,1144
2111,283,683,1145
2111,284,681,1146
2111,285,679,1147
2111,286,677,1148
2111,287,675,1149
2111,288,673,1150
2111,289,671,1151
2111,290,669,1152
2111,291,667,1153
2111,292,665,1154
2111,293,663,1155
2111,294,661,1156
2111,295,659,1157
2111,296,657,1158
2111,297,655,1159
2111,298,653,1160
2111,299,651,1161
2111,300,649,1162
2111,301,647,1163
2111,302,645,1164
2111,303,643,1165
2111,304,641,1166
2111,305,639,1167
2111,306,637,1168
2111,307,635,1169
2111,308,633,1170
2111,309,631,1171
2111,310,629,1172
2111,311,627,1173
2111,312,625,1174
2111,313,623,1175
2111,314,621,1176
2111,315,619,1177
2111,316,617,1178
2111,317,615,1179
2111,318,613,1180
2111,319,611,1181
2111,320,609,1182
2111,321,607,1183
2111,322,605,1184
2111,323,603,1185
2111,324,601,1186
2111,325,599,1187
2111,326,597,1188
2111,327,595,1189
2111,328,593,1190
2111,329,591,1191
2111,330,589,1192
2111,331,587,1193
2111,332,585,1194
2111,333,583,1195
2111,334,581,1196
2111,335,579,1197
2111,336,577,1198
2111,337,575,1199
2111,338,573,1200
2111,339,571,1201
2111,340,569,1202
2111,341,567,1203
2111,342,565,1204
2111,343,563,1205
2111,344,561,1206
2111,345,559,1207
2111,346,557,1208
2111,347,555,1209
2111,348,553,1210
2111,349,551,1211
2111,350,549,1212
2111,351,547,1213
2111,352,545,1214
2111,353,543,1215
2111,354,541,1216
2111,355,539,1217
2111,356,537,1218
2111,357,535,1219
2111,358,533,1220
2111,359,531,1221
2111,360,529,1222
2111,361,527,1223
2111,362,525,1224
2111,363,523,1225
2111,364,521,1226
2111,365,519,1227
2111,366,517,1228
2111,367,515,1229
2111,368,513,1230
2111,369,511,1231
2111,370,509,1232
2111,371,507,1233
2111,372,505,1234
2111,373,503,1235
2111,374,501,1236
2111,375,499,1237
2111,376,497,1238
2111,377,495,1239
2111,378,493,1240
2111,379,491,1241
2111,380,489,1242
2111,381,487,1243
2111,382,485,1244
2111,383,483,1245
2111,384,481,1246
2111,385,479,1247
2111,386,477,1248
2111,387,475,1249
2111,388,473,1250
2111,389,471,1251
2111,390,469,1252
2111,391,467,1253
2111,392,465,1254
2111,393,463,1255
2111,394,461,1256
2111,395,459,1257
2111,396,457,1258
2111,397,455,1259
2111,398,453,1260
2111,399,451,1261
2111,400,449,1262
2111,401,447,1263
2111,402,445,1264
2111,403,443,1265
2111,404,441,1266
2111,405,439,1267
2111,406,437,1268
2111,407,435,1269
2111,408,433,1270
2111,409,431,1271
2111,410,429,1272
2111,411,427,1273
2111,412,425,1274
2111,413,423,1275
2111,414,421,1276
2111,415,419,1277
2111,416,417,1278
2111,417,415,1279
2111,418,413,1280
2111,419,411,1281
2111,420,409,1282
2111,421,407,1283
2111,422,405,1284
2111,423,403,1285
2111,424,401,1286
2111,425,399,1287
2111,426,397,1288
2111,427,395,1289
2111,428,393,1290
2111,429,391,1291
2111,430,389,1292
2111,431,387,1293
2111,432,385,1294
2111,433,383,1295
2111,434,381,1296
2111,435,379,1297
2112,0,1265,847
2112,1,1263,848
2112,2,1261,849
2112,3,1259,850
2112,4,1257,851
2112,5,1255,852
2112,6,1253,853
2112,7,1251,854
2112,8,1249,855
2112,9,1247,856
2112,10,1245,857
2112,11,1243,858
2112,12,1241,859
2112,13,1239,860
2112,14,1237,861
2112,15,1235,862
2112,16,1233,863
2112,17,1231,864
2112,18,1229,865
2112,19,1227,866
2112,20,1225,867
2112,21,1223,868
2112,22,1221,869
2112,23,1219,870
2112,24,1217,871
2112,25,1215,872
2112,26,1213,873
2112,27,1211,874
2112,28,1209,875
2112,29,1207,876
2112,30,1205,877
2112,31,1203,878
2112,32,1201,879
2112,33,1199,880
2112,34,1197,881
2112,35,1195,882
2112,36,1193,883
2112,37,1191,884
2112,38,1189,885
2112,39,1187,886
2112,40,1185,887
2112,41,1183,888
2112,42,1181,889
2112,43,1179,890
2112,44,1177,891
2112,45,1175,892
2112,46,1173,893
2112,47,1171,894
2112,48,1169,895
2112,49,1167,896
2112,50,1165,897
2112,51,1163,898
2112,52,1161,899
2112,53,1159,900
2112,54,1157,901
2112,55,1155,902
2112,56,1153,903
2112,57,1151,904
2112,58,1149,905
2112,59,1147,906
2112,60,1145,907
2112,61,1143,908
2112,62,1141,909
2112,63,1139,910
2112,64,1137,911
2112,65,1135,912
2112,66,1133,913
2112,67,1131,914
2112,68,1129,915
2112,69,1127,916
2112,70,1125,917
2112,71,1123,918
2112,72,1121,919
2112,73,1119,920
2112,74,1117,921
2112,75,1115,922
2112,76,1113,923
2112,77,1111,924
2112,78,1109,925
2112,79,1107,926
2112,80,1105,927
2112,81,1103,928
2112,82,1101,929
2112,83,1099,930
2112,84,1097,931
2112,85,1095,932
2112,86,1093,933
2112,87,1091,934
2112,88,1089,935
2112,89,1087,936
2112,90,1085,937
2112,91,1083,938
2112,92,1081,939
2112,93,1079,940
2112,94,1077,941
2112,95,1075,942
2112,96,1073,943
2112,97,1071,944
2112,98,1069,945
2112,99,1067,946
2112,100,1065,947
2112,101,1063,948
2112,102,1061,949
2112,103,1059,950
2112,104,1057,951
2112,105,1055,952
2112,106,1053,953
2112,107,1051,954
2112,108,1049,955
2112,109,1047,956
2112,110,1045,957
2112,111,1043,958
2112,112,1041,959
2112,113,1039,960
2112,114,1037,961
2112,115,1035,962
2112,116,1033,963
2112,117,1031,964
2112,118,1029,965
2112,119,1027,966
2112,120,1025,967
2112,121,1023,968
2112,122,1021,969
2112,123,1019,970
2112,124,1017,971
2112,125,1015,972
2112,126,1013,973
2112,127,1011,974
2112,128,1009,975
2112,129,1007,976
2112,130,1005,977
2112,131,1003,978
2112,132,1001,979
2112,133,999,980
2112,134,997,981
2112,135,995,982
2112,136,993,983
2112,137,991,984
2112,138,989,985
2112,139,987,986
2112,140,985,987
2112,141,983,988
2112,142,981,989
2112,143,979,990
2112,144,977,991
2112,145,975,992
2112,146,973,993
2112,147,971,994
2112,148,969,995
2112,149,967,996
2112,150,965,997
2112,151,963,998
2112,152,961,999
2112,153,959,1000
2112,154,957,1001
2112,155,955,1002
2112,156,953,1003
2112,157,951,1004
2112,158,949,1005
2112,159,947,1006
2112,160,945,1007
2112,161,943,1008
2112,162,941,1009
2112,163,939,1010
2112,164,937,1011
2112,165,935,1012
2112,166,933,1013
2112,167,931,1014
2112,168,929,1015
2112,169,927,1016
2112,170,925,1017
2112,171,923,1018
2112,172,921,1019
2112,173,919,1020
2112,174,917,1021
2112,175,915,1022
2112,176,913,1023
2112,177,911,1024
2112,178,909,1025
2112,179,907,1026
2112,180,905,1027
2112,181,903,1028
2112,182,901,1029
2112,183,899,1030
2112,184,897,1031
2112,185,895,1032
2112,186,893,1033
2112,187,891,1034
2112,188,889,1035
2112,189,887,1036
2112,190,885,1037
2112,191,883,1038
2112,192,881,1039
2112,193,879,1040
2112,194,877,1041
2112,195,875,1042
2112,196,873,1043
2112,197,871,1044
2112,198,869,1045
2112,199,867,1046
2112,200,865,1047
2112,201,863,1048
2112,202,861,1049
2112,203,859,1050
2112,204,857,1051
2112,205,855,1052
2112,206,853,1053
2112,207,851,1054
2112,208,849,1055
2112,209,847,1056
2112,210,845,1057
2112,211,843,1058
2112,212,841,1059
2112,213,839,1060
2112,214,837,1061
2112,215,835,1062
2112,216,833,1063
2112,217,831,1064
2112,218,829,1065
2112,219,827,1066
2112,220,825,1067
2112,221,823,1068
2112,222,821,1069
2112,223,819,1070
2112,224,817,1071
2112,225,815,1072
2112,226,813,1073
2112,227,811,1074
2112,228,809,1075
2112,229,807,1076
2112,230,805,1077
2112,231,803,1078
2112,232,801,1079
2112,233,799,1080
2112,234,797,1081
2112,235,795,1082
2112,236,793,1083
2112,237,791,1084
2112,238,789,1085
2112,239,787,1086
2112,240,785,1087
2112,241,783,1088
2112,242,781,1089
2112,243,779,1090
2112,244,777,1091
2112,245,775,1092
2112,246,773,1093
2112,247,771,1094
2112,248,769,1095
2112,249,767,1096
2112,250,765,1097
2112,251,763,1098
2112,252,761,1099
2112,253,759,1100
2112,254,757,1101
2112,255,755,1102
2112,256,753,1103
2112,257,751,1104
2112,258,749,1105
2112,259,747,1106
2112,260,745,1107
2112,261,743,1108
2112,262,741,1109
2112,263,739,1110
2112,264,737,1111
2112,265,735,1112
2112,266,733,1113
2112,267,731,1114
2112,268,729,1115
2112,269,727,1116
2112,270,725,1117
2112,271,723,1118
2112,272,721,1119
2112,273,719,1120
2112,274,717,1121
2112,275,715,1122
2112,276,713,1123
2112,277,711,1124
2112,278,709,1125
2112,279,707,1126
2112,280,705,1127
2112,281,703,1128
2112,282,701,1129
2112,283,699,1130
2112,284,697,1131
2112,285,695,1132
2112,286,693,1133
2112,287,691,1134
2112,288,689,1135
2112,289,687,1136
2112,290,685,1137
2112,291,683,1138
2112,292,681,1139
2112,293,679,1140
2112,294,677,1141
2112,295,675,1142
2112,296,673,1143
2112,297,671,1144
2112,298,669,1145
2112,299,667,1146
2112,300,665,1147
2112,301,663,1148
2112,302,661,1149
2112,303,659,1150
2112,304,657,1151
2112,305,655,1152
2112,306,653,1153
2112,307,651,1154
2112,308,649,1155
2112,309,647,1156
2112,310,645,1157
2112,311,643,1158
2112,312,641,1159
2112,313,639,1160
2112,314,637,1161
2112,315,635,1162
2112,316,633,1163
2112,317,631,1164
2112,318,629,1165
2112,319,627,1166
2112,320,625,1167
2112,321,623,1168
2112,322,621,1169
2112,323,619,1170
2112,324,617,1171
2112,325,615,1172
2112,326,613,1173
2112,327,611,1174
2112,328,609,1175
2112,329,607,1176
2112,330,605,1177
2112,331,603,1178
2112,332,601,1179
2112,333,599,1180
2112,334,597,1181
2112,335,595,1182
2112,336,593,1183
2112,337,591,1184
2112,338,589,1185
2112,339,587,1186
2112,340,585,1187
2112,341,583,1188
2112,342,581,1189
2112,343,579,1190
2112,344,577,1191
2112,345,575,1192
2112,346,573,1193
2112,347,571,1194
2112,348,569,1195
2112,349,567,1196
2112,350,565,1197
2112,351,563,1198
2112,352,561,1199
2112,353,559,1200
2112,354,557,1201
2112,355,555,1202
2112,356,553,1203
2112,357,551,1204
2112,358,549,1205
2112,359,547,1206
2112,360,545,1207
2112,361,543,1208
2112,362,541,1209
2112,363,539,1210
2112,364,537,1211
2112,365,535,1212
2112,366,533,1213
2112,367,531,1214
2112,368,529,1215
2112,369,527,1216
2112,370,525,1217
2112,371,523,1218
2112,372,521,1219
2112,373,519,1220
2112,374,517,1221
2112,375,515,1222
2112,376,513,1223
2112,377,511,1224
2112,378,509,1225
2112,379,507,1226
2112,380,505,1227
2112,381,503,1228
2112,382,501,1229
2112,383,499,1230
2112,384,497,1231
2112,385,495,1232
2112,386,493,1233
2112,387,491,1234
2112,388,489,1235
2112,389,487,1236
2112,390,485,1237
2112,391,483,1238
2112,392,481,1239
2112,393,479,1240
2112,394,477,1241
2112,395,475,1242
2112,396,473,1243
2112,397,471,1244
2112,398,469,1245
2112,399,467,1246
2112,400,465,1247
2112,401,463,1248
2112,402,461,1249
2112,403,459,1250
2112,404,457,1251
2112,405,455,1252
2112,406,453,1253
2112,407,451,1254
2112,408,449,1255
2112,409,447,1256
2112,410,445,1257
2112,411,443,1258
2112,412,441,1259
2112,413,439,1260
2112,414,437,1261
2112,415,435,1262
2112,416,433,1263
2112,417,431,1264
2112,418,429,1265
2112,419,427,1266
2112,420,425,1267
2112,421,423,1268
2112,422,421,1269
2112,423,419,1270
2112,424,417,1271
2112,425,415,1272
2112,426,413,1273
2112,427,411,1274
2112,428,409,1275
2112,429,407,1276
2112,430,405,1277
2112,431,403,1278
2112,432,401,1279
2112,433,399,1280
2112,434,397,1281
2112,435,395,1282
2113,0,1281,832
2113,1,1279,833
2113,2,1277,834
2113,3,1275,835
2113,4,1273,836
2113,5,1271,837
2113,6,1269,838
2113,7,1267,839
2113,8,1265,840
2113,9,1263,841
2113,10,1261,842
2113,11,1259,843
2113,12,1257,844
2113,13,1255,845
2113,14,1253,846
2113,15,1251,847
2113,16,1249,848
2113,17,1247,849
2113,18,1245,850
2113,19,1243,851
2113,20,1241,852
2113,21,1239,853
2113,22,1237,854
2113,23,1235,855
2113,24,1233,856
2113,25,1231,857
2113,26,1229,858
2113,27,1227,859
2113,28,1225,860
2113,29,1223,861
2113,30,1221,862
2113,31,1219,863
2113,32,1217,864
2113,33,1215,865
2113,34,1213,866
2113,35,1211,867
2113,36,1209,868
2113,37,1207,869
2113,38,1205,870
2113,39,1203,871
2113,40,1201,872
2113,41,1199,873
2113,42,1197,874
2113,43,1195,875
2113,44,1193,876
2113,45,1191,877
2113,46,1189,878
2113,47,1187,879
2113,48,1185,880
2113,49,1183,881
2113,50,1181,882
2113,51,1179,883
2113,52,1177,884
2113,53,1175,885
2113,54,1173,886
2113,55,1171,887
2113,56,1169,888
2113,57,1167,889
2113,58,1165,890
2113,59,1163,891
2113,60,1161,892
2113,61,1159,893
2113,62,1157,894
2113,63,1155,895
2113,64,1153,896
2113,65,1151,897
2113,66,1149,898
2113,67,1147,899
2113,68,1145,900
2113,69,1143,901
2113,70,1141,902
2113,71,1139,903
2113,72,1137,904
2113,73,1135,905
2113,74,1133,906
2113,75,1131,907
2113,76,1129,908
2113,77,1127,909
2113,78,1125,910
2113,79,1123,911
2113,80,1121,912
2113,81,1119,913
2113,82,1117,914
2113,83,1115,915
2113,84,1113,916
2113,85,1111,917
2113,86,1109,918
2113,87,1107,919
2113,88,1105,920
2113,89,1103,921
2113,90,1101,922
2113,91,1099,923
2113,92,1097,924
2113,93,1095,925
2113,94,1093,926
2113,95,1091,927
2113,96,1089,928
2113,97,1087,929
2113,98,1085,930
2113,99,1083,931
2113,100,1081,932
2113,101,1079,933
2113,102,1077,934
2113,103,1075,935
2113,104,1073,936
2113,105,1071,937
2113,106,1069,938
2113,107,1067,939
2113,108,1065,940
2113,109,1063,941
2113,110,1061,942
2113,111,1059,943
2113,112,1057,944
2113,113,1055,945
2113,114,1053,946
2113,115,1051,947
2113,116,1049,948
2113,117,1047,949
2113,118,1045,950
2113,119,1043,951
2113,120,1041,952
2113,121,1039,953
2113,122,1037,954
2113,123,1035,955
2113,124,1033,956
2113,125,1031,957
2113,126,1029,958
2113,127,1027,959
2113,128,1025,960
2113,129,1023,961
2113,130,1021,962
2113,131,1019,963
2113,132,1017,964
2113,133,1015,965
2113,134,1013,966
2113,135,1011,967
2113,136,1009,968
2113,137,1007,969
2113,138,1005,970
2113,139,1003,971
2113,140,1001,972
2113,141,999,973
2113,142,997,974
2113,143,995,975
2113,144,993,976
2113,145,991,977
2113,146,989,978
2113,147,987,979
2113,148,985,980
2113,149,983,981
2113,150,981,982
2113,151,979,983
2113,152,977,984
2113,153,975,985
2113,154,973,986
2113,155,971,987
2113,156,969,988
2113,157,967,989
2113,158,965,990
2113,159,963,991
2113,160,961,992
2113,161,959,993
2113,162,957,994
2113,163,955,995
2113,164,953,996
2113,165,951,997
2113,166,949,998
2113,167,947,999
2113,168,945,1000
2113,169,943,1001
2113,170,941,1002
2113,171,939,1003
2113,172,937,1004
2113,173,935,1005
2113,174,933,1006
2113,175,931,1007
2113,176,929,1008
2113,177,927,1009
2113,178,925,1010
2113,179,923,1011
2113,180,921,1012
2113,181,919,1013
2113,182,917,1014
2113,183,915,1015
2113,184,913,1016
2113,185,911,1017
2113,186,909,1018
2113,187,907,1019
2113,188,905,1020
2113,189,903,1021
2113,190,901,1022
2113,191,899,1023
2113,192,897,1024
2113,193,895,1025
2113,194,893,1026
2113,195,891,1027
2113,196,889,1028
2113,197,887,1029
2113,198,885,1030
2113,199,883,1031
2113,200,881,1032
2113,201,879,1033
2113,202,877,1034
2113,203,875,1035
2113,204,873,1036
2113,205,871,1037
2113,206,869,1038
2113,207,867,1039
2113,208,865,1040
2113,209,863,1041
2113,210,861,1042
2113,211,859,1043
2113,212,857,1044
2113,213,855,1045
2113,214,853,1046
2113,215,851,1047
2113,216,849,1048
2113,217,847,1049
2113,218,845,1050
2113,219,843,1051
2113,220,841,1052
2113,221,839,1053
2113,222,837,1054
2113,223,835,1055
2113,224,833,1056
2113,225,831,1057
2113,226,829,1058
2113,227,827,1059
2113,228,825,1060
2113,229,823,1061
2113,230,821,1062
2113,231,819,1063
2113,232,817,1064
2113,233,815,1065
2113,234,813,1066
2113,235,811,1067
2113,236,809,1068
2113,237,807,1069
2113,238,805,1070
2113,239,803,1071
2113,240,801,1072
2113,241,799,1073
2113,242,797,1074
2113,243,795,1075
2113,244,793,1076
2113,245,791,1077
2113,246,789,1078
2113,247,787,1079
2113,248,785,1080
2113,249,783,1081
2113,250,781,1082
2113,251,779,1083
2113,252,777,1084
2113,253,775,1085
2113,254,773,1086
2113,255,771,1087
2113,256,769,1088
2113,257,767,1089
2113,258,765,1090
2113,259,763,1091
2113,260,761,1092
2113,261,759,1093
2113,262,757,1094
2113,263,755,1095
2113,264,753,1096
2113,265,751,1097
2113,266,749,1098
2113,267,747,1099
2113,268,745,1100
2113,269,743,1101
2113,270,741,1102
2113,271,739,1103
2113,272,737,1104
2113,273,735,1105
2113,274,733,1106
2113,275,731,1107
2113,276,729,1108
2113,277,727,1109
2113,278,725,1110
2113,279,723,1111
2113,280,721,1112
2113,281,719,1113
2113,282,717,1114
2113,283,715,1115
2113,284,713,1116
2113,285,711,1117
2113,286,709,1118
2113,287,707,1119
2113,288,705,1120
2113,289,703,1121
2113,290,701,1122
2113,291,699,1123
2113,292,697,1124
2113,293,695,1125
2113,294,693,1126
2113,295,691,1127
2113,296,689,1128
2113,297,687,1129
2113,298,685,1130
2113,299,683,1131
2113,300,681,1132
2113,301,679,1133
2113,302,677,1134
2113,303,675,1135
2113,304,673,1136
2113,305,671,1137
2113,306,669,1138
2113,307,667,1139
2113,308,665,1140
2113,309,663,1141
2113,310,661,1142
2113,311,659,1143
2113,312,657,1144
2113,313,655,1145
2113,314,653,1146
2113,315,651,1147
2113,316,649,1148
2113,317,647,1149
2113,318,645,1150
2113,319,643,1151
2113,320,641,1152
2113,321,639,1153
2113,322,637,1154
2113,323,635,1155
2113,324,633,1156
2113,325,631,1157
2113,326,629,1158
2113,327,627,1159
2113,328,625,1160
2113,329,623,1161
2113,330,621,1162
2113,331,619,1163
2113,332,617,1164
2113,333,615,1165
2113,334,613,1166
2113,335,611,1167
2113,336,609,1168
2113,337,607,1169
2113,338,605,1170
2113,339,603,1171
2113,340,601,1172
2113,341,599,1173
2113,342,597,1174
2113,343,595,1175
2113,344,593,1176
2113,345,591,1177
2113,346,589,1178
2113,347,587,1179
2113,348,585,1180
2113,349,583,1181
2113,350,581,1182
2113,351,579,1183
2113,352,577,1184
2113,353,575,1185
2113,354,573,1186
2113,355,571,1187
2113,356,569,1188
2113,357,567,1189
2113,358,565,1190
2113,359,563,1191
2113,360,561,1192
2113,361,559,1193
2113,362,557,1194
2113,363,555,1195
2113,364,553,1196
2113,365,551,1197
2113,366,549,1198
2113,367,547,1199
2113,368,545,1200
2113,369,543,1201
2113,370,541,1202
2113,371,539,1203
2113,372,537,1204
2113,373,535,1205
2113,374,533,1206
2113,375,531,1207
2113,376,529,1208
2113,377,527,1209
2113,378,525,1210
2113,379,523,1211
2113,380,521,1212
2113,381,519,1213
2113,382,517,1214
2113,383,515,1215
2113,384,513,1216
2113,385,511,1217
2113,386,509,1218
2113,387,507,1219
2113,388,505,1220
2113,389,503,1221
2113,390,501,1222
2113,391,499,1223
2113,392,497,1224
2113,393,495,1225
2113,394,493,1226
2113,395,491,1227
2113,396,489,1228
2113,397,487,1229
2113,398,485,1230
2113,399,483,1231
2113,400,481,1232
2113,401,479,1233
2113,402,477,1234
2113,403,475,1235
2113,404,473,1236
2113,405,471,1237
2113,406,469,1238
2113,407,467,1239
2113,408,465,1240
2113,409,463,1241
2113,410,461,1242
2113,411,459,1243
2113,412,457,1244
2113,413,455,1245
2113,414,453,1246
2113,415,451,1247
2113,416,449,1248
2113,417,447,1249
2113,418,445,1250
2113,419,443,1251
2113,420,441,1252
2113,421,439,1253
2113,422,437,1254
2113,423,435,1255
2113,424,433,1256
2113,425,431,1257
2113,426,429,1258
2113,427,427,1259
2113,428,425,1260
2113,429,423,1261
2113,430,421,1262
2113,431,419,1263
2113,432,417,1264
2113,433,415,1265
2113,434,413,1266
2113,435,411,1267
2114,0,1297,817
2114,1,1295,818
2114,2,1293,819
2114,3,1291,820
2114,4,1289,821
2114,5,1287,822
2114,6,1285,823
2114,7,1283,824
2114,8,1281,825
2114,9,1279,826
2114,10,1277,827
2114,11,1275,828
2114,12,1273,829
2114,13,1271,830
2114,14,1269,831
2114,15,1267,832
2114,16,1265,833
2114,17,1263,834
2114,18,1261,835
2114,19,1259,836
2114,20,1257,837
2114,21,1255,838
2114,22,1253,839
2114,23,1251,840
2114,24,1249,841
2114,25,1247,842
2114,26,1245,843
2114,27,1243,844
2114,28,1241,845
2114,29,1239,846
2114,30,1237,847
2114,31,1235,848
2114,32,1233,849
2114,33,1231,850
2114,34,1229,851
2114,35,1227,852
2114,36,1225,853
2114,37,1223,854
2114,38,1221,855
2114,39,1219,856
2114,40,1217,857
2114,41,1215,858
2114,42,1213,859
2114,43,1211,860
2114,44,1209,861
2114,45,1207,862
2114,46,1205,863
2114,47,1203,864
2114,48,1201,865
2114,49,1199,866
2114,50,1197,867
2114,51,1195,868
2114,52,1193,869
2114,53,1191,870
2114,54,1189,871
2114,55,1187,872
2114,56,1185,873
2114,57,1183,874
2114,58,1181,875
2114,59,1179,876
2114,60,1177,877
2114,61,1175,878
2114,62,1173,879
2114,63,1171,880
2114,64,1169,881
2114,65,1167,882
2114,66,1165,883
2114,67,1163,884
2114,68,1161,885
2114,69,1159,886
2114,70,1157,887
2114,71,1155,888
2114,72,1153,889
2114,73,1151,890
2114,74,1149,891
2114,75,1147,892
2114,76,1145,893
2114,77,1143,894
2114,78,1141,895
2114,79,1139,896
2114,80,1137,897
2114,81,1135,898
2114,82,1133,899
2114,83,1131,900
2114,84,1129,901
2114,85,1127,902
2114,86,1125,903
2114,87,1123,904
2114,88,1121,905
2114,89,1119,906
2114,90,1117,907
2114,91,1115,908
2114,92,1113,909
2114,93,1111,910
2114,94,1109,911
2114,95,1107,912
2114,96,1105,913
2114,97,1103,914
2114,98,1101,915
2114,99,1099,916
2114,100,1097,917
2114,101,1095,918
2114,102,1093,919
2114,103,1091,920
2114,104,1089,921
2114,105,1087,922
2114,106,1085,923
2114,107,1083,924
2114,108,1081,925
2114,109,1079,926
2114,110,1077,927
2114,111,1075,928
2114,112,1073,929
2114,113,1071,930
2114,114,1069,931
2114,115,1067,932
2114,116,1065,933
2114,117,1063,934
2114,118,1061,935
2114,119,1059,936
2114,120,1057,937
2114,121,1055,938
2114,122,1053,939
2114,123,1051,940
2114,124,1049,941
2114,125,1047,942
2114,126,1045,943
2114,127,1043,944
2114,128,1041,945
2114,129,1039,946
2114,130,1037,947
2114,131,1035,948
2114,132,1033,949
2114,133,1031,950
2114,134,1029,951
2114,135,1027,952
2114,136,1025,953
2114,137,1023,954
2114,138,1021,955
2114,139,1019,956
2114,140,1017,957
2114,141,1015,958
2114,142,1013,959
2114,143,1011,960
2114,144,1009,961
2114,145,1007,962
2114,146,1005,963
2114,147,1003,964
2114,148,1001,965
2114,149,999,966
2114,150,997,967
2114,151,995,968
2114,152,993,969
2114,153,991,970
2114,154,989,971
2114,155,987,972
2114,156,985,973
2114,157,983,974
2114,158,981,975
2114,159,979,976
2114,160,977,977
2114,161,975,978
2114,162,973,979
2114,163,971,980
2114,164,969,981
2114,165,967,982
2114,166,965,983
2114,167,963,984
2114,168,961,985
2114,169,959,986
2114,170,957,987
2114,171,955,988
2114,172,953,989
2114,173,951,990
2114,174,949,991
2114,175,947,992
2114,176,945,993
2114,177,943,994
2114,178,941,995
2114,179,939,996
2114,180,937,997
2114,181,935,998
2114,182,933,999
2114,183,931,1000
2114,184,929,1001
2114,185,927,1002
2114,186,925,1003
2114,187,923,1004
2114,188,921,1005
2114,189,919,1006
2114,190,917,1007
2114,191,915,1008
2114,192,913,1009
2114,193,911,1010
2114,194,909,1011
2114,195,907,1012
2114,196,905,1013
2114,197,903,1014
2114,198,901,1015
2114,199,899,1016
2114,200,897,1017
2114,201,895,1018
2114,202,893,1019
2114,203,891,1020
2114,204,889,1021
2114,205,887,1022
2114,206,885,1023
2114,207,883,1024
2114,208,881,1025
2114,209,879,1026
2114,210,877,1027
2114,211,875,1028
2114,212,873,1029
2114,213,871,1030
2114,214,869,1031
2114,215,867,1032
2114,216,865,1033
2114,217,863,1034
2114,218,861,1035
2114,219,859,1036
2114,220,857,1037
2114,221,855,1038
2114,222,853,1039
2114,223,851,1040
2114,224,849,1041
2114,225,847,1042
2114,226,845,1043
2114,227,843,1044
2114,228,841,1045
2114,229,839,1046
2114,230,837,1047
2114,231,835,1048
2114,232,833,1049
2114,233,831,1050
2114,234,829,1051
2114,235,827,1052
2114,236,825,1053
2114,237,823,1054
2114,238,821,1055
2114,239,819,1056
2114,240,817,1057
2114,241,815,1058
2114,242,813,1059
2114,243,811,1060
2114,244,809,1061
2114,245,807,1062
2114,246,805,1063
2114,247,803,1064
2114,248,801,1065
2114,249,799,1066
2114,250,797,1067
2114,251,795,1068
2114,252,793,1069
2114,253,791,1070
2114,254,789,1071
2114,255,787,1072
2114,256,785,1073
2114,257,783,1074
2114,258,781,1075
2114,259,779,1076
2114,260,777,1077
2114,261,775,1078
2114,262,773,1079
2114,263,771,1080
2114,264,769,1081
2114,265,767,1082
2114,266,765,1083
2114,267,763,1084
2114,268,761,1085
2114,269,759,1086
2114,270,757,1087
2114,271,755,1088
2114,272,753,1089
2114,273,751,1090
2114,274,749,1091
2114,275,747,1092
2114,276,745,1093
2114,277,743,1094
2114,278,741,1095
2114,279,739,1096
2114,280,737,1097
2114,281,735,1098
2114,282,733,1099
2114,283,731,1100
2114,284,729,1101
2114,285,727,1102
2114,286,725,1103
2114,287,723,1104
2114,288,721,1105
2114,289,719,1106
2114,290,717,1107
2114,291,715,1108
2114,292,713,1109
2114,293,711,1110
2114,294,709,1111
2114,295,707,1112
2114,296,705,1113
2114,297,703,1114
2114,298,701,1115
2114,299,699,1116
2114,300,697,1117
2114,301,695,1118
2114,302,693,1119
2114,303,691,1120
2114,304,689,1121
2114,305,687,1122
2114,306,685,1123
2114,307,683,1124
2114,308,681,1125
2114,309,679,1126
2114,310,677,1127
2114,311,675,1128
2114,312,673,1129
2114,313,671,1130
2114,314,669,1131
2114,315,667,1132
2114,316,665,1133
2114,317,663,1134
2114,318,661,1135
2114,319,659,1136
2114,320,657,1137
2114,321,655,1138
2114,322,653,1139
2114,323,651,1140
2114,324,649,1141
2114,325,647,1142
2114,326,645,1143
2114,327,643,1144
2114,328,641,1145
2114,329,639,1146
2114,330,637,1147
2114,331,635,1148
2114,332,633,1149
2114,333,631,1150
2114,334,629,1151
2114,335,627,1152
2114,336,625,1153
2114,337,623,1154
2114,338,621,1155
2114,339,619,1156
2114,340,617,1157
2114,341,615,1158
2114,342,613,1159
2114,343,611,1160
2114,344,609,1161
2114,345,607,1162
2114,346,605,1163
2114,347,603,1164
2114,348,601,1165
2114,349,599,1166
2114,350,597,1167
2114,351,595,1168
2114,352,593,1169
2114,353,591,1170
2114,354,589,1171
2114,355,587,1172
2114,356,585,1173
2114,357,583,1174
2114,358,581,1175
2114,359,579,1176
2114,360,577,1177
2114,361,575,1178
2114,362,573,1179
2114,363,571,1180
2114,364,569,1181
2114,365,567,1182
2114,366,565,1183
2114,367,563,1184
2114,368,561,1185
2114,369,559,1186
2114,370,557,1187
2114,371,555,1188
2114,372,553,1189
2114,373,551,1190
2114,374,549,1191
2114,375,547,1192
2114,376,545,1193
2114,377,543,1194
2114,378,541,1195
2114,379,539,1196
2114,380,537,1197
2114,381,535,1198
2114,382,533,1199
2114,383,531,1200
2114,384,529,1201
2114,385,527,1202
2114,386,525,1203
2114,387,523,1204
2114,388,521,1205
2114,389,519,1206
2114,390,517,1207
2114,391,515,1208
2114,392,513,1209
2114,393,511,1210
2114,394,509,1211
2114,395,507,1212
2114,396,505,1213
2114,397,503,1214
2114,398,501,1215
2114,399,499,1216
2114,400,497,1217
2114,401,495,1218
2114,402,493,1219
2114,403,491,1220
2114,404,489,1221
2114,405,487,1222
2114,406,485,1223
2114,407,483,1224
2114,408,481,1225
2114,409,479,1226
2114,410,477,1227
2114,411,475,1228
2114,412,473,1229
2114,413,471,1230
2114,414,469,1231
2114,415,467,1232
2114,416,465,1233
2114,417,463,1234
2114,418,461,1235
2114,419,459,1236
2114,420,457,1237
2114,421,455,1238
2114,422,453,1239
2114,423,451,1240
2114,424,449,1241
2114,425,447,1242
2114,426,445,1243
2114,427,443,1244
2114,428,441,1245
2114,429,439,1246
2114,430,437,1247
2114,431,435,1248
2114,432,433,1249
2114,433,431,1250
2114,434,429,1251
2114,435,427,1252
2115,4,1305,806
2115,5,1303,807
2115,6,1301,808
2115,7,1299,809
2115,8,1297,810
2115,9,1295,811
2115,10,1293,812
2115,11,1291,813
2115,12,1289,814
2115,13,1287,815
2115,14,1285,816
2115,15,1283,817
2115,16,1281,818
2115,17,1279,819
2115,18,1277,820
2115,19,1275,821
2115,20,1273,822
2115,21,1271,823
2115,22,1269,824
2115,23,1267,825
2115,24,1265,826
2115,25,1263,827
2115,26,1261,828
2115,27,1259,829
2115,28,1257,830
2115,29,1255,831
2115,30,1253,832
2115,31,1251,833
2115,32,1249,834
2115,33,1247,835
2115,34,1245,836
2115,35,1243,837
2115,36,1241,838
2115,37,1239,839
2115,38,1237,840
2115,39,1235,841
2115,40,1233,842
2115,41,1231,843
2115,42,1229,844
2115,43,1227,845
2115,44,1225,846
2115,45,1223,847
2115,46,1221,848
2115,47,1219,849
2115,48,1217,850
2115,49,1215,851
2115,50,1213,852
2115,51,1211,853
2115,52,1209,854
2115,53,1207,855
2115,54,1205,856
2115,55,1203,857
2115,56,1201,858
2115,57,1199,859
2115,58,1197,860
2115,59,1195,861
2115,60,1193,862
2115,61,1191,863
2115,62,1189,864
2115,63,1187,865
2115,64,1185,866
2115,65,1183,867
2115,66,1181,868
2115,67,1179,869
2115,68,1177,870
2115,69,1175,871
2115,70,1173,872
2115,71,1171,873
2115,72,1169,874
2115,73,1167,875
2115,74,1165,876
2115,75,1163,877
2115,76,1161,878
2115,77,1159,879
2115,78,1157,880
2115,79,1155,881
2115,80,1153,882
2115,81,1151,883
2115,82,1149,884
2115,83,1147,885
2115,84,1145,886
2115,85,1143,887
2115,86,1141,888
2115,87,1139,889
2115,88,1137,890
2115,89,1135,891
2115,90,1133,892
2115,91,1131,893
2115,92,1129,894
2115,93,1127,895
2115,94,1125,896
2115,95,1123,897
2115,96,1121,898
2115,97,1119,899
2115,98,1117,900
2115,99,1115,901
2115,100,1113,902
2115,101,1111,903
2115,102,1109,904
2115,103,1107,905
2115,104,1105,906
2115,105,1103,907
2115,106,1101,908
2115,107,1099,909
2115,108,1097,910
2115,109,1095,911
2115,110,1093,912
2115,111,1091,913
2115,112,1089,914
2115,113,1087,915
2115,114,1085,916
2115,115,1083,917
2115,116,1081,918
2115,117,1079,919
2115,118,1077,920
2115,119,1075,921
2115,120,1073,922
2115,121,1071,923
2115,122,1069,924
2115,123,1067,925
2115,124,1065,926
2115,125,1063,927
2115,126,1061,928
2115,127,1059,929
2115,128,1057,930
2115,129,1055,931
2115,130,1053,932
2115,131,1051,933
2115,132,1049,934
2115,133,1047,935
2115,134,1045,936
2115,135,1043,937
2115,136,1041,938
2115,137,1039,939
2115,138,1037,940
2115,139,1035,941
2115,140,1033,942
2115,141,1031,943
2115,142,1029,944
2115,143,1027,945
2115,144,1025,946
2115,145,1023,947
2115,146,1021,948
2115,147,1019,949
2115,148,1017,950
2115,149,1015,951
2115,150,1013,952
2115,151,1011,953
2115,152,1009,954
2115,153,1007,955
2115,154,1005,956
2115,155,1003,957
2115,156,1001,958
2115,157,999,959
2115,158,997,960
2115,159,995,961
2115,160,993,962
2115,161,991,963
2115,162,989,964
2115,163,987,965
2115,164,985,966
2115,165,983,967
2115,166,981,968
2115,167,979,969
2115,168,977,970
2115,169,975,971
2115,170,973,972
2115,171,971,973
2115,172,969,974
2115,173,967,975
2115,174,965,976
2115,175,963,977
2115,176,961,978
2115,177,959,979
2115,178,957,980
2115,179,955,981
2115,180,953,982
2115,181,951,983
2115,182,949,984
2115,183,947,985
2115,184,945,986
2115,185,943,987
2115,186,941,988
2115,187,939,989
2115,188,937,990
2115,189,935,991
2115,190,933,992
2115,191,931,993
2115,192,929,994
2115,193,927,995
2115,194,925,996
2115,195,923,997
2115,196,921,998
2115,197,919,999
2115,198,917,1000
2115,199,915,1001
2115,200,913,1002
2115,201,911,1003
2115,202,909,1004
2115,203,907,1005
2115,204,905,1006
2115,205,903,1007
2115,206,901,1008
2115,207,899,1009
2115,208,897,1010
2115,209,895,1011
2115,210,893,1012
2115,211,891,1013
2115,212,889,1014
2115,213,887,1015
2115,214,885,1016
2115,215,883,1017
2115,216,881,1018
2115,217,879,1019
2115,218,877,1020
2115,219,875,1021
2115,220,873,1022
2115,221,871,1023
2115,222,869,1024
2115,223,867,1025
2115,224,865,1026
2115,225,863,1027
2115,226,861,1028
2115,227,859,1029
2115,228,857,1030
2115,229,855,1031
2115,230,853,1032
2115,231,851,1033
2115,232,849,1034
2115,233,847,1035
2115,234,845,1036
2115,235,843,1037
2115,236,841,1038
2115,237,839,1039
2115,238,837,1040
2115,239,835,1041
2115,240,833,1042
2115,241,831,1043
2115,242,829,1044
2115,243,827,1045
2115,244,825,1046
2115,245,823,1047
2115,246,821,1048
2115,247,819,1049
2115,248,817,1050
2115,249,815,1051
2115,250,813,1052
2115,251,811,1053
2115,252,809,1054
2115,253,807,1055
2115,254,805,1056
2115,255,803,1057
2115,256,801,1058
2115,257,799,1059
2115,258,797,1060
2115,259,795,1061
2115,260,793,1062
2115,261,791,1063
2115,262,789,1064
2115,263,787,1065
2115,264,785,1066
2115,265,783,1067
2115,266,781,1068
2115,267,779,1069
2115,268,777,1070
2115,269,775,1071
2115,270,773,1072
2115,271,771,1073
2115,272,769,1074
2115,273,767,1075
2115,274,765,1076
2115,275,763,1077
2115,276,761,1078
2115,277,759,1079
2115,278,757,1080
2115,279,755,1081
2115,280,753,1082
2115,281,751,1083
2115,282,749,1084
2115,283,747,1085
2115,284,745,1086
2115,285,743,1087
2115,286,741,1088
2115,287,739,1089
2115,288,737,1090
2115,289,735,1091
2115,290,733,1092
2115,291,731,1093
2115,292,729,1094
2115,293,727,1095
2115,294,725,1096
2115,295,723,1097
2115,296,721,1098
2115,297,719,1099
2115,298,717,1100
2115,299,715,1101
2115,300,713,1102
2115,301,711,1103
2115,302,709,1104
2115,303,707,1105
2115,304,705,1106
2115,305,703,1107
2115,306,701,1108
2115,307,699,1109
2115,308,697,1110
2115,309,695,1111
2115,310,693,1112
2115,311,691,1113
2115,312,689,1114
2115,313,687,1115
2115,314,685,1116
2115,315,683,1117
2115,316,681,1118
2115,317,679,1119
2115,318,677,1120
2115,319,675,1121
2115,320,673,1122
2115,321,671,1123
2115,322,669,1124
2115,323,667,1125
2115,324,665,1126
2115,325,663,1127
2115,326,661,1128
2115,327,659,1129
2115,328,657,1130
2115,329,655,1131
2115,330,653,1132
2115,331,651,1133
2115,332,649,1134
2115,333,647,1135
2115,334,645,1136
2115,335,643,1137
2115,336,641,1138
2115,337,639,1139
2115,338,637,1140
2115,339,635,1141
2115,340,633,1142
2115,341,631,1143
2115,342,629,1144
2115,343,627,1145
2115,344,625,1146
2115,345,623,1147
2115,346,621,1148
2115,347,619,1149
2115,348,617,1150
2115,349,615,1151
2115,350,613,1152
2115,351,611,1153
2115,352,609,1154
2115,353,607,1155
2115,354,605,1156
2115,355,603,1157
2115,356,601,1158
2115,357,599,1159
2115,358,597,1160
2115,359,595,1161
2115,360,593,1162
2115,361,591,1163
2115,362,589,1164
2115,363,587,1165
2115,364,585,1166
2115,365,583,1167
2115,366,581,1168
2115,367,579,1169
2115,368,577,1170
2115,369,575,1171
2115,370,573,1172
2115,371,571,1173
2115,372,569,1174
2115,373,567,1175
2115,374,565,1176
2115,375,563,1177
2115,376,561,1178
2115,377,559,1179
2115,378,557,1180
2115,379,555,1181
2115,380,553,1182
2115,381,551,1183
2115,382,549,1184
2115,383,547,1185
2115,384,545,1186
2115,385,543,1187
2115,386,541,1188
2115,387,539,1189
2115,388,537,1190
2115,389,535,1191
2115,390,533,1192
2115,391,531,1193
2115,392,529,1194
2115,393,527,1195
2115,394,525,1196
2115,395,523,1197
2115,396,521,1198
2115,397,519,1199
2115,398,517,1200
2115,399,515,1201
2115,400,513,1202
2115,401,511,1203
2115,402,509,1204
2115,403,507,1205
2115,404,505,1206
2115,405,503,1207
2115,406,501,1208
2115,407,499,1209
2115,408,497,1210
2115,409,495,1211
2115,410,493,1212
2115,411,491,1213
2115,412,489,1214
2115,413,487,1215
2115,414,485,1216
2115,415,483,1217
2115,416,481,1218
2115,417,479,1219
2115,418,477,1220
2115,419,475,1221
2115,420,473,1222
2115,421,471,1223
2115,422,469,1224
2115,423,467,1225
2115,424,465,1226
2115,425,463,1227
2115,426,461,1228
2115,427,459,1229
2115,428,457,1230
2115,429,455,1231
2115,430,453,1232
2115,431,451,1233
2115,432,449,1234
2115,433,447,1235
2115,434,445,1236
2115,435,443,1237
2116,12,1305,799
2116,13,1303,800
2116,14,1301,801
2116,15,1299,802
2116,16,1297,803
2116,17,1295,804
2116,18,1293,805
2116,19,1291,806
2116,20,1289,807
2116,21,1287,808
2116,22,1285,809
2116,23,1283,810
2116,24,1281,811
2116,25,1279,812
2116,26,1277,813
2116,27,1275,814
2116,28,1273,815
2116,29,1271,816
2116,30,1269,817
2116,31,1267,818
2116,32,1265,819
2116,33,1263,820
2116,34,1261,821
2116,35,1259,822
2116,36,1257,823
2116,37,1255,824
2116,38,1253,825
2116,39,1251,826
2116,40,1249,827
2116,41,1247,828
2116,42,1245,829
2116,43,1243,830
2116,44,1241,831
2116,45,1239,832
2116,46,1237,833
2116,47,1235,834
2116,48,1233,835
2116,49,1231,836
2116,50,1229,837
2116,51,1227,838
2116,52,1225,839
2116,53,1223,840
2116,54,1221,841
2116,55,1219,842
2116,56,1217,843
2116,57,1215,844
2116,58,1213,845
2116,59,1211,846
2116,60,1209,847
2116,61,1207,848
2116,62,1205,849
2116,63,1203,850
2116,64,1201,851
2116,65,1199,852
2116,66,1197,853
2116,67,1195,854
2116,68,1193,855
2116,69,1191,856
2116,70,1189,857
2116,71,1187,858
2116,72,1185,859
2116,73,1183,860
2116,74,1181,861
2116,75,1179,862
2116,76,1177,863
2116,77,1175,864
2116,78,1173,865
2116,79,1171,866
2116,80,1169,867
2116,81,1167,868
2116,82,1165,869
2116,83,1163,870
2116,84,1161,871
2116,85,1159,872
2116,86,1157,873
2116,87,1155,874
2116,88,1153,875
2116,89,1151,876
2116,90,1149,877
2116,91,1147,878
2116,92,1145,879
2116,93,1143,880
2116,94,1141,881
2116,95,1139,882
2116,96,1137,883
2116,97,1135,884
2116,98,1133,885
2116,99,1131,886
2116,100,1129,887
2116,101,1127,888
2116,102,1125,889
2116,103,1123,890
2116,104,1121,891
2116,105,1119,892
2116,106,1117,893
2116,107,1115,894
2116,108,1113,895
2116,109,1111,896
2116,110,1109,897
2116,111,1107,898
2116,112,1105,899
2116,113,1103,900
2116,114,1101,901
2116,115,1099,902
2116,116,1097,903
2116,117,1095,904
2116,118,1093,905
2116,119,1091,906
2116,120,1089,907
2116,121,1087,908
2116,122,1085,909
2116,123,1083,910
2116,124,1081,911
2116,125,1079,912
2116,126,1077,913
2116,127,1075,914
2116,128,1073,915
2116,129,1071,916
2116,130,1069,917
2116,131,1067,918
2116,132,1065,919
2116,133,1063,920
2116,134,1061,921
2116,135,1059,922
2116,136,1057,923
2116,137,1055,924
2116,138,1053,925
2116,139,1051,926
2116,140,1049,927
2116,141,1047,928
2116,142,1045,929
2116,143,1043,930
2116,144,1041,931
2116,145,1039,932
2116,146,1037,933
2116,147,1035,934
2116,148,1033,935
2116,149,1031,936
2116,150,1029,937
2116,151,1027,938
2116,152,1025,939
2116,153,1023,940
2116,154,1021,941
2116,155,1019,942
2116,156,1017,943
2116,157,1015,944
2116,158,1013,945
2116,159,1011,946
2116,160,1009,947
2116,161,1007,948
2116,162,1005,949
2116,163,1003,950
2116,164,1001,951
2116,165,999,952
2116,166,997,953
2116,167,995,954
2116,168,993,955
2116,169,991,956
2116,170,989,957
2116,171,987,958
2116,172,985,959
2116,173,983,960
2116,174,981,961
2116,175,979,962
2116,176,977,963
2116,177,975,964
2116,178,973,965
2116,179,971,966
2116,180,969,967
2116,181,967,968
2116,182,965,969
2116,183,963,970
2116,184,961,971
2116,185,959,972
2116,186,957,973
2116,187,955,974
2116,188,953,975
2116,189,951,976
2116,190,949,977
2116,191,947,978
2116,192,945,979
2116,193,943,980
2116,194,941,981
2116,195,939,982
2116,196,937,983
2116,197,935,984
2116,198,933,985
2116,199,931,986
2116,200,929,987
2116,201,927,988
2116,202,925,989
2116,203,923,990
2116,204,921,991
2116,205,919,992
2116,206,917,993
2116,207,915,994
2116,208,913,995
2116,209,911,996
2116,210,909,997
2116,211,907,998
2116,212,905,999
2116,213,903,1000
2116,214,901,1001
2116,215,899,1002
2116,216,897,1003
2116,217,895,1004
2116,218,893,1005
2116,219,891,1006
2116,220,889,1007
2116,221,887,1008
2116,222,885,1009
2116,223,883,1010
2116,224,881,1011
2116,225,879,1012
2116,226,877,1013
2116,227,875,1014
2116,228,873,1015
2116,229,871,1016
2116,230,869,1017
2116,231,867,1018
2116,232,865,1019
2116,233,863,1020
2116,234,861,1021
2116,235,859,1022
2116,236,857,1023
2116,237,855,1024
2116,238,853,1025
2116,239,851,1026
2116,240,849,1027
2116,241,847,1028
2116,242,845,1029
2116,243,843,1030
2116,244,841,1031
2116,245,839,1032
2116,246,837,1033
2116,247,835,1034
2116,248,833,1035
2116,249,831,1036
2116,250,829,1037
2116,251,827,1038
2116,252,825,1039
2116,253,823,1040
2116,254,821,1041
2116,255,819,1042
2116,256,817,1043
2116,257,815,1044
2116,258,813,1045
2116,259,811,1046
2116,260,809,1047
2116,261,807,1048
2116,262,805,1049
2116,263,803,1050
2116,264,801,1051
2116,265,799,1052
2116,266,797,1053
2116,267,795,1054
2116,268,793,1055
2116,269,791,1056
2116,270,789,1057
2116,271,787,1058
2116,272,785,1059
2116,273,783,1060
2116,274,781,1061
2116,275,779,1062
2116,276,777,1063
2116,277,775,1064
2116,278,773,1065
2116,279,771,1066
2116,280,769,1067
2116,281,767,1068
2116,282,765,1069
2116,283,763,1070
2116,284,761,1071
2116,285,759,1072
2116,286,757,1073
2116,287,755,1074
2116,288,753,1075
2116,289,751,1076
2116,290,749,1077
2116,291,747,1078
2116,292,745,1079
2116,293,743,1080
2116,294,741,1081
2116,295,739,1082
2116,296,737,1083
2116,297,735,1084
2116,298,733,1085
2116,299,731,1086
2116,300,729,1087
2116,301,727,1088
2116,302,725,1089
2116,303,723,1090
2116,304,721,1091
2116,305,719,1092
2116,306,717,1093
2116,307,715,1094
2116,308,713,1095
2116,309,711,1096
2116,310,709,1097
2116,311,707,1098
2116,312,705,1099
2116,313,703,1100
2116,314,701,1101
2116,315,699,1102
2116,316,697,1103
2116,317,695,1104
2116,318,693,1105
2116,319,691,1106
2116,320,689,1107
2116,321,687,1108
2116,322,685,1109
2116,323,683,1110
2116,324,681,1111
2116,325,679,1112
2116,326,677,1113
2116,327,675,1114
2116,328,673,1115
2116,329,671,1116
2116,330,669,1117
2116,331,667,1118
2116,332,665,1119
2116,333,663,1120
2116,334,661,1121
2116,335,659,1122
2116,336,657,1123
2116,337,655,1124
2116,338,653,1125
2116,339,651,1126
2116,340,649,1127
2116,341,647,1128
2116,342,645,1129
2116,343,643,1130
2116,344,641,1131
2116,345,639,1132
2116,346,637,1133
2116,347,635,1134
2116,348,633,1135
2116,349,631,1136
2116,350,629,1137
2116,351,627,1138
2116,352,625,1139
2116,353,623,1140
2116,354,621,1141
2116,355,619,1142
2116,356,617,1143
2116,357,615,1144
2116,358,613,1145
2116,359,611,1146
2116,360,609,1147
2116,361,607,1148
2116,362,605,1149
2116,363,603,1150
2116,364,601,1151
2116,365,599,1152
2116,366,597,1153
2116,367,595,1154
2116,368,593,1155
2116,369,591,1156
2116,370,589,1157
2116,371,587,1158
2116,372,585,1159
2116,373,583,1160
2116,374,581,1161
2116,375,579,1162
2116,376,577,1163
2116,377,575,1164
2116,378,573,1165
2116,379,571,1166
2116,380,569,1167
2116,381,567,1168
2116,382,565,1169
2116,383,563,1170
2116,384,561,1171
2116,385,559,1172
2116,386,557,1173
2116,387,555,1174
2116,388,553,1175
2116,389,551,1176
2116,390,549,1177
2116,391,547,1178
2116,392,545,1179
2116,393,543,1180
2116,394,541,1181
2116,395,539,1182
2116,396,537,1183
2116,397,535,1184
2116,398,533,1185
2116,399,531,1186
2116,400,529,1187
2116,401,527,1188
2116,402,525,1189
2116,403,523,1190
2116,404,521,1191
2116,405,519,1192
2116,406,517,1193
2116,407,515,1194
2116,408,513,1195
2116,409,511,1196
2116,410,509,1197
2116,411,507,1198
2116,412,505,1199
2116,413,503,1200
2116,414,501,1201
2116,415,499,1202
2116,416,497,1203
2116,417,495,1204
2116,418,493,1205
2116,419,491,1206
2116,420,489,1207
2116,421,487,1208
2116,422,485,1209
2116,423,483,1210
2116,424,481,1211
2116,425,479,1212
2116,426,477,1213
2116,427,475,1214
2116,428,473,1215
2116,429,471,1216
2116,430,469,1217
2116,431,467,1218
2116,432,465,1219
2116,433,463,1220
2116,434,461,1221
2116,435,459,1222
2117,20,1305,792
2117,21,1303,793
2117,22,1301,794
2117,23,1299,795
2117,24,1297,796
2117,25,1295,797
2117,26,1293,798
2117,27,1291,799
2117,28,1289,800
2117,29,1287,801
2117,30,1285,802
2117,31,1283,803
2117,32,1281,804
2117,33,1279,805
2117,34,1277,806
2117,35,1275,807
2117,36,1273,808
2117,37,1271,809
2117,38,1269,810
2117,39,1267,811
2117,40,1265,812
2117,41,1263,813
2117,42,1261,814
2117,43,1259,815
2117,44,1257,816
2117,45,1255,817
2117,46,1253,818
2117,47,1251,819
2117,48,1249,820
2117,49,1247,821
2117,50,1245,822
2117,51,1243,823
2117,52,1241,824
2117,53,1239,825
2117,54,1237,826
2117,55,1235,827
2117,56,1233,828
2117,57,1231,829
2117,58,1229,830
2117,59,1227,831
2117,60,1225,832
2117,61,1223,833
2117,62,1221,834
2117,63,1219,835
2117,64,1217,836
2117,65,1215,837
2117,66,1213,838
2117,67,1211,839
2117,68,1209,840
2117,69,1207,841
2117,70,1205,842
2117,71,1203,843
2117,72,1201,844
2117,73,1199,845
2117,74,1197,846
2117,75,1195,847
2117,76,1193,848
2117,77,1191,849
2117,78,1189,850
2117,79,1187,851
2117,80,1185,852
2117,81,1183,853
2117,82,1181,854
2117,83,1179,855
2117,84,1177,856
2117,85,1175,857
2117,86,1173,858
2117,87,1171,859
2117,88,1169,860
2117,89,1167,861
2117,90,1165,862
2117,91,1163,863
2117,92,1161,864
2117,93,1159,865
2117,94,1157,866
2117,95,1155,867
2117,96,1153,868
2117,97,1151,869
2117,98,1149,870
2117,99,1147,871
2117,100,1145,872
2117,101,1143,873
2117,102,1141,874
2117,103,1139,875
2117,104,1137,876
2117,105,1135,877
2117,106,1133,878
2117,107,1131,879
2117,108,1129,880
2117,109,1127,881
2117,110,1125,882
2117,111,1123,883
2117,112,1121,884
2117,113,1119,885
2117,114,1117,886
2117,115,1115,887
2117,116,1113,888
2117,117,1111,889
2117,118,1109,890
2117,119,1107,891
2117,120,1105,892
2117,121,1103,893
2117,122,1101,894
2117,123,1099,895
2117,124,1097,896
2117,125,1095,897
2117,126,1093,898
2117,127,1091,899
2117,128,1089,900
2117,129,1087,901
2117,130,1085,902
2117,131,1083,903
2117,132,1081,904
2117,133,1079,905
2117,134,1077,906
2117,135,1075,907
2117,136,1073,908
2117,137,1071,909
2117,138,1069,910
2117,139,1067,911
2117,140,1065,912
2117,141,1063,913
2117,142,1061,914
2117,143,1059,915
2117,144,1057,916
2117,145,1055,917
2117,146,1053,918
2117,147,1051,919
2117,148,1049,920
2117,149,1047,921
2117,150,1045,922
2117,151,1043,923
2117,152,1041,924
2117,153,1039,925
2117,154,1037,926
2117,155,1035,927
2117,156,1033,928
2117,157,1031,929
2117,158,1029,930
2117,159,1027,931
2117,160,1025,932
2117,161,1023,933
2117,162,1021,934
2117,163,1019,935
2117,164,1017,936
2117,165,1015,937
2117,166,1013,938
2117,167,1011,939
2117,168,1009,940
2117,169,1007,941
2117,170,1005,942
2117,171,1003,943
2117,172,1001,944
2117,173,999,945
2117,174,997,946
2117,175,995,947
2117,176,993,948
2117,177,991,949
2117,178,989,950
2117,179,987,951
2117,180,985,952
2117,181,983,953
2117,182,981,954
2117,183,979,955
2117,184,977,956
2117,185,975,957
2117,186,973,958
2117,187,971,959
2117,188,969,960
2117,189,967,961
2117,190,965,962
2117,191,963,963
2117,192,961,964
2117,193,959,965
2117,194,957,966
2117,195,955,967
2117,196,953,968
2117,197,951,969
2117,198,949,970
2117,199,947,971
2117,200,945,972
2117,201,943,973
2117,202,941,974
2117,203,939,975
2117,204,937,976
2117,205,935,977
2117,206,933,978
2117,207,931,979
2117,208,929,980
2117,209,927,981
2117,210,925,982
2117,211,923,983
2117,212,921,984
2117,213,919,985
2117,214,917,986
2117,215,915,987
2117,216,913,988
2117,217,911,989
2117,218,909,990
2117,219,907,991
2117,220,905,992
2117,221,903,993
2117,222,901,994
2117,223,899,995
2117,224,897,996
2117,225,895,997
2117,226,893,998
2117,227,891,999
2117,228,889,1000
2117,229,887,1001
2117,230,885,1002
2117,231,883,1003
2117,232,881,1004
2117,233,879,1005
2117,234,877,1006
2117,235,875,1007
2117,236,873,1008
2117,237,871,1009
2117,238,869,1010
2117,239,867,1011
2117,240,865,1012
2117,241,863,1013
2117,242,861,1014
2117,243,859,1015
2117,244,857,1016
2117,245,855,1017
2117,246,853,1018
2117,247,851,1019
2117,248,849,1020
2117,249,847,1021
2117,250,845,1022
2117,251,843,1023
2117,252,841,1024
2117,253,839,1025
2117,254,837,1026
2117,255,835,1027
2117,256,833,1028
2117,257,831,1029
2117,258,829,1030
2117,259,827,1031
2117,260,825,1032
2117,261,823,1033
2117,262,821,1034
2117,263,819,1035
2117,264,817,1036
2117,265,815,1037
2117,266,813,1038
2117,267,811,1039
2117,268,809,1040
2117,269,807,1041
2117,270,805,1042
2117,271,803,1043
2117,272,801,1044
2117,273,799,1045
2117,274,797,1046
2117,275,795,1047
2117,276,793,1048
2117,277,791,1049
2117,278,789,1050
2117,279,787,1051
2117,280,785,1052
2117,281,783,1053
2117,282,781,1054
2117,283,779,1055
2117,284,777,1056
2117,285,775,1057
2117,286,773,1058
2117,287,771,1059
2117,288,769,1060
2117,289,767,1061
2117,290,765,1062
2117,291,763,1063
2117,292,761,1064
2117,293,759,1065
2117,294,757,1066
2117,295,755,1067
2117,296,753,1068
2117,297,751,1069
2117,298,749,1070
2117,299,747,1071
2117,300,745,1072
2117,301,743,1073
2117,302,741,1074
2117,303,739,1075
2117,304,737,1076
2117,305,735,1077
2117,306,733,1078
2117,307,731,1079
2117,308,729,1080
2117,309,727,1081
2117,310,725,1082
2117,311,723,1083
2117,312,721,1084
2117,313,719,1085
2117,314,717,1086
2117,315,715,1087
2117,316,713,1088
2117,317,711,1089
2117,318,709,1090
2117,319,707,1091
2117,320,705,1092
2117,321,703,1093
2117,322,701,1094
2117,323,699,1095
2117,324,697,1096
2117,325,695,1097
2117,326,693,1098
2117,327,691,1099
2117,328,689,1100
2117,329,687,1101
2117,330,685,1102
2117,331,683,1103
2117,332,681,1104
2117,333,679,1105
2117,334,677,1106
2117,335,675,1107
2117,336,673,1108
2117,337,671,1109
2117,338,669,1110
2117,339,667,1111
2117,340,665,1112
2117,341,663,1113
2117,342,661,1114
2117,343,659,1115
2117,344,657,1116
2117,345,655,1117
2117,346,653,1118
2117,347,651,1119
2117,348,649,1120
2117,349,647,1121
2117,350,645,1122
2117,351,643,1123
2117,352,641,1124
2117,353,639,1125
2117,354,637,1126
2117,355,635,1127
2117,356,633,1128
2117,357,631,1129
2117,358,629,1130
2117,359,627,1131
2117,360,625,1132
2117,361,623,1133
2117,362,621,1134
2117,363,619,1135
2117,364,617,1136
2117,365,615,1137
2117,366,613,1138
2117,367,611,1139
2117,368,609,1140
2117,369,607,1141
2117,370,605,1142
2117,371,603,1143
2117,372,601,1144
2117,373,599,1145
2117,374,597,1146
2117,375,595,1147
2117,376,593,1148
2117,377,591,1149
2117,378,589,1150
2117,379,587,1151
2117,380,585,1152
2117,381,583,1153
2117,382,581,1154
2117,383,579,1155
2117,384,577,1156
2117,385,575,1157
2117,386,573,1158
2117,387,571,1159
2117,388,569,1160
2117,389,567,1161
2117,390,565,1162
2117,391,563,1163
2117,392,561,1164
2117,393,559,1165
2117,394,557,1166
2117,395,555,1167
2117,396,553,1168
2117,397,551,1169
2117,398,549,1170
2117,399,547,1171
2117,400,545,1172
2117,401,543,1173
2117,402,541,1174
2117,403,539,1175
2117,404,537,1176
2117,405,535,1177
2117,406,533,1178
2117,407,531,1179
2117,408,529,1180
2117,409,527,1181
2117,410,525,1182
2117,411,523,1183
2117,412,521,1184
2117,413,519,1185
2117,414,517,1186
2117,415,515,1187
2117,416,513,1188
2117,417,511,1189
2117,418,509,1190
2117,419,507,1191
2117,420,505,1192
2117,421,503,1193
2117,422,501,1194
2117,423,499,1195
2117,424,497,1196
2117,425,495,1197
2117,426,493,1198
2117,427,491,1199
2117,428,489,1200
2117,429,487,1201
2117,430,485,1202
2117,431,483,1203
2117,432,481,1204
2117,433,479,1205
2117,434,477,1206
2117,435,475,1207
2118,28,1305,785
2118,29,1303,786
2118,30,1301,787
2118,31,1299,788
2118,32,1297,789
2118,33,1295,790
2118,34,1293,791
2118,35,1291,792
2118,36,1289,793
2118,37,1287,794
2118,38,1285,795
2118,39,1283,796
2118,40,1281,797
2118,41,1279,798
2118,42,1277,799
2118,43,1275,800
2118,44,1273,801
2118,45,1271,802
2118,46,1269,803
2118,47,1267,804
2118,48,1265,805
2118,49,1263,806
2118,50,1261,807
2118,51,1259,808
2118,52,1257,809
2118,53,1255,810
2118,54,1253,811
2118,55,1251,812
2118,56,1249,813
2118,57,1247,814
2118,58,1245,815
2118,59,1243,816
2118,60,1241,817
2118,61,1239,818
2118,62,1237,819
2118,63,1235,820
2118,64,1233,821
2118,65,1231,822
2118,66,1229,823
2118,67,1227,824
2118,68,1225,825
2118,69,1223,826
2118,70,1221,827
2118,71,1219,828
2118,72,1217,829
2118,73,1215,830
2118,74,1213,831
2118,75,1211,832
2118,76,1209,833
2118,77,1207,834
2118,78,1205,835
2118,79,1203,836
2118,80,1201,837
2118,81,1199,838
2118,82,1197,839
2118,83,1195,840
2118,84,1193,841
2118,85,1191,842
2118,86,1189,843
2118,87,1187,844
2118,88,1185,845
2118,89,1183,846
2118,90,1181,847
2118,91,1179,848
2118,92,1177,849
2118,93,1175,850
2118,94,1173,851
2118,95,1171,852
2118,96,1169,853
2118,97,1167,854
2118,98,1165,855
2118,99,1163,856
2118,100,1161,857
2118,101,1159,858
2118,102,1157,859
2118,103,1155,860
2118,104,1153,861
2118,105,1151,862
2118,106,1149,863
2118,107,1147,864
2118,108,1145,865
2118,109,1143,866
2118,110,1141,867
2118,111,1139,868
2118,112,1137,869
2118,113,1135,870
2118,114,1133,871
2118,115,1131,872
2118,116,1129,873
2118,117,1127,874
2118,118,1125,875
2118,119,1123,876
2118,120,1121,877
2118,121,1119,878
2118,122,1117,879
2118,123,1115,880
2118,124,1113,881
2118,125,1111,882
2118,126,1109,883
2118,127,1107,884
2118,128,1105,885
2118,129,1103,886
2118,130,1101,887
2118,131,1099,888
2118,132,1097,889
2118,133,1095,890
2118,134,1093,891
2118,135,1091,892
2118,136,1089,893
2118,137,1087,894
2118,138,1085,895
2118,139,1083,896
2118,140,1081,897
2118,141,1079,898
2118,142,1077,899
2118,143,1075,900
2118,144,1073,901
2118,145,1071,902
2118,146,1069,903
2118,147,1067,904
2118,148,1065,905
2118,149,1063,906
2118,150,1061,907
2118,151,1059,908
2118,152,1057,909
2118,153,1055,910
2118,154,1053,911
2118,155,1051,912
2118,156,1049,913
2118,157,1047,914
2118,158,1045,915
2118,159,1043,916
2118,160,1041,917
2118,161,1039,918
2118,162,1037,919
2118,163,1035,920
2118,164,1033,921
2118,165,1031,922
2118,166,1029,923
2118,167,1027,924
2118,168,1025,925
2118,169,1023,926
2118,170,1021,927
2118,171,1019,928
2118,172,1017,929
2118,173,1015,930
2118,174,1013,931
2118,175,1011,932
2118,176,1009,933
2118,177,1007,934
2118,178,1005,935
2118,179,1003,936
2118,180,1001,937
2118,181,999,938
2118,182,997,939
2118,183,995,940
2118,184,993,941
2118,185,991,942
2118,186,989,943
2118,187,987,944
2118,188,985,945
2118,189,983,946
2118,190,981,947
2118,191,979,948
2118,192,977,949
2118,193,975,950
2118,194,973,951
2118,195,971,952
2118,196,969,953
2118,197,967,954
2118,198,965,955
2118,199,963,956
2118,200,961,957
2118,201,959,958
2118,202,957,959
2118,203,955,960
2118,204,953,961
2118,205,951,962
2118,206,949,963
2118,207,947,964
2118,208,945,965
2118,209,943,966
2118,210,941,967
2118,211,939,968
2118,212,937,969
2118,213,935,970
2118,214,933,971
2118,215,931,972
2118,216,929,973
2118,217,927,974
2118,218,925,975
2118,219,923,976
2118,220,921,977
2118,221,919,978
2118,222,917,979
2118,223,915,980
2118,224,913,981
2118,225,911,982
2118,226,909,983
2118,227,907,984
2118,228,905,985
2118,229,903,986
2118,230,901,987
2118,231,899,988
2118,232,897,989
2118,233,895,990
2118,234,893,991
2118,235,891,992
2118,236,889,993
2118,237,887,994
2118,238,885,995
2118,239,883,996
2118,240,881,997
2118,241,879,998
2118,242,877,999
2118,243,875,1000
2118,244,873,1001
2118,245,871,1002
2118,246,869,1003
2118,247,867,1004
2118,248,865,1005
2118,249,863,1006
2118,250,861,1007
2118,251,859,1008
2118,252,857,1009
2118,253,855,1010
2118,254,853,1011
2118,255,851,1012
2118,256,849,1013
2118,257,847,1014
2118,258,845,1015
2118,259,843,1016
2118,260,841,1017
2118,261,839,1018
2118,262,837,1019
2118,263,835,1020
2118,264,833,1021
2118,265,831,1022
2118,266,829,1023
2118,267,827,1024
2118,268,825,1025
2118,269,823,1026
2118,270,821,1027
2118,271,819,1028
2118,272,817,1029
2118,273,815,1030
2118,274,813,1031
2118,275,811,1032
2118,276,809,1033
2118,277,807,1034
2118,278,805,1035
2118,279,803,1036
2118,280,801,1037
2118,281,799,1038
2118,282,797,1039
2118,283,795,1040
2118,284,793,1041
2118,285,791,1042
2118,286,789,1043
2118,287,787,1044
2118,288,785,1045
2118,289,783,1046
2118,290,781,1047
2118,291,779,1048
2118,292,777,1049
2118,293,775,1050
2118,294,773,1051
2118,295,771,1052
2118,296,769,1053
2118,297,767,1054
2118,298,765,1055
2118,299,763,1056
2118,300,761,1057
2118,301,759,1058
2118,302,757,1059
2118,303,755,1060
2118,304,753,1061
2118,305,751,1062
2118,306,749,1063
2118,307,747,1064
2118,308,745,1065
2118,309,743,1066
2118,310,741,1067
2118,311,739,1068
2118,312,737,1069
2118,313,735,1070
2118,314,733,1071
2118,315,731,1072
2118,316,729,1073
2118,317,727,1074
2118,318,725,1075
2118,319,723,1076
2118,320,721,1077
2118,321,719,1078
2118,322,717,1079
2118,323,715,1080
2118,324,713,1081
2118,325,711,1082
2118,326,709,1083
2118,327,707,1084
2118,328,705,1085
2118,329,703,1086
2118,330,701,1087
2118,331,699,1088
2118,332,697,1089
2118,333,695,1090
2118,334,693,1091
2118,335,691,1092
2118,336,689,1093
2118,337,687,1094
2118,338,685,1095
2118,339,683,1096
2118,340,681,1097
2118,341,679,1098
2118,342,677,1099
2118,343,675,1100
2118,344,673,1101
2118,345,671,1102
2118,346,669,1103
2118,347,667,1104
2118,348,665,1105
2118,349,663,1106
2118,350,661,1107
2118,351,659,1108
2118,352,657,1109
2118,353,655,1110
2118,354,653,1111
2118,355,651,1112
2118,356,649,1113
2118,357,647,1114
2118,358,645,1115
2118,359,643,1116
2118,360,641,1117
2118,361,639,1118
2118,362,637,1119
2118,363,635,1120
2118,364,633,1121
2118,365,631,1122
2118,366,629,1123
2118,367,627,1124
2118,368,625,1125
2118,369,623,1126
2118,370,621,1127
2118,371,619,1128
2118,372,617,1129
2118,373,615,1130
2118,374,613,1131
2118,375,611,1132
2118,376,609,1133
2118,377,607,1134
2118,378,605,1135
2118,379,603,1136
2118,380,601,1137
2118,381,599,1138
2118,382,597,1139
2118,383,595,1140
2118,384,593,1141
2118,385,591,1142
2118,386,589,1143
2118,387,587,1144
2118,388,585,1145
2118,389,583,1146
2118,390,581,1147
2118,391,579,1148
2118,392,577,1149
2118,393,575,1150
2118,394,573,1151
2118,395,571,1152
2118,396,569,1153
2118,397,567,1154
2118,398,565,1155
2118,399,563,1156
2118,400,561,1157
2118,401,559,1158
2118,402,557,1159
2118,403,555,1160
2118,404,553,1161
2118,405,551,1162
2118,406,549,1163
2118,407,547,1164
2118,408,545,1165
2118,409,543,1166
2118,410,541,1167
2118,411,539,1168
2118,412,537,1169
2118,413,535,1170
2118,414,533,1171
2118,415,531,1172
2118,416,529,1173
2118,417,527,1174
2118,418,525,1175
2118,419,523,1176
2118,420,521,1177
2118,421,519,1178
2118,422,517,1179
2118,423,515,1180
2118,424,513,1181
2118,425,511,1182
2118,426,509,1183
2118,427,507,1184
2118,428,505,1185
2118,429,503,1186
2118,430,501,1187
2118,431,499,1188
2118,432,497,1189
2118,433,495,1190
2118,434,493,1191
2118,435,491,1192
2119,36,1305,778
2119,37,1303,779
2119,38,1301,780
2119,39,1299,781
2119,40,1297,782
2119,41,1295,783
2119,42,1293,784
2119,43,1291,785
2119,44,1289,786
2119,45,1287,787
2119,46,1285,788
2119,47,1283,789
2119,48,1281,790
2119,49,1279,791
2119,50,1277,792
2119,51,1275,793
2119,52,1273,794
2119,53,1271,795
2119,54,1269,796
2119,55,1267,797
2119,56,1265,798
2119,57,1263,799
2119,58,1261,800
2119,59,1259,801
2119,60,1257,802
2119,61,1255,803
2119,62,1253,804
2119,63,1251,805
2119,64,1249,806
2119,65,1247,807
2119,66,1245,808
2119,67,1243,809
2119,68,1241,810
2119,69,1239,811
2119,70,1237,812
2119,71,1235,813
2119,72,1233,814
2119,73,1231,815
2119,74,1229,816
2119,75,1227,817
2119,76,1225,818
2119,77,1223,819
2119,78,1221,820
2119,79,1219,821
2119,80,1217,822
2119,81,1215,823
2119,82,1213,824
2119,83,1211,825
2119,84,1209,826
2119,85,1207,827
2119,86,1205,828
2119,87,1203,829
2119,88,1201,830
2119,89,1199,831
2119,90,1197,832
2119,91,1195,833
2119,92,1193,834
2119,93,1191,835
2119,94,1189,836
2119,95,1187,837
2119,96,1185,838
2119,97,1183,839
2119,98,1181,840
2119,99,1179,841
2119,100,1177,842
2119,101,1175,843
2119,102,1173,844
2119,103,1171,845
2119,104,1169,846
2119,105,1167,847
2119,106,1165,848
2119,107,1163,849
2119,108,1161,850
2119,109,1159,851
2119,110,1157,852
2119,111,1155,853
2119,112,1153,854
2119,113,1151,855
2119,114,1149,856
2119,115,1147,857
2119,116,1145,858
2119,117,1143,859
2119,118,1141,860
2119,119,1139,861
2119,120,1137,862
2119,121,1135,863
2119,122,1133,864
2119,123,1131,865
2119,124,1129,866
2119,125,1127,867
2119,126,1125,868
2119,127,1123,869
2119,128,1121,870
2119,129,1119,871
2119,130,1117,872
2119,131,1115,873
2119,132,1113,874
2119,133,1111,875
2119,134,1109,876
2119,135,1107,877
2119,136,1105,878
2119,137,1103,879
2119,138,1101,880
2119,139,1099,881
2119,140,1097,882
2119,141,1095,883
2119,142,1093,884
2119,143,1091,885
2119,144,1089,886
2119,145,1087,887
2119,146,1085,888
2119,147,1083,889
2119,148,1081,890
2119,149,1079,891
2119,150,1077,892
2119,151,1075,893
2119,152,1073,894
2119,153,1071,895
2119,154,1069,896
2119,155,1067,897
2119,156,1065,898
2119,157,1063,899
2119,158,1061,900
2119,159,1059,901
2119,160,1057,902
2119,161,1055,903
2119,162,1053,904
2119,163,1051,905
2119,164,1049,906
2119,165,1047,907
2119,166,1045,908
2119,167,1043,909
2119,168,1041,910
2119,169,1039,911
2119,170,1037,912
2119,171,1035,913
2119,172,1033,914
2119,173,1031,915
2119,174,1029,916
2119,175,1027,917
2119,176,1025,918
2119,177,1023,919
2119,178,1021,920
2119,179,1019,921
2119,180,1017,922
2119,181,1015,923
2119,182,1013,924
2119,183,1011,925
2119,184,1009,926
2119,185,1007,927
2119,186,1005,928
2119,187,1003,929
2119,188,1001,930
2119,189,999,931
2119,190,997,932
2119,191,995,933
2119,192,993,934
2119,193,991,935
2119,194,989,936
2119,195,987,937
2119,196,985,938
2119,197,983,939
2119,198,981,940
2119,199,979,941
2119,200,977,942
2119,201,975,943
2119,202,973,944
2119,203,971,945
2119,204,969,946
2119,205,967,947
2119,206,965,948
2119,207,963,949
2119,208,961,950
2119,209,959,951
2119,210,957,952
2119,211,955,953
2119,212,953,954
2119,213,951,955
2119,214,949,956
2119,215,947,957
2119,216,945,958
2119,217,943,959
2119,218,941,960
2119,219,939,961
2119,220,937,962
2119,221,935,963
2119,222,933,964
2119,223,931,965
2119,224,929,966
2119,225,927,967
2119,226,925,968
2119,227,923,969
2119,228,921,970
2119,229,919,971
2119,230,917,972
2119,231,915,973
2119,232,913,974
2119,233,911,975
2119,234,909,976
2119,235,907,977
2119,236,905,978
2119,237,903,979
2119,238,901,980
2119,239,899,981
2119,240,897,982
2119,241,895,983
2119,242,893,984
2119,243,891,985
2119,244,889,986
2119,245,887,987
2119,246,885,988
2119,247,883,989
2119,248,881,990
2119,249,879,991
2119,250,877,992
2119,251,875,993
2119,252,873,994
2119,253,871,995
2119,254,869,996
2119,255,867,997
2119,256,865,998
2119,257,863,999
2119,258,861,1000
2119,259,859,1001
2119,260,857,1002
2119,261,855,1003
2119,262,853,1004
2119,263,851,1005
2119,264,849,1006
2119,265,847,1007
2119,266,845,1008
2119,267,843,1009
2119,268,841,1010
2119,269,839,1011
2119,270,837,1012
2119,271,835,1013
2119,272,833,1014
2119,273,831,1015
2119,274,829,1016
2119,275,827,1017
2119,276,825,1018
2119,277,823,1019
2119,278,821,1020
2119,279,819,1021
2119,280,817,1022
2119,281,815,1023
2119,282,813,1024
2119,283,811,1025
2119,284,809,1026
2119,285,807,1027
2119,286,805,1028
2119,287,803,1029
2119,288,801,1030
2119,289,799,1031
2119,290,797,1032
2119,291,795,1033
2119,292,793,1034
2119,293,791,1035
2119,294,789,1036
2119,295,787,1037
2119,296,785,1038
2119,297,783,1039
2119,298,781,1040
2119,299,779,1041
2119,300,777,1042
2119,301,775,1043
2119,302,773,1044
2119,303,771,1045
2119,304,769,1046
2119,305,767,1047
2119,306,765,1048
2119,307,763,1049
2119,308,761,1050
2119,309,759,1051
2119,310,757,1052
2119,311,755,1053
2119,312,753,1054
2119,313,751,1055
2119,314,749,1056
2119,315,747,1057
2119,316,745,1058
2119,317,743,1059
2119,318,741,1060
2119,319,739,1061
2119,320,737,1062
2119,321,735,1063
2119,322,733,1064
2119,323,731,1065
2119,324,729,1066
2119,325,727,1067
2119,326,725,1068
2119,327,723,1069
2119,328,721,1070
2119,329,719,1071
2119,330,717,1072
2119,331,715,1073
2119,332,713,1074
2119,333,711,1075
2119,334,709,1076
2119,335,707,1077
2119,336,705,1078
2119,337,703,1079
2119,338,701,1080
2119,339,699,1081
2119,340,697,1082
2119,341,695,1083
2119,342,693,1084
2119,343,691,1085
2119,344,689,1086
2119,345,687,1087
2119,346,685,1088
2119,347,683,1089
2119,348,681,1090
2119,349,679,1091
2119,350,677,1092
2119,351,675,1093
2119,352,673,1094
2119,353,671,1095
2119,354,669,1096
2119,355,667,1097
2119,356,665,1098
2119,357,663,1099
2119,358,661,1100
2119,359,659,1101
2119,360,657,1102
2119,361,655,1103
2119,362,653,1104
2119,363,651,1105
2119,364,649,1106
2119,365,647,1107
2119,366,645,1108
2119,367,643,1109
2119,368,641,1110
2119,369,639,1111
2119,370,637,1112
2119,371,635,1113
2119,372,633,1114
2119,373,631,1115
2119,374,629,1116
2119,375,627,1117
2119,376,625,1118
2119,377,623,1119
2119,378,621,1120
2119,379,619,1121
2119,380,617,1122
2119,381,615,1123
2119,382,613,1124
2119,383,611,1125
2119,384,609,1126
2119,385,607,1127
2119,386,605,1128
2119,387,603,1129
2119,388,601,1130
2119,389,599,1131
2119,390,597,1132
2119,391,595,1133
2119,392,593,1134
2119,393,591,1135
2119,394,589,1136
2119,395,587,1137
2119,396,585,1138
2119,397,583,1139
2119,398,581,1140
2119,399,579,1141
2119,400,577,1142
2119,401,575,1143
2119,402,573,1144
2119,403,571,1145
2119,404,569,1146
2119,405,567,1147
2119,406,565,1148
2119,407,563,1149
2119,408,561,1150
2119,409,559,1151
2119,410,557,1152
2119,411,555,1153
2119,412,553,1154
2119,413,551,1155
2119,414,549,1156
2119,415,547,1157
2119,416,545,1158
2119,417,543,1159
2119,418,541,1160
2119,419,539,1161
2119,420,537,1162
2119,421,535,1163
2119,422,533,1164
2119,423,531,1165
2119,424,529,1166
2119,425,527,1167
2119,426,525,1168
2119,427,523,1169
2119,428,521,1170
2119,429,519,1171
2119,430,517,1172
2119,431,515,1173
2119,432,513,1174
2119,433,511,1175
2119,434,509,1176
2119,435,507,1177
2120,44,1305,771
2120,45,1303,772
2120,46,1301,773
2120,47,1299,774
2120,48,1297,775
2120,49,1295,776
2120,50,1293,777
2120,51,1291,778
2120,52,1289,779
2120,53,1287,780
2120,54,1285,781
2120,55,1283,782
2120,56,1281,783
2120,57,1279,784
2120,58,1277,785
2120,59,1275,786
2120,60,1273,787
2120,61,1271,788
2120,62,1269,789
2120,63,1267,790
2120,64,1265,791
2120,65,1263,792
2120,66,1261,793
2120,67,1259,794
2120,68,1257,795
2120,69,1255,796
2120,70,1253,797
2120,71,1251,798
2120,72,1249,799
2120,73,1247,800
2120,74,1245,801
2120,75,1243,802
2120,76,1241,803
2120,77,1239,804
2120,78,1237,805
2120,79,1235,806
2120,80,1233,807
2120,81,1231,808
2120,82,1229,809
2120,83,1227,810
2120,84,1225,811
2120,85,1223,812
2120,86,1221,813
2120,87,1219,814
2120,88,1217,815
2120,89,1215,816
2120,90,1213,817
2120,91,1211,818
2120,92,1209,819
2120,93,1207,820
2120,94,1205,821
2120,95,1203,822
2120,96,1201,823
2120,97,1199,824
2120,98,1197,825
2120,99,1195,826
2120,100,1193,827
2120,101,1191,828
2120,102,1189,829
2120,103,1187,830
2120,104,1185,831
2120,105,1183,832
2120,106,1181,833
2120,107,1179,834
2120,108,1177,835
2120,109,1175,836
2120,110,1173,837
2120,111,1171,838
2120,112,1169,839
2120,113,1167,840
2120,114,1165,841
2120,115,1163,842
2120,116,1161,843
2120,117,1159,844
2120,118,1157,845
2120,119,1155,846
2120,120,1153,847
2120,121,1151,848
2120,122,1149,849
2120,123,1147,850
2120,124,1145,851
2120,125,1143,852
2120,126,1141,853
2120,127,1139,854
2120,128,1137,855
2120,129,1135,856
2120,130,1133,857
2120,131,1131,858
2120,132,1129,859
2120,133,1127,860
2120,134,1125,861
2120,135,1123,862
2120,136,1121,863
2120,137,1119,864
2120,138,1117,865
2120,139,1115,866
2120,140,1113,867
2120,141,1111,868
2120,142,1109,869
2120,143,1107,870
2120,144,1105,871
2120,145,1103,872
2120,146,1101,873
2120,147,1099,874
2120,148,1097,875
2120,149,1095,876
2120,150,1093,877
2120,151,1091,878
2120,152,1089,879
2120,153,1087,880
2120,154,1085,881
2120,155,1083,882
2120,156,1081,883
2120,157,1079,884
2120,158,1077,885
2120,159,1075,886
2120,160,1073,887
2120,161,1071,888
2120,162,1069,889
2120,163,1067,890
2120,164,1065,891
2120,165,1063,892
2120,166,1061,893
2120,167,1059,894
2120,168,1057,895
2120,169,1055,896
2120,170,1053,897
2120,171,1051,898
2120,172,1049,899
2120,173,1047,900
2120,174,1045,901
2120,175,1043,902
2120,176,1041,903
2120,177,1039,904
2120,178,1037,905
2120,179,1035,906
2120,180,1033,907
2120,181,1031,908
2120,182,1029,909
2120,183,1027,910
2120,184,1025,911
2120,185,1023,912
2120,186,1021,913
2120,187,1019,914
2120,188,1017,915
2120,189,1015,916
2120,190,1013,917
2120,191,1011,918
2120,192,1009,919
2120,193,1007,920
2120,194,1005,921
2120,195,1003,922
2120,196,1001,923
2120,197,999,924
2120,198,997,925
2120,199,995,926
2120,200,993,927
2120,201,991,928
2120,202,989,929
2120,203,987,930
2120,204,985,931
2120,205,983,932
2120,206,981,933
2120,207,979,934
2120,208,977,935
2120,209,975,936
2120,210,973,937
2120,211,971,938
2120,212,969,939
2120,213,967,940
2120,214,965,941
2120,215,963,942
2120,216,961,943
2120,217,959,944
2120,218,957,945
2120,219,955,946
2120,220,953,947
2120,221,951,948
2120,222,949,949
2120,223,947,950
2120,224,945,951
2120,225,943,952
2120,226,941,953
2120,227,939,954
2120,228,937,955
2120,229,935,956
2120,230,933,957
2120,231,931,958
2120,232,929,959
2120,233,927,960
2120,234,925,961
2120,235,923,962
2120,236,921,963
2120,237,919,964
2120,238,917,965
2120,239,915,966
2120,240,913,967
2120,241,911,968
2120,242,909,969
2120,243,907,970
2120,244,905,971
2120,245,903,972
2120,246,901,973
2120,247,899,974
2120,248,897,975
2120,249,895,976
2120,250,893,977
2120,251,891,978
2120,252,889,979
2120,253,887,980
2120,254,885,981
2120,255,883,982
2120,256,881,983
2120,257,879,984
2120,258,877,985
2120,259,875,986
2120,260,873,987
2120,261,871,988
2120,262,869,989
2120,263,867,990
2120,264,865,991
2120,265,863,992
2120,266,861,993
2120,267,859,994
2120,268,857,995
2120,269,855,996
2120,270,853,997
2120,271,851,998
2120,272,849,999
2120,273,847,1000
2120,274,845,1001
2120,275,843,1002
2120,276,841,1003
2120,277,839,1004
2120,278,837,1005
2120,279,835,1006
2120,280,833,1007
2120,281,831,1008
2120,282,829,1009
2120,283,827,1010
2120,284,825,1011
2120,285,823,1012
2120,286,821,1013
2120,287,819,1014
2120,288,817,1015
2120,289,815,1016
2120,290,813,1017
2120,291,811,1018
2120,292,809,1019
2120,293,807,1020
2120,294,805,1021
2120,295,803,1022
2120,296,801,1023
2120,297,799,1024
2120,298,797,1025
2120,299,795,1026
2120,300,793,1027
2120,301,791,1028
2120,302,789,1029
2120,303,787,1030
2120,304,785,1031
2120,305,783,1032
2120,306,781,1033
2120,307,779,1034
2120,308,777,1035
2120,309,775,1036
2120,310,773,1037
2120,311,771,1038
2120,312,769,1039
2120,313,767,1040
2120,314,765,1041
2120,315,763,1042
2120,316,761,1043
2120,317,759,1044
2120,318,757,1045
2120,319,755,1046
2120,320,753,1047
2120,321,751,1048
2120,322,749,1049
2120,323,747,1050
2120,324,745,1051
2120,325,743,1052
2120,326,741,1053
2120,327,739,1054
2120,328,737,1055
2120,329,735,1056
2120,330,733,1057
2120,331,731,1058
2120,332,729,1059
2120,333,727,1060
2120,334,725,1061
2120,335,723,1062
2120,336,721,1063
2120,337,719,1064
2120,338,717,1065
2120,339,715,1066
2120,340,713,1067
2120,341,711,1068
2120,342,709,1069
2120,343,707,1070
2120,344,705,1071
2120,345,703,1072
2120,346,701,1073
2120,347,699,1074
2120,348,697,1075
2120,349,695,1076
2120,350,693,1077
2120,351,691,1078
2120,352,689,1079
2120,353,687,1080
2120,354,685,1081
2120,355,683,1082
2120,356,681,1083
2120,357,679,1084
2120,358,677,1085
2120,359,675,1086
2120,360,673,1087
2120,361,671,1088
2120,362,669,1089
2120,363,667,1090
2120,364,665,1091
2120,365,663,1092
2120,366,661,1093
2120,367,659,1094
2120,368,657,1095
2120,369,655,1096
2120,370,653,1097
2120,371,651,1098
2120,372,649,1099
2120,373,647,1100
2120,374,645,1101
2120,375,643,1102
2120,376,641,1103
2120,377,639,1104
2120,378,637,1105
2120,379,635,1106
2120,380,633,1107
2120,381,631,1108
2120,382,629,1109
2120,383,627,1110
2120,384,625,1111
2120,385,623,1112
2120,386,621,1113
2120,387,619,1114
2120,388,617,1115
2120,389,615,1116
2120,390,613,1117
2120,391,611,1118
2120,392,609,1119
2120,393,607,1120
2120,394,605,1121
2120,395,603,1122
2120,396,601,1123
2120,397,599,1124
2120,398,597,1125
2120,399,595,1126
2120,400,593,1127
2120,401,591,1128
2120,402,589,1129
2120,403,587,1130
2120,404,585,1131
2120,405,583,1132
2120,406,581,1133
2120,407,579,1134
2120,408,577,1135
2120,409,575,1136
2120,410,573,1137
2120,411,571,1138
2120,412,569,1139
2120,413,567,1140
2120,414,565,1141
2120,415,563,1142
2120,416,561,1143
2120,417,559,1144
2120,418,557,1145
2120,419,555,1146
2120,420,553,1147
2120,421,551,1148
2120,422,549,1149
2120,423,547,1150
2120,424,545,1151
2120,425,543,1152
2120,426,541,1153
2120,427,539,1154
2120,428,537,1155
2120,429,535,1156
2120,430,533,1157
2120,431,531,1158
2120,432,529,1159
2120,433,527,1160
2120,434,525,1161
2120,435,523,1162
2121,52,1305,764
2121,53,1303,765
2121,54,1301,766
2121,55,1299,767
2121,56,1297,768
2121,57,1295,769
2121,58,1293,770
2121,59,1291,771
2121,60,1289,772
2121,61,1287,773
2121,62,1285,774
2121,63,1283,775
2121,64,1281,776
2121,65,1279,777
2121,66,1277,778
2121,67,1275,779
2121,68,1273,780
2121,69,1271,781
2121,70,1269,782
2121,71,1267,783
2121,72,1265,784
2121,73,1263,785
2121,74,1261,786
2121,75,1259,787
2121,76,1257,788
2121,77,1255,789
2121,78,1253,790
2121,79,1251,791
2121,80,1249,792
2121,81,1247,793
2121,82,1245,794
2121,83,1243,795
2121,84,1241,796
2121,85,1239,797
2121,86,1237,798
2121,87,1235,799
2121,88,1233,800
2121,89,1231,801
2121,90,1229,802
2121,91,1227,803
2121,92,1225,804
2121,93,1223,805
2121,94,1221,806
2121,95,1219,807
2121,96,1217,808
2121,97,1215,809
2121,98,1213,810
2121,99,1211,811
2121,100,1209,812
2121,101,1207,813
2121,102,1205,814
2121,103,1203,815
2121,104,1201,816
2121,105,1199,817
2121,106,1197,818
2121,107,1195,819
2121,108,1193,820
2121,109,1191,821
2121,110,1189,822
2121,111,1187,823
2121,112,1185,824
2121,113,1183,825
2121,114,1181,826
2121,115,1179,827
2121,116,1177,828
2121,117,1175,829
2121,118,1173,830
2121,119,1171,831
2121,120,1169,832
2121,121,1167,833
2121,122,1165,834
2121,123,1163,835
2121,124,1161,836
2121,125,1159,837
2121,126,1157,838
2121,127,1155,839
2121,128,1153,840
2121,129,1151,841
2121,130,1149,842
2121,131,1147,843
2121,132,1145,844
2121,133,1143,845
2121,134,1141,846
2121,135,1139,847
2121,136,1137,848
2121,137,1135,849
2121,138,1133,850
2121,139,1131,851
2121,140,1129,852
2121,141,1127,853
2121,142,1125,854
2121,143,1123,855
2121,144,1121,856
2121,145,1119,857
2121,146,1117,858
2121,147,1115,859
2121,148,1113,860
2121,149,1111,861
2121,150,1109,862
2121,151,1107,863
2121,152,1105,864
2121,153,1103,865
2121,154,1101,866
2121,155,1099,867
2121,156,1097,868
2121,157,1095,869
2121,158,1093,870
2121,159,1091,871
2121,160,1089,872
2121,161,1087,873
2121,162,1085,874
2121,163,1083,875
2121,164,1081,876
2121,165,1079,877
2121,166,1077,878
2121,167,1075,879
2121,168,1073,880
2121,169,1071,881
2121,170,1069,882
2121,171,1067,883
2121,172,1065,884
2121,173,1063,885
2121,174,1061,886
2121,175,1059,887
2121,176,1057,888
2121,177,1055,889
2121,178,1053,890
2121,179,1051,891
2121,180,1049,892
2121,181,1047,893
2121,182,1045,894
2121,183,1043,895
2121,184,1041,896
2121,185,1039,897
2121,186,1037,898
2121,187,1035,899
2121,188,1033,900
2121,189,1031,901
2121,190,1029,902
2121,191,1027,903
2121,192,1025,904
2121,193,1023,905
2121,194,1021,906
2121,195,1019,907
2121,196,1017,908
2121,197,1015,909
2121,198,1013,910
2121,199,1011,911
2121,200,1009,912
2121,201,1007,913
2121,202,1005,914
2121,203,1003,915
2121,204,1001,916
2121,205,999,917
2121,206,997,918
2121,207,995,919
2121,208,993,920
2121,209,991,921
2121,210,989,922
2121,211,987,923
2121,212,985,924
2121,213,983,925
2121,214,981,926
2121,215,979,927
2121,216,977,928
2121,217,975,929
2121,218,973,930
2121,219,971,931
2121,220,969,932
2121,221,967,933
2121,222,965,934
2121,223,963,935
2121,224,961,936
2121,225,959,937
2121,226,957,938
2121,227,955,939
2121,228,953,940
2121,229,951,941
2121,230,949,942
2121,231,947,943
2121,232,945,944
2121,233,943,945
2121,234,941,946
2121,235,939,947
2121,236,937,948
2121,237,935,949
2121,238,933,950
2121,239,931,951
2121,240,929,952
2121,241,927,953
2121,242,925,954
2121,243,923,955
2121,244,921,956
2121,245,919,957
2121,246,917,958
2121,247,915,959
2121,248,913,960
2121,249,911,961
2121,250,909,962
2121,251,907,963
2121,252,905,964
2121,253,903,965
2121,254,901,966
2121,255,899,967
2121,256,897,968
2121,257,895,969
2121,258,893,970
2121,259,891,971
2121,260,889,972
2121,261,887,973
2121,262,885,974
2121,263,883,975
2121,264,881,976
2121,265,879,977
2121,266,877,978
2121,267,875,979
2121,268,873,980
2121,269,871,981
2121,270,869,982
2121,271,867,983
2121,272,865,984
2121,273,863,985
2121,274,861,986
2121,275,859,987
2121,276,857,988
2121,277,855,989
2121,278,853,990
2121,279,851,991
2121,280,849,992
2121,281,847,993
2121,282,845,994
2121,283,843,995
2121,284,841,996
2121,285,839,997
2121,286,837,998
2121,287,835,999
2121,288,833,1000
2121,289,831,1001
2121,290,829,1002
2121,291,827,1003
2121,292,825,1004
2121,293,823,1005
2121,294,821,1006
2121,295,819,1007
2121,296,817,1008
2121,297,815,1009
2121,298,813,1010
2121,299,811,1011
2121,300,809,1012
2121,301,807,1013
2121,302,805,1014
2121,303,803,1015
2121,304,801,1016
2121,305,799,1017
2121,306,797,1018
2121,307,795,1019
2121,308,793,1020
2121,309,791,1021
2121,310,789,1022
2121,311,787,1023
2121,312,785,1024
2121,313,783,1025
2121,314,781,1026
2121,315,779,1027
2121,316,777,1028
2121,317,775,1029
2121,318,773,1030
2121,319,771,1031
2121,320,769,1032
2121,321,767,1033
2121,322,765,1034
2121,323,763,1035
2121,324,761,1036
2121,325,759,1037
2121,326,757,1038
2121,327,755,1039
2121,328,753,1040
2121,329,751,1041
2121,330,749,1042
2121,331,747,1043
2121,332,745,1044
2121,333,743,1045
2121,334,741,1046
2121,335,739,1047
2121,336,737,1048
2121,337,735,1049
2121,338,733,1050
2121,339,731,1051
2121,340,729,1052
2121,341,727,1053
2121,342,725,1054
2121,343,723,1055
2121,344,721,1056
2121,345,719,1057
2121,346,717,1058
2121,347,715,1059
2121,348,713,1060
2121,349,711,1061
2121,350,709,1062
2121,351,707,1063
2121,352,705,1064
2121,353,703,1065
2121,354,701,1066
2121,355,699,1067
2121,356,697,1068
2121,357,695,1069
2121,358,693,1070
2121,359,691,1071
2121,360,689,1072
2121,361,687,1073
2121,362,685,1074
2121,363,683,1075
2121,364,681,1076
2121,365,679,1077
2121,366,677,1078
2121,367,675,1079
2121,368,673,1080
2121,369,671,1081
2121,370,669,1082
2121,371,667,1083
2121,372,665,1084
2121,373,663,1085
2121,374,661,1086
2121,375,659,1087
2121,376,657,1088
2121,377,655,1089
2121,378,653,1090
2121,379,651,1091
2121,380,649,1092
2121,381,647,1093
2121,382,645,1094
2121,383,643,1095
2121,384,641,1096
2121,385,639,1097
2121,386,637,1098
2121,387,635,1099
2121,388,633,1100
2121,389,631,1101
2121,390,629,1102
2121,391,627,1103
2121,392,625,1104
2121,393,623,1105
2121,394,621,1106
2121,395,619,1107
2121,396,617,1108
2121,397,615,1109
2121,398,613,1110
2121,399,611,1111
2121,400,609,1112
2121,401,607,1113
2121,402,605,1114
2121,403,603,1115
2121,404,601,1116
2121,405,599,1117
2121,406,597,1118
2121,407,595,1119
2121,408,593,1120
2121,409,591,1121
2121,410,589,1122
2121,411,587,1123
2121,412,585,1124
2121,413,583,1125
2121,414,581,1126
2121,415,579,1127
2121,416,577,1128
2121,417,575,1129
2121,418,573,1130
2121,419,571,1131
2121,420,569,1132
2121,421,567,1133
2121,422,565,1134
2121,423,563,1135
2121,424,561,1136
2121,425,559,1137
2121,426,557,1138
2121,427,555,1139
2121,428,553,1140
2121,429,551,1141
2121,430,549,1142
2121,431,547,1143
2121,432,545,1144
2121,433,543,1145
2121,434,541,1146
2121,435,539,1147
2122,60,1305,757
2122,61,1303,758
2122,62,1301,759
2122,63,1299,760
2122,64,1297,761
2122,65,1295,762
2122,66,1293,763
2122,67,1291,764
2122,68,1289,765
2122,69,1287,766
2122,70,1285,767
2122,71,1283,768
2122,72,1281,769
2122,73,1279,770
2122,74,1277,771
2122,75,1275,772
2122,76,1273,773
2122,77,1271,774
2122,78,1269,775
2122,79,1267,776
2122,80,1265,777
2122,81,1263,778
2122,82,1261,779
2122,83,1259,780
2122,84,1257,781
2122,85,1255,782
2122,86,1253,783
2122,87,1251,784
2122,88,1249,785
2122,89,1247,786
2122,90,1245,787
2122,91,1243,788
2122,92,1241,789
2122,93,1239,790
2122,94,1237,791
2122,95,1235,792
2122,96,1233,793
2122,97,1231,794
2122,98,1229,795
2122,99,1227,796
2122,100,1225,797
2122,101,1223,798
2122,102,1221,799
2122,103,1219,800
2122,104,1217,801
2122,105,1215,802
2122,106,1213,803
2122,107,1211,804
2122,108,1209,805
2122,109,1207,806
2122,110,1205,807
2122,111,1203,808
2122,112,1201,809
2122,113,1199,810
2122,114,1197,811
2122,115,1195,812
2122,116,1193,813
2122,117,1191,814
2122,118,1189,815
2122,119,1187,816
2122,120,1185,817
2122,121,1183,818
2122,122,1181,819
2122,123,1179,820
2122,124,1177,821
2122,125,1175,822
2122,126,1173,823
2122,127,1171,824
2122,128,1169,825
2122,129,1167,826
2122,130,1165,827
2122,131,1163,828
2122,132,1161,829
2122,133,1159,830
2122,134,1157,831
2122,135,1155,832
2122,136,1153,833
2122,137,1151,834
2122,138,1149,835
2122,139,1147,836
2122,140,1145,837
2122,141,1143,838
2122,142,1141,839
2122,143,1139,840
2122,144,1137,841
2122,145,1135,842
2122,146,1133,843
2122,147,1131,844
2122,148,1129,845
2122,149,1127,846
2122,150,1125,847
2122,151,1123,848
2122,152,1121,849
2122,153,1119,850
2122,154,1117,851
2122,155,1115,852
2122,156,1113,853
2122,157,1111,854
2122,158,1109,855
2122,159,1107,856
2122,160,1105,857
2122,161,1103,858
2122,162,1101,859
2122,163,1099,860
2122,164,1097,861
2122,165,1095,862
2122,166,1093,863
2122,167,1091,864
2122,168,1089,865
2122,169,1087,866
2122,170,1085,867
2122,171,1083,868
2122,172,1081,869
2122,173,1079,870
2122,174,1077,871
2122,175,1075,872
2122,176,1073,873
2122,177,1071,874
2122,178,1069,875
2122,179,1067,876
2122,180,1065,877
2122,181,1063,878
2122,182,1061,879
2122,183,1059,880
2122,184,1057,881
2122,185,1055,882
2122,186,1053,883
2122,187,1051,884
2122,188,1049,885
2122,189,1047,886
2122,190,1045,887
2122,191,1043,888
2122,192,1041,889
2122,193,1039,890
2122,194,1037,891
2122,195,1035,892
2122,196,1033,893
2122,197,1031,894
2122,198,1029,895
2122,199,1027,896
2122,200,1025,897
2122,201,1023,898
2122,202,1021,899
2122,203,1019,900
2122,204,1017,901
2122,205,1015,902
2122,206,1013,903
2122,207,1011,904
2122,208,1009,905
2122,209,1007,906
2122,210,1005,907
2122,211,1003,908
2122,212,1001,909
2122,213,999,910
2122,214,997,911
2122,215,995,912
2122,216,993,913
2122,217,991,914
2122,218,989,915
2122,219,987,916
2122,220,985,917
2122,221,983,918
2122,222,981,919
2122,223,979,920
2122,224,977,921
2122,225,975,922
2122,226,973,923
2122,227,971,924
2122,228,969,925
2122,229,967,926
2122,230,965,927
2122,231,963,928
2122,232,961,929
2122,233,959,930
2122,234,957,931
2122,235,955,932
2122,236,953,933
2122,237,951,934
2122,238,949,935
2122,239,947,936
2122,240,945,937
2122,241,943,938
2122,242,941,939
2122,243,939,940
2122,244,937,941
2122,245,935,942
2122,246,933,943
2122,247,931,944
2122,248,929,945
2122,249,927,946
2122,250,925,947
2122,251,923,948
2122,252,921,949
2122,253,919,950
2122,254,917,951
2122,255,915,952
2122,256,913,953
2122,257,911,954
2122,258,909,955
2122,259,907,956
2122,260,905,957
2122,261,903,958
2122,262,901,959
2122,263,899,960
2122,264,897,961
2122,265,895,962
2122,266,893,963
2122,267,891,964
2122,268,889,965
2122,269,887,966
2122,270,885,967
2122,271,883,968
2122,272,881,969
2122,273,879,970
2122,274,877,971
2122,275,875,972
2122,276,873,973
2122,277,871,974
2122,278,869,975
2122,279,867,976
2122,280,865,977
2122,281,863,978
2122,282,861,979
2122,283,859,980
2122,284,857,981
2122,285,855,982
2122,286,853,983
2122,287,851,984
2122,288,849,985
2122,289,847,986
2122,290,845,987
2122,291,843,988
2122,292,841,989
2122,293,839,990
2122,294,837,991
2122,295,835,992
2122,296,833,993
2122,297,831,994
2122,298,829,995
2122,299,827,996
2122,300,825,997
2122,301,823,998
2122,302,821,999
2122,303,819,1000
2122,304,817,1001
2122,305,815,1002
2122,306,813,1003
2122,307,811,1004
2122,308,809,1005
2122,309,807,1006
2122,310,805,1007
2122,311,803,1008
2122,312,801,1009
2122,313,799,1010
2122,314,797,1011
2122,315,795,1012
2122,316,793,1013
2122,317,791,1014
2122,318,789,1015
2122,319,787,1016
2122,320,785,1017
2122,321,783,1018
2122,322,781,1019
2122,323,779,1020
2122,324,777,1021
2122,325,775,1022
2122,326,773,1023
2122,327,771,1024
2122,328,769,1025
2122,329,767,1026
2122,330,765,1027
2122,331,763,1028
2122,332,761,1029
2122,333,759,1030
2122,334,757,1031
2122,335,755,1032
2122,336,753,1033
2122,337,751,1034
2122,338,749,1035
2122,339,747,1036
2122,340,745,1037
2122,341,743,1038
2122,342,741,1039
2122,343,739,1040
2122,344,737,1041
2122,345,735,1042
2122,346,733,1043
2122,347,731,1044
2122,348,729,1045
2122,349,727,1046
2122,350,725,1047
2122,351,723,1048
2122,352,721,1049
2122,353,719,1050
2122,354,717,1051
2122,355,715,1052
2122,356,713,1053
2122,357,711,1054
2122,358,709,1055
2122,359,707,1056
2122,360,705,1057
2122,361,703,1058
2122,362,701,1059
2122,363,699,1060
2122,364,697,1061
2122,365,695,1062
2122,366,693,1063
2122,367,691,1064
2122,368,689,1065
2122,369,687,1066
2122,370,685,1067
2122,371,683,1068
2122,372,681,1069
2122,373,679,1070
2122,374,677,1071
2122,375,675,1072
2122,376,673,1073
2122,377,671,1074
2122,378,669,1075
2122,379,667,1076
2122,380,665,1077
2122,381,663,1078
2122,382,661,1079
2122,383,659,1080
2122,384,657,1081
2122,385,655,1082
2122,386,653,1083
2122,387,651,1084
2122,388,649,1085
2122,389,647,1086
2122,390,645,1087
2122,391,643,1088
2122,392,641,1089
2122,393,639,1090
2122,394,637,1091
2122,395,635,1092
2122,396,633,1093
2122,397,631,1094
2122,398,629,1095
2122,399,627,1096
2122,400,625,1097
2122,401,623,1098
2122,402,621,1099
2122,403,619,1100
2122,404,617,1101
2122,405,615,1102
2122,406,613,1103
2122,407,611,1104
2122,408,609,1105
2122,409,607,1106
2122,410,605,1107
2122,411,603,1108
2122,412,601,1109
2122,413,599,1110
2122,414,597,1111
2122,415,595,1112
2122,416,593,1113
2122,417,591,1114
2122,418,589,1115
2122,419,587,1116
2122,420,585,1117
2122,421,583,1118
2122,422,581,1119
2122,423,579,1120
2122,424,577,1121
2122,425,575,1122
2122,426,573,1123
2122,427,571,1124
2122,428,569,1125
2122,429,567,1126
2122,430,565,1127
2122,431,563,1128
2122,432,561,1129
2122,433,559,1130
2122,434,557,1131
2122,435,555,1132
2123,68,1305,750
2123,69,1303,751
2123,70,1301,752
2123,71,1299,753
2123,72,1297,754
2123,73,1295,755
2123,74,1293,756
2123,75,1291,757
2123,76,1289,758
2123,77,1287,759
2123,78,1285,760
2123,79,1283,761
2123,80,1281,762
2123,81,1279,763
2123,82,1277,764
2123,83,1275,765
2123,84,1273,766
2123,85,1271,767
2123,86,1269,768
2123,87,1267,769
2123,88,1265,770
2123,89,1263,771
2123,90,1261,772
2123,91,1259,773
2123,92,1257,774
2123,93,1255,775
2123,94,1253,776
2123,95,1251,777
2123,96,1249,778
2123,97,1247,779
2123,98,1245,780
2123,99,1243,781
2123,100,1241,782
2123,101,1239,783
2123,102,1237,784
2123,103,1235,785
2123,104,1233,786
2123,105,1231,787
2123,106,1229,788
2123,107,1227,789
2123,108,1225,790
2123,109,1223,791
2123,110,1221,792
2123,111,1219,793
2123,112,1217,794
2123,113,1215,795
2123,114,1213,796
2123,115,1211,797
2123,116,1209,798
2123,117,1207,799
2123,118,1205,800
2123,119,1203,801
2123,120,1201,802
2123,121,1199,803
2123,122,1197,804
2123,123,1195,805
2123,124,1193,806
2123,125,1191,807
2123,126,1189,808
2123,127,1187,809
2123,128,1185,810
2123,129,1183,811
2123,130,1181,812
2123,131,1179,813
2123,132,1177,814
2123,133,1175,815
2123,134,1173,816
2123,135,1171,817
2123,136,1169,818
2123,137,1167,819
2123,138,1165,820
2123,139,1163,821
2123,140,1161,822
2123,141,1159,823
2123,142,1157,824
2123,143,1155,825
2123,144,1153,826
2123,145,1151,827
2123,146,1149,828
2123,147,1147,829
2123,148,1145,830
2123,149,1143,831
2123,150,1141,832
2123,151,1139,833
2123,152,1137,834
2123,153,1135,835
2123,154,1133,836
2123,155,1131,837
2123,156,1129,838
2123,157,1127,839
2123,158,1125,840
2123,159,1123,841
2123,160,1121,842
2123,161,1119,843
2123,162,1117,844
2123,163,1115,845
2123,164,1113,846
2123,165,1111,847
2123,166,1109,848
2123,167,1107,849
2123,168,1105,850
2123,169,1103,851
2123,170,1101,852
2123,171,1099,853
2123,172,1097,854
2123,173,1095,855
2123,174,1093,856
2123,175,1091,857
2123,176,1089,858
2123,177,1087,859
2123,178,1085,860
2123,179,1083,861
2123,180,1081,862
2123,181,1079,863
2123,182,1077,864
2123,183,1075,865
2123,184,1073,866
2123,185,1071,867
2123,186,1069,868
2123,187,1067,869
2123,188,1065,870
2123,189,1063,871
2123,190,1061,872
2123,191,1059,873
2123,192,1057,874
2123,193,1055,875
2123,194,1053,876
2123,195,1051,877
2123,196,1049,878
2123,197,1047,879
2123,198,1045,880
2123,199,1043,881
2123,200,1041,882
2123,201,1039,883
2123,202,1037,884
2123,203,1035,885
2123,204,1033,886
2123,205,1031,887
2123,206,1029,888
2123,207,1027,889
2123,208,1025,890
2123,209,1023,891
2123,210,1021,892
2123,211,1019,893
2123,212,1017,894
2123,213,1015,895
2123,214,1013,896
2123,215,1011,897
2123,216,1009,898
2123,217,1007,899
2123,218,1005,900
2123,219,1003,901
2123,220,1001,902
2123,221,999,903
2123,222,997,904
2123,223,995,905
2123,224,993,906
2123,225,991,907
2123,226,989,908
2123,227,987,909
2123,228,985,910
2123,229,983,911
2123,230,981,912
2123,231,979,913
2123,232,977,914
2123,233,975,915
2123,234,973,916
2123,235,971,917
2123,236,969,918
2123,237,967,919
2123,238,965,920
2123,239,963,921
2123,240,961,922
2123,241,959,923
2123,242,957,924
2123,243,955,925
2123,244,953,926
2123,245,951,927
2123,246,949,928
2123,247,947,929
2123,248,945,930
2123,249,943,931
2123,250,941,932
2123,251,939,933
2123,252,937,934
2123,253,935,935
2123,254,933,936
2123,255,931,937
2123,256,929,938
2123,257,927,939
2123,258,925,940
2123,259,923,941
2123,260,921,942
2123,261,919,943
2123,262,917,944
2123,263,915,945
2123,264,913,946
2123,265,911,947
2123,266,909,948
2123,267,907,949
2123,268,905,950
2123,269,903,951
2123,270,901,952
2123,271,899,953
2123,272,897,954
2123,273,895,955
2123,274,893,956
2123,275,891,957
2123,276,889,958
2123,277,887,959
2123,278,885,960
2123,279,883,961
2123,280,881,962
2123,281,879,963
2123,282,877,964
2123,283,875,965
2123,284,873,966
2123,285,871,967
2123,286,869,968
2123,287,867,969
2123,288,865,970
2123,289,863,971
2123,290,861,972
2123,291,859,973
2123,292,857,974
2123,293,855,975
2123,294,853,976
2123,295,851,977
2123,296,849,978
2123,297,847,979
2123,298,845,980
2123,299,843,981
2123,300,841,982
2123,301,839,983
2123,302,837,984
2123,303,835,985
2123,304,833,986
2123,305,831,987
2123,306,829,988
2123,307,827,989
2123,308,825,990
2123,309,823,991
2123,310,821,992
2123,311,819,993
2123,312,817,994
2123,313,815,995
2123,314,813,996
2123,315,811,997
2123,316,809,998
2123,317,807,999
2123,318,805,1000
2123,319,803,1001
2123,320,801,1002
2123,321,799,1003
2123,322,797,1004
2123,323,795,1005
2123,324,793,1006
2123,325,791,1007
2123,326,789,1008
2123,327,787,1009
2123,328,785,1010
2123,329,783,1011
2123,330,781,1012
2123,331,779,1013
2123,332,777,1014
2123,333,775,1015
2123,334,773,1016
2123,335,771,1017
2123,336,769,1018
2123,337,767,1019
2123,338,765,1020
2123,339,763,1021
2123,340,761,1022
2123,341,759,1023
2123,342,757,1024
2123,343,755,1025
2123,344,753,1026
2123,345,751,1027
2123,346,749,1028
2123,347,747,1029
2123,348,745,1030
2123,349,743,1031
2123,350,741,1032
2123,351,739,1033
2123,352,737,1034
2123,353,735,1035
2123,354,733,1036
2123,355,731,1037
2123,356,729,1038
2123,357,727,1039
2123,358,725,1040
2123,359,723,1041
2123,360,721,1042
2123,361,719,1043
2123,362,717,1044
2123,363,715,1045
2123,364,713,1046
2123,365,711,1047
2123,366,709,1048
2123,367,707,1049
2123,368,705,1050
2123,369,703,1051
2123,370,701,1052
2123,371,699,1053
2123,372,697,1054
2123,373,695,1055
2123,374,693,1056
2123,375,691,1057
2123,376,689,1058
2123,377,687,1059
2123,378,685,1060
2123,379,683,1061
2123,380,681,1062
2123,381,679,1063
2123,382,677,1064
2123,383,675,1065
2123,384,673,1066
2123,385,671,1067
2123,386,669,1068
2123,387,667,1069
2123,388,665,1070
2123,389,663,1071
2123,390,661,1072
2123,391,659,1073
2123,392,657,1074
2123,393,655,1075
2123,394,653,1076
2123,395,651,1077
2123,396,649,1078
2123,397,647,1079
2123,398,645,1080
2123,399,643,1081
2123,400,641,1082
2123,401,639,1083
2123,402,637,1084
2123,403,635,1085
2123,404,633,1086
2123,405,631,1087
2123,406,629,1088
2123,407,627,1089
2123,408,625,1090
2123,409,623,1091
2123,410,621,1092
2123,411,619,1093
2123,412,617,1094
2123,413,615,1095
2123,414,613,1096
2123,415,611,1097
2123,416,609,1098
2123,417,607,1099
2123,418,605,1100
2123,419,603,1101
2123,420,601,1102
2123,421,599,1103
2123,422,597,1104
2123,423,595,1105
2123,424,593,1106
2123,425,591,1107
2123,426,589,1108
2123,427,587,1109
2123,428,585,1110
2123,429,583,1111
2123,430,581,1112
2123,431,579,1113
2123,432,577,1114
2123,433,575,1115
2123,434,573,1116
2123,435,571,1117
2124,76,1305,743
2124,77,1303,744
2124,78,1301,745
2124,79,1299,746
2124,80,1297,747
2124,81,1295,748
2124,82,1293,749
2124,83,1291,750
2124,84,1289,751
2124,85,1287,752
2124,86,1285,753
2124,87,1283,754
2124,88,1281,755
2124,89,1279,756
2124,90,1277,757
2124,91,1275,758
2124,92,1273,759
2124,93,1271,760
2124,94,1269,761
2124,95,1267,762
2124,96,1265,763
2124,97,1263,764
2124,98,1261,765
2124,99,1259,766
2124,100,1257,767
2124,101,1255,768
2124,102,1253,769
2124,103,1251,770
2124,104,1249,771
2124,105,1247,772
2124,106,1245,773
2124,107,1243,774
2124,108,1241,775
2124,109,1239,776
2124,110,1237,777
2124,111,1235,778
2124,112,1233,779
2124,113,1231,780
2124,114,1229,781
2124,115,1227,782
2124,116,1225,783
2124,117,1223,784
2124,118,1221,785
2124,119,1219,786
2124,120,1217,787
2124,121,1215,788
2124,122,1213,789
2124,123,1211,790
2124,124,1209,791
2124,125,1207,792
2124,126,1205,793
2124,127,1203,794
2124,128,1201,795
2124,129,1199,796
2124,130,1197,797
2124,131,1195,798
2124,132,1193,799
2124,133,1191,800
2124,134,1189,801
2124,135,1187,802
2124,136,1185,803
2124,137,1183,804
2124,138,1181,805
2124,139,1179,806
2124,140,1177,807
2124,141,1175,808
2124,142,1173,809
2124,143,1171,810
2124,144,1169,811
2124,145,1167,812
2124,146,1165,813
2124,147,1163,814
2124,148,1161,815
2124,149,1159,816
2124,150,1157,817
2124,151,1155,818
2124,152,1153,819
2124,153,1151,820
2124,154,1149,821
2124,155,1147,822
2124,156,1145,823
2124,157,1143,824
2124,158,1141,825
2124,159,1139,826
2124,160,1137,827
2124,161,1135,828
2124,162,1133,829
2124,163,1131,830
2124,164,1129,831
2124,165,1127,832
2124,166,1125,833
2124,167,1123,834
2124,168,1121,835
2124,169,1119,836
2124,170,1117,837
2124,171,1115,838
2124,172,1113,839
2124,173,1111,840
2124,174,1109,841
2124,175,1107,842
2124,176,1105,843
2124,177,1103,844
2124,178,1101,845
2124,179,1099,846
2124,180,1097,847
2124,181,1095,848
2124,182,1093,849
2124,183,1091,850
2124,184,1089,851
2124,185,1087,852
2124,186,1085,853
2124,187,1083,854
2124,188,1081,855
2124,189,1079,856
2124,190,1077,857
2124,191,1075,858
2124,192,1073,859
2124,193,1071,860
2124,194,1069,861
2124,195,1067,862
2124,196,1065,863
2124,197,1063,864
2124,198,1061,865
2124,199,1059,866
2124,200,1057,867
2124,201,1055,868
2124,202,1053,869
2124,203,1051,870
2124,204,1049,871
2124,205,1047,872
2124,206,1045,873
2124,207,1043,874
2124,208,1041,875
2124,209,1039,876
2124,210,1037,877
2124,211,1035,878
2124,212,1033,879
2124,213,1031,880
2124,214,1029,881
2124,215,1027,882
2124,216,1025,883
2124,217,1023,884
2124,218,1021,885
2124,219,1019,886
2124,220,1017,887
2124,221,1015,888
2124,222,1013,889
2124,223,1011,890
2124,224,1009,891
2124,225,1007,892
2124,226,1005,893
2124,227,1003,894
2124,228,1001,895
2124,229,999,896
2124,230,997,897
2124,231,995,898
2124,232,993,899
2124,233,991,900
2124,234,989,901
2124,235,987,902
2124,236,985,903
2124,237,983,904
2124,238,981,905
2124,239,979,906
2124,240,977,907
2124,241,975,908
2124,242,973,909
2124,243,971,910
2124,244,969,911
2124,245,967,912
2124,246,965,913
2124,247,963,914
2124,248,961,915
2124,249,959,916
2124,250,957,917
2124,251,955,918
2124,252,953,919
2124,253,951,920
2124,254,949,921
2124,255,947,922
2124,256,945,923
2124,257,943,924
2124,258,941,925
2124,259,939,926
2124,260,937,927
2124,261,935,928
2124,262,933,929
2124,263,931,930
2124,264,929,931
2124,265,927,932
2124,266,925,933
2124,267,923,934
2124,268,921,935
2124,269,919,936
2124,270,917,937
2124,271,915,938
2124,272,913,939
2124,273,911,940
2124,274,909,941
2124,275,907,942
2124,276,905,943
2124,277,903,944
2124,278,901,945
2124,279,899,946
2124,280,897,947
2124,281,895,948
2124,282,893,949
2124,283,891,950
2124,284,889,951
2124,285,887,952
2124,286,885,953
2124,287,883,954
2124,288,881,955
2124,289,879,956
2124,290,877,957
2124,291,875,958
2124,292,873,959
2124,293,871,960
2124,294,869,961
2124,295,867,962
2124,296,865,963
2124,297,863,964
2124,298,861,965
2124,299,859,966
2124,300,857,967
2124,301,855,968
2124,302,853,969
2124,303,851,970
2124,304,849,971
2124,305,847,972
2124,306,845,973
2124,307,843,974
2124,308,841,975
2124,309,839,976
2124,310,837,977
2124,311,835,978
2124,312,833,979
2124,313,831,980
2124,314,829,981
2124,315,827,982
2124,316,825,983
2124,317,823,984
2124,318,821,985
2124,319,819,986
2124,320,817,987
2124,321,815,988
2124,322,813,989
2124,323,811,990
2124,324,809,991
2124,325,807,992
2124,326,805,993
2124,327,803,994
2124,328,801,995
2124,329,799,996
2124,330,797,997
2124,331,795,998
2124,332,793,999
2124,333,791,1000
2124,334,789,1001
2124,335,787,1002
2124,336,785,1003
2124,337,783,1004
2124,338,781,1005
2124,339,779,1006
2124,340,777,1007
2124,341,775,1008
2124,342,773,1009
2124,343,771,1010
2124,344,769,1011
2124,345,767,1012
2124,346,765,1013
2124,347,763,1014
2124,348,761,1015
2124,349,759,1016
2124,350,757,1017
2124,351,755,1018
2124,352,753,1019
2124,353,751,1020
2124,354,749,1021
2124,355,747,1022
2124,356,745,1023
2124,357,743,1024
2124,358,741,1025
2124,359,739,1026
2124,360,737,1027
2124,361,735,1028
2124,362,733,1029
2124,363,731,1030
2124,364,729,1031
2124,365,727,1032
2124,366,725,1033
2124,367,723,1034
2124,368,721,1035
2124,369,719,1036
2124,370,717,1037
2124,371,715,1038
2124,372,713,1039
2124,373,711,1040
2124,374,709,1041
2124,375,707,1042
2124,376,705,1043
2124,377,703,1044
2124,378,701,1045
2124,379,699,1046
2124,380,697,1047
2124,381,695,1048
2124,382,693,1049
2124,383,691,1050
2124,384,689,1051
2124,385,687,1052
2124,386,685,1053
2124,387,683,1054
2124,388,681,1055
2124,389,679,1056
2124,390,677,1057
2124,391,675,1058
2124,392,673,1059
2124,393,671,1060
2124,394,669,1061
2124,395,667,1062
2124,396,665,1063
2124,397,663,1064
2124,398,661,1065
2124,399,659,1066
2124,400,657,1067
2124,401,655,1068
2124,402,653,1069
2124,403,651,1070
2124,404,649,1071
2124,405,647,1072
2124,406,645,1073
2124,407,643,1074
2124,408,641,1075
2124,409,639,1076
2124,410,637,1077
2124,411,635,1078
2124,412,633,1079
2124,413,631,1080
2124,414,629,1081
2124,415,627,1082
2124,416,625,1083
2124,417,623,1084
2124,418,621,1085
2124,419,619,1086
2124,420,617,1087
2124,421,615,1088
2124,422,613,1089
2124,423,611,1090
2124,424,609,1091
2124,425,607,1092
2124,426,605,1093
2124,427,603,1094
2124,428,601,1095
2124,429,599,1096
2124,430,597,1097
2124,431,595,1098
2124,432,593,1099
2124,433,591,1100
2124,434,589,1101
2124,435,587,1102
2125,84,1305,736
2125,85,1303,737
2125,86,1301,738
2125,87,1299,739
2125,88,1297,740
2125,89,1295,741
2125,90,1293,742
2125,91,1291,743
2125,92,1289,744
2125,93,1287,745
2125,94,1285,746
2125,95,1283,747
2125,96,1281,748
2125,97,1279,749
2125,98,1277,750
2125,99,1275,751
2125,100,1273,752
2125,101,1271,753
2125,102,1269,754
2125,103,1267,755
2125,104,1265,756
2125,105,1263,757
2125,106,1261,758
2125,107,1259,759
2125,108,1257,760
2125,109,1255,761
2125,110,1253,762
2125,111,1251,763
2125,112,1249,764
2125,113,1247,765
2125,114,1245,766
2125,115,1243,767
2125,116,1241,768
2125,117,1239,769
2125,118,1237,770
2125,119,1235,771
2125,120,1233,772
2125,121,1231,773
2125,122,1229,774
2125,123,1227,775
2125,124,1225,776
2125,125,1223,777
2125,126,1221,778
2125,127,1219,779
2125,128,1217,780
2125,129,1215,781
2125,130,1213,782
2125,131,1211,783
2125,132,1209,784
2125,133,1207,785
2125,134,1205,786
2125,135,1203,787
2125,136,1201,788
2125,137,1199,789
2125,138,1197,790
2125,139,1195,791
2125,140,1193,792
2125,141,1191,793
2125,142,1189,794
2125,143,1187,795
2125,144,1185,796
2125,145,1183,797
2125,146,1181,798
2125,147,1179,799
2125,148,1177,800
2125,149,1175,801
2125,150,1173,802
2125,151,1171,803
2125,152,1169,804
2125,153,1167,805
2125,154,1165,806
2125,155,1163,807
2125,156,1161,808
2125,157,1159,809
2125,158,1157,810
2125,159,1155,811
2125,160,1153,812
2125,161,1151,813
2125,162,1149,814
2125,163,1147,815
2125,164,1145,816
2125,165,1143,817
2125,166,1141,818
2125,167,1139,819
2125,168,1137,820
2125,169,1135,821
2125,170,1133,822
2125,171,1131,823
2125,172,1129,824
2125,173,1127,825
2125,174,1125,826
2125,175,1123,827
2125,176,1121,828
2125,177,1119,829
2125,178,1117,830
2125,179,1115,831
2125,180,1113,832
2125,181,1111,833
2125,182,1109,834
2125,183,1107,835
2125,184,1105,836
2125,185,1103,837
2125,186,1101,838
2125,187,1099,839
2125,188,1097,840
2125,189,1095,841
2125,190,1093,842
2125,191,1091,843
2125,192,1089,844
2125,193,1087,845
2125,194,1085,846
2125,195,1083,847
2125,196,1081,848
2125,197,1079,849
2125,198,1077,850
2125,199,1075,851
2125,200,1073,852
2125,201,1071,853
2125,202,1069,854
2125,203,1067,855
2125,204,1065,856
2125,205,1063,857
2125,206,1061,858
2125,207,1059,859
2125,208,1057,860
2125,209,1055,861
2125,210,1053,862
2125,211,1051,863
2125,212,1049,864
2125,213,1047,865
2125,214,1045,866
2125,215,1043,867
2125,216,1041,868
2125,217,1039,869
2125,218,1037,870
2125,219,1035,871
2125,220,1033,872
2125,221,1031,873
2125,222,1029,874
2125,223,1027,875
2125,224,1025,876
2125,225,1023,877
2125,226,1021,878
2125,227,1019,879
2125,228,1017,880
2125,229,1015,881
2125,230,1013,882
2125,231,1011,883
2125,232,1009,884
2125,233,1007,885
2125,234,1005,886
2125,235,1003,887
2125,236,1001,888
2125,237,999,889
2125,238,997,890
2125,239,995,891
2125,240,993,892
2125,241,991,893
2125,242,989,894
2125,243,987,895
2125,244,985,896
2125,245,983,897
2125,246,981,898
2125,247,979,899
2125,248,977,900
2125,249,975,901
2125,250,973,902
2125,251,971,903
2125,252,969,904
2125,253,967,905
2125,254,965,906
2125,255,963,907
2125,256,961,908
2125,257,959,909
2125,258,957,910
2125,259,955,911
2125,260,953,912
2125,261,951,913
2125,262,949,914
2125,263,947,915
2125,264,945,916
2125,265,943,917
2125,266,941,918
2125,267,939,919
2125,268,937,920
2125,269,935,921
2125,270,933,922
2125,271,931,923
2125,272,929,924
2125,273,927,925
2125,274,925,926
2125,275,923,927
2125,276,921,928
2125,277,919,929
2125,278,917,930
2125,279,915,931
2125,280,913,932
2125,281,911,933
2125,282,909,934
2125,283,907,935
2125,284,905,936
2125,285,903,937
2125,286,901,938
2125,287,899,939
2125,288,897,940
2125,289,895,941
2125,290,893,942
2125,291,891,943
2125,292,889,944
2125,293,887,945
2125,294,885,946
2125,295,883,947
2125,296,881,948
2125,297,879,949
2125,298,877,950
2125,299,875,951
2125,300,873,952
2125,301,871,953
2125,302,869,954
2125,303,867,955
2125,304,865,956
2125,305,863,957
2125,306,861,958
2125,307,859,959
2125,308,857,960
2125,309,855,961
2125,310,853,962
2125,311,851,963
2125,312,849,964
2125,313,847,965
2125,314,845,966
2125,315,843,967
2125,316,841,968
2125,317,839,969
2125,318,837,970
2125,319,835,971
2125,320,833,972
2125,321,831,973
2125,322,829,974
2125,323,827,975
2125,324,825,976
2125,325,823,977
2125,326,821,978
2125,327,819,979
2125,328,817,980
2125,329,815,981
2125,330,813,982
2125,331,811,983
2125,332,809,984
2125,333,807,985
2125,334,805,986
2125,335,803,987
2125,336,801,988
2125,337,799,989
2125,338,797,990
2125,339,795,991
2125,340,793,992
2125,341,791,993
2125,342,789,994
2125,343,787,995
2125,344,785,996
2125,345,783,997
2125,346,781,998
2125,347,779,999
2125,348,777,1000
2125,349,775,1001
2125,350,773,1002
2125,351,771,1003
2125,352,769,1004
2125,353,767,1005
2125,354,765,1006
2125,355,763,1007
2125,356,761,1008
2125,357,759,1009
2125,358,757,1010
2125,359,755,1011
2125,360,753,1012
2125,361,751,1013
2125,362,749,1014
2125,363,747,1015
2125,364,745,1016
2125,365,743,1017
2125,366,741,1018
2125,367,739,1019
2125,368,737,1020
2125,369,735,1021
2125,370,733,1022
2125,371,731,1023
2125,372,729,1024
2125,373,727,1025
2125,374,725,1026
2125,375,723,1027
2125,376,721,1028
2125,377,719,1029
2125,378,717,1030
2125,379,715,1031
2125,380,713,1032
2125,381,711,1033
2125,382,709,1034
2125,383,707,1035
2125,384,705,1036
2125,385,703,1037
2125,386,701,1038
2125,387,699,1039
2125,388,697,1040
2125,389,695,1041
2125,390,693,1042
2125,391,691,1043
2125,392,689,1044
2125,393,687,1045
2125,394,685,1046
2125,395,683,1047
2125,396,681,1048
2125,397,679,1049
2125,398,677,1050
2125,399,675,1051
2125,400,673,1052
2125,401,671,1053
2125,402,669,1054
2125,403,667,1055
2125,404,665,1056
2125,405,663,1057
2125,406,661,1058
2125,407,659,1059
2125,408,657,1060
2125,409,655,1061
2125,410,653,1062
2125,411,651,1063
2125,412,649,1064
2125,413,647,1065
2125,414,645,1066
2125,415,643,1067
2125,416,641,1068
2125,417,639,1069
2125,418,637,1070
2125,419,635,1071
2125,420,633,1072
2125,421,631,1073
2125,422,629,1074
2125,423,627,1075
2125,424,625,1076
2125,425,623,1077
2125,426,621,1078
2125,427,619,1079
2125,428,617,1080
2125,429,615,1081
2125,430,613,1082
2125,431,611,1083
2125,432,609,1084
2125,433,607,1085
2125,434,605,1086
2125,435,603,1087
2126,92,1305,729
2126,93,1303,730
2126,94,1301,731
2126,95,1299,732
2126,96,1297,733
2126,97,1295,734
2126,98,1293,735
2126,99,1291,736
2126,100,1289,737
2126,101,1287,738
2126,102,1285,739
2126,103,1283,740
2126,104,1281,741
2126,105,1279,742
2126,106,1277,743
2126,107,1275,744
2126,108,1273,745
2126,109,1271,746
2126,110,1269,747
2126,111,1267,748
2126,112,1265,749
2126,113,1263,750
2126,114,1261,751
2126,115,1259,752
2126,116,1257,753
2126,117,1255,754
2126,118,1253,755
2126,119,1251,756
2126,120,1249,757
2126,121,1247,758
2126,122,1245,759
2126,123,1243,760
2126,124,1241,761
2126,125,1239,762
2126,126,1237,763
2126,127,1235,764
2126,128,1233,765
2126,129,1231,766
2126,130,1229,767
2126,131,1227,768
2126,132,1225,769
2126,133,1223,770
2126,134,1221,771
2126,135,1219,772
2126,136,1217,773
2126,137,1215,774
2126,138,1213,775
2126,139,1211,776
2126,140,1209,777
2126,141,1207,778
2126,142,1205,779
2126,143,1203,780
2126,144,1201,781
2126,145,1199,782
2126,146,1197,783
2126,147,1195,784
2126,148,1193,785
2126,149,1191,786
2126,150,1189,787
2126,151,1187,788
2126,152,1185,789
2126,153,1183,790
2126,154,1181,791
2126,155,1179,792
2126,156,1177,793
2126,157,1175,794
2126,158,1173,795
2126,159,1171,796
2126,160,1169,797
2126,161,1167,798
2126,162,1165,799
2126,163,1163,800
2126,164,1161,801
2126,165,1159,802
2126,166,1157,803
2126,167,1155,804
2126,168,1153,805
2126,169,1151,806
2126,170,1149,807
2126,171,1147,808
2126,172,1145,809
2126,173,1143,810
2126,174,1141,811
2126,175,1139,812
2126,176,1137,813
2126,177,1135,814
2126,178,1133,815
2126,179,1131,816
2126,180,1129,817
2126,181,1127,818
2126,182,1125,819
2126,183,1123,820
2126,184,1121,821
2126,185,1119,822
2126,186,1117,823
2126,187,1115,824
2126,188,1113,825
2126,189,1111,826
2126,190,1109,827
2126,191,1107,828
2126,192,1105,829
2126,193,1103,830
2126,194,1101,831
2126,195,1099,832
2126,196,1097,833
2126,197,1095,834
2126,198,1093,835
2126,199,1091,836
2126,200,1089,837
2126,201,1087,838
2126,202,1085,839
2126,203,1083,840
2126,204,1081,841
2126,205,1079,842
2126,206,1077,843
2126,207,1075,844
2126,208,1073,845
2126,209,1071,846
2126,210,1069,847
2126,211,1067,848
2126,212,1065,849
2126,213,1063,850
2126,214,1061,851
2126,215,1059,852
2126,216,1057,853
2126,217,1055,854
2126,218,1053,855
2126,219,1051,856
2126,220,1049,857
2126,221,1047,858
2126,222,1045,859
2126,223,1043,860
2126,224,1041,861
2126,225,1039,862
2126,226,1037,863
2126,227,1035,864
2126,228,1033,865
2126,229,1031,866
2126,230,1029,867
2126,231,1027,868
2126,232,1025,869
2126,233,1023,870
2126,234,1021,871
2126,235,1019,872
2126,236,1017,873
2126,237,1015,874
2126,238,1013,875
2126,239,1011,876
2126,240,1009,877
2126,241,1007,878
2126,242,1005,879
2126,243,1003,880
2126,244,1001,881
2126,245,999,882
2126,246,997,883
2126,247,995,884
2126,248,993,885
2126,249,991,886
2126,250,989,887
2126,251,987,888
2126,252,985,889
2126,253,983,890
2126,254,981,891
2126,255,979,892
2126,256,977,893
2126,257,975,894
2126,258,973,895
2126,259,971,896
2126,260,969,897
2126,261,967,898
2126,262,965,899
2126,263,963,900
2126,264,961,901
2126,265,959,902
2126,266,957,903
2126,267,955,904
2126,268,953,905
2126,269,951,906
2126,270,949,907
2126,271,947,908
2126,272,945,909
2126,273,943,910
2126,274,941,911
2126,275,939,912
2126,276,937,913
2126,277,935,914
2126,278,933,915
2126,279,931,916
2126,280,929,917
2126,281,927,918
2126,282,925,919
2126,283,923,920
2126,284,921,921
2126,285,919,922
2126,286,917,923
2126,287,915,924
2126,288,913,925
2126,289,911,926
2126,290,909,927
2126,291,907,928
2126,292,905,929
2126,293,903,930
2126,294,901,931
2126,295,899,932
2126,296,897,933
2126,297,895,934
2126,298,893,935
2126,299,891,936
2126,300,889,937
2126,301,887,938
2126,302,885,939
2126,303,883,940
2126,304,881,941
2126,305,879,942
2126,306,877,943
2126,307,875,944
2126,308,873,945
2126,309,871,946
2126,310,869,947
2126,311,867,948
2126,312,865,949
2126,313,863,950
2126,314,861,951
2126,315,859,952
2126,316,857,953
2126,317,855,954
2126,318,853,955
2126,319,851,956
2126,320,849,957
2126,321,847,958
2126,322,845,959
2126,323,843,960
2126,324,841,961
2126,325,839,962
2126,326,837,963
2126,327,835,964
2126,328,833,965
2126,329,831,966
2126,330,829,967
2126,331,827,968
2126,332,825,969
2126,333,823,970
2126,334,821,971
2126,335,819,972
2126,336,817,973
2126,337,815,974
2126,338,813,975
2126,339,811,976
2126,340,809,977
2126,341,807,978
2126,342,805,979
2126,343,803,980
2126,344,801,981
2126,345,799,982
2126,346,797,983
2126,347,795,984
2126,348,793,985
2126,349,791,986
2126,350,789,987
2126,351,787,988
2126,352,785,989
2126,353,783,990
2126,354,781,991
2126,355,779,992
2126,356,777,993
2126,357,775,994
2126,358,773,995
2126,359,771,996
2126,360,769,997
2126,361,767,998
2126,362,765,999
2126,363,763,1000
2126,364,761,1001
2126,365,759,1002
2126,366,757,1003
2126,367,755,1004
2126,368,753,1005
2126,369,751,1006
2126,370,749,1007
2126,371,747,1008
2126,372,745,1009
2126,373,743,1010
2126,374,741,1011
2126,375,739,1012
2126,376,737,1013
2126,377,735,1014
2126,378,733,1015
2126,379,731,1016
2126,380,729,1017
2126,381,727,1018
2126,382,725,1019
2126,383,723,1020
2126,384,721,1021
2126,385,719,1022
2126,386,717,1023
2126,387,715,1024
2126,388,713,1025
2126,389,711,1026
2126,390,709,1027
2126,391,707,1028
2126,392,705,1029
2126,393,703,1030
2126,394,701,1031
2126,395,699,1032
2126,396,697,1033
2126,397,695,1034
2126,398,693,1035
2126,399,691,1036
2126,400,689,1037
2126,401,687,1038
2126,402,685,1039
2126,403,683,1040
2126,404,681,1041
2126,405,679,1042
2126,406,677,1043
2126,407,675,1044
2126,408,673,1045
2126,409,671,1046
2126,410,669,1047
2126,411,667,1048
2126,412,665,1049
2126,413,663,1050
2126,414,661,1051
2126,415,659,1052
2126,416,657,1053
2126,417,655,1054
2126,418,653,1055
2126,419,651,1056
2126,420,649,1057
2126,421,647,1058
2126,422,645,1059
2126,423,643,1060
2126,424,641,1061
2126,425,639,1062
2126,426,637,1063
2126,427,635,1064
2126,428,633,1065
2126,429,631,1066
2126,430,629,1067
2126,431,627,1068
2126,432,625,1069
2126,433,623,1070
2126,434,621,1071
2126,435,619,1072
2127,100,1305,722
2127,101,1303,723
2127,102,1301,724
2127,103,1299,725
2127,104,1297,726
2127,105,1295,727
2127,106,1293,728
2127,107,1291,729
2127,108,1289,730
2127,109,1287,731
2127,110,1285,732
2127,111,1283,733
2127,112,1281,734
2127,113,1279,735
2127,114,1277,736
2127,115,1275,737
2127,116,1273,738
2127,117,1271,739
2127,118,1269,740
2127,119,1267,741
2127,120,1265,742
2127,121,1263,743
2127,122,1261,744
2127,123,1259,745
2127,124,1257,746
2127,125,1255,747
2127,126,1253,748
2127,127,1251,749
2127,128,1249,750
2127,129,1247,751
2127,130,1245,752
2127,131,1243,753
2127,132,1241,754
2127,133,1239,755
2127,134,1237,756
2127,135,1235,757
2127,136,1233,758
2127,137,1231,759
2127,138,1229,760
2127,139,1227,761
2127,140,1225,762
2127,141,1223,763
2127,142,1221,764
2127,143,1219,765
2127,144,1217,766
2127,145,1215,767
2127,146,1213,768
2127,147,1211,769
2127,148,1209,770
2127,149,1207,771
2127,150,1205,772
2127,151,1203,773
2127,152,1201,774
2127,153,1199,775
2127,154,1197,776
2127,155,1195,777
2127,156,1193,778
2127,157,1191,779
2127,158,1189,780
2127,159,1187,781
2127,160,1185,782
2127,161,1183,783
2127,162,1181,784
2127,163,1179,785
2127,164,1177,786
2127,165,1175,787
2127,166,1173,788
2127,167,1171,789
2127,168,1169,790
2127,169,1167,791
2127,170,1165,792
2127,171,1163,793
2127,172,1161,794
2127,173,1159,795
2127,174,1157,796
2127,175,1155,797
2127,176,1153,798
2127,177,1151,799
2127,178,1149,800
2127,179,1147,801
2127,180,1145,802
2127,181,1143,803
2127,182,1141,804
2127,183,1139,805
2127,184,1137,806
2127,185,1135,807
2127,186,1133,808
2127,187,1131,809
2127,188,1129,810
2127,189,1127,811
2127,190,1125,812
2127,191,1123,813
2127,192,1121,814
2127,193,1119,815
2127,194,1117,816
2127,195,1115,817
2127,196,1113,818
2127,197,1111,819
2127,198,1109,820
2127,199,1107,821
2127,200,1105,822
2127,201,1103,823
2127,202,1101,824
2127,203,1099,825
2127,204,1097,826
2127,205,1095,827
2127,206,1093,828
2127,207,1091,829
2127,208,1089,830
2127,209,1087,831
2127,210,1085,832
2127,211,1083,833
2127,212,1081,834
2127,213,1079,835
2127,214,1077,836
2127,215,1075,837
2127,216,1073,838
2127,217,1071,839
2127,218,1069,840
2127,219,1067,841
2127,220,1065,842
2127,221,1063,843
2127,222,1061,844
2127,223,1059,845
2127,224,1057,846
2127,225,1055,847
2127,226,1053,848
2127,227,1051,849
2127,228,1049,850
2127,229,1047,851
2127,230,1045,852
2127,231,1043,853
2127,232,1041,854
2127,233,1039,855
2127,234,1037,856
2127,235,1035,857
2127,236,1033,858
2127,237,1031,859
2127,238,1029,860
2127,239,1027,861
2127,240,1025,862
2127,241,1023,863
2127,242,1021,864
2127,243,1019,865
2127,244,1017,866
2127,245,1015,867
2127,246,1013,868
2127,247,1011,869
2127,248,1009,870
2127,249,1007,871
2127,250,1005,872
2127,251,1003,873
2127,252,1001,874
2127,253,999,875
2127,254,997,876
2127,255,995,877
2127,256,993,878
2127,257,991,879
2127,258,989,880
2127,259,987,881
2127,260,985,882
2127,261,983,883
2127,262,981,884
2127,263,979,885
2127,264,977,886
2127,265,975,887
2127,266,973,888
2127,267,971,889
2127,268,969,890
2127,269,967,891
2127,270,965,892
2127,271,963,893
2127,272,961,894
2127,273,959,895
2127,274,957,896
2127,275,955,897
2127,276,953,898
2127,277,951,899
2127,278,949,900
2127,279,947,901
2127,280,945,902
2127,281,943,903
2127,282,941,904
2127,283,939,905
2127,284,937,906
2127,285,935,907
2127,286,933,908
2127,287,931,909
2127,288,929,910
2127,289,927,911
2127,290,925,912
2127,291,923,913
2127,292,921,914
2127,293,919,915
2127,294,917,916
2127,295,915,917
2127,296,913,918
2127,297,911,919
2127,298,909,920
2127,299,907,921
2127,300,905,922
2127,301,903,923
2127,302,901,924
2127,303,899,925
2127,304,897,926
2127,305,895,927
2127,306,893,928
2127,307,891,929
2127,308,889,930
2127,309,887,931
2127,310,885,932
2127,311,883,933
2127,312,881,934
2127,313,879,935
2127,314,877,936
2127,315,875,937
2127,316,873,938
2127,317,871,939
2127,318,869,940
2127,319,867,941
2127,320,865,942
2127,321,863,943
2127,322,861,944
2127,323,859,945
2127,324,857,946
2127,325,855,947
2127,326,853,948
2127,327,851,949
2127,328,849,950
2127,329,847,951
2127,330,845,952
2127,331,843,953
2127,332,841,954
2127,333,839,955
2127,334,837,956
2127,335,835,957
2127,336,833,958
2127,337,831,959
2127,338,829,960
2127,339,827,961
2127,340,825,962
2127,341,823,963
2127,342,821,964
2127,343,819,965
2127,344,817,966
2127,345,815,967
2127,346,813,968
2127,347,811,969
2127,348,809,970
2127,349,807,971
2127,350,805,972
2127,351,803,973
2127,352,801,974
2127,353,799,975
2127,354,797,976
2127,355,795,977
2127,356,793,978
2127,357,791,979
2127,358,789,980
2127,359,787,981
2127,360,785,982
2127,361,783,983
2127,362,781,984
2127,363,779,985
2127,364,777,986
2127,365,775,987
2127,366,773,988
2127,367,771,989
2127,368,769,990
2127,369,767,991
2127,370,765,992
2127,371,763,993
2127,372,761,994
2127,373,759,995
2127,374,757,996
2127,375,755,997
2127,376,753,998
2127,377,751,999
2127,378,749,1000
2127,379,747,1001
2127,380,745,1002
2127,381,743,1003
2127,382,741,1004
2127,383,739,1005
2127,384,737,1006
2127,385,735,1007
2127,386,733,1008
2127,387,731,1009
2127,388,729,1010
2127,389,727,1011
2127,390,725,1012
2127,391,723,1013
2127,392,721,1014
2127,393,719,1015
2127,394,717,1016
2127,395,715,1017
2127,396,713,1018
2127,397,711,1019
2127,398,709,1020
2127,399,707,1021
2127,400,705,1022
2127,401,703,1023
2127,402,701,1024
2127,403,699,1025
2127,404,697,1026
2127,405,695,1027
2127,406,693,1028
2127,407,691,1029
2127,408,689,1030
2127,409,687,1031
2127,410,685,1032
2127,411,683,1033
2127,412,681,1034
2127,413,679,1035
2127,414,677,1036
2127,415,675,1037
2127,416,673,1038
2127,417,671,1039
2127,418,669,1040
2127,419,667,1041
2127,420,665,1042
2127,421,663,1043
2127,422,661,1044
2127,423,659,1045
2127,424,657,1046
2127,425,655,1047
2127,426,653,1048
2127,427,651,1049
2127,428,649,1050
2127,429,647,1051
2127,430,645,1052
2127,431,643,1053
2127,432,641,1054
2127,433,639,1055
2127,434,637,1056
2127,435,635,1057
2128,108,1305,715
2128,109,1303,716
2128,110,1301,717
2128,111,1299,718
2128,112,1297,719
2128,113,1295,720
2128,114,1293,721
2128,115,1291,722
2128,116,1289,723
2128,117,1287,724
2128,118,1285,725
2128,119,1283,726
2128,120,1281,727
2128,121,1279,728
2128,122,1277,729
2128,123,1275,730
2128,124,1273,731
2128,125,1271,732
2128,126,1269,733
2128,127,1267,734
2128,128,1265,735
2128,129,1263,736
2128,130,1261,737
2128,131,1259,738
2128,132,1257,739
2128,133,1255,740
2128,134,1253,741
2128,135,1251,742
2128,136,1249,743
2128,137,1247,744
2128,138,1245,745
2128,139,1243,746
2128,140,1241,747
2128,141,1239,748
2128,142,1237,749
2128,143,1235,750
2128,144,1233,751
2128,145,1231,752
2128,146,1229,753
2128,147,1227,754
2128,148,1225,755
2128,149,1223,756
2128,150,1221,757
2128,151,1219,758
2128,152,1217,759
2128,153,1215,760
2128,154,1213,761
2128,155,1211,762
2128,156,1209,763
2128,157,1207,764
2128,158,1205,765
2128,159,1203,766
2128,160,1201,767
2128,161,1199,768
2128,162,1197,769
2128,163,1195,770
2128,164,1193,771
2128,165,1191,772
2128,166,1189,773
2128,167,1187,774
2128,168,1185,775
2128,169,1183,776
2128,170,1181,777
2128,171,1179,778
2128,172,1177,779
2128,173,1175,780
2128,174,1173,781
2128,175,1171,782
2128,176,1169,783
2128,177,1167,784
2128,178,1165,785
2128,179,1163,786
2128,180,1161,787
2128,181,1159,788
2128,182,1157,789
2128,183,1155,790
2128,184,1153,791
2128,185,1151,792
2128,186,1149,793
2128,187,1147,794
2128,188,1145,795
2128,189,1143,796
2128,190,1141,797
2128,191,1139,798
2128,192,1137,799
2128,193,1135,800
2128,194,1133,801
2128,195,1131,802
2128,196,1129,803
2128,197,1127,804
2128,198,1125,805
2128,199,1123,806
2128,200,1121,807
2128,201,1119,808
2128,202,1117,809
2128,203,1115,810
2128,204,1113,811
2128,205,1111,812
2128,206,1109,813
2128,207,1107,814
2128,208,1105,815
2128,209,1103,816
2128,210,1101,817
2128,211,1099,818
2128,212,1097,819
2128,213,1095,820
2128,214,1093,821
2128,215,1091,822
2128,216,1089,823
2128,217,1087,824
2128,218,1085,825
2128,219,1083,826
2128,220,1081,827
2128,221,1079,828
2128,222,1077,829
2128,223,1075,830
2128,224,1073,831
2128,225,1071,832
2128,226,1069,833
2128,227,1067,834
2128,228,1065,835
2128,229,1063,836
2128,230,1061,837
2128,231,1059,838
2128,232,1057,839
2128,233,1055,840
2128,234,1053,841
2128,235,1051,842
2128,236,1049,843
2128,237,1047,844
2128,238,1045,845
2128,239,1043,846
2128,240,1041,847
2128,241,1039,848
2128,242,1037,849
2128,243,1035,850
2128,244,1033,851
2128,245,1031,852
2128,246,1029,853
2128,247,1027,854
2128,248,1025,855
2128,249,1023,856
2128,250,1021,857
2128,251,1019,858
2128,252,1017,859
2128,253,1015,860
2128,254,1013,861
2128,255,1011,862
2128,256,1009,863
2128,257,1007,864
2128,258,1005,865
2128,259,1003,866
2128,260,1001,867
2128,261,999,868
2128,262,997,869
2128,263,995,870
2128,264,993,871
2128,265,991,872
2128,266,989,873
2128,267,987,874
2128,268,985,875
2128,269,983,876
2128,270,981,877
2128,271,979,878
2128,272,977,879
2128,273,975,880
2128,274,973,881
2128,275,971,882
2128,276,969,883
2128,277,967,884
2128,278,965,885
2128,279,963,886
2128,280,961,887
2128,281,959,888
2128,282,957,889
2128,283,955,890
2128,284,953,891
2128,285,951,892
2128,286,949,893
2128,287,947,894
2128,288,945,895
2128,289,943,896
2128,290,941,897
2128,291,939,898
2128,292,937,899
2128,293,935,900
2128,294,933,901
2128,295,931,902
2128,296,929,903
2128,297,927,904
2128,298,925,905
2128,299,923,906
2128,300,921,907
2128,301,919,908
2128,302,917,909
2128,303,915,910
2128,304,913,911
2128,305,911,912
2128,306,909,913
2128,307,907,914
2128,308,905,915
2128,309,903,916
2128,310,901,917
2128,311,899,918
2128,312,897,919
2128,313,895,920
2128,314,893,921
2128,315,891,922
2128,316,889,923
2128,317,887,924
2128,318,885,925
2128,319,883,926
2128,320,881,927
2128,321,879,928
2128,322,877,929
2128,323,875,930
2128,324,873,931
2128,325,871,932
2128,326,869,933
2128,327,867,934
2128,328,865,935
2128,329,863,936
2128,330,861,937
2128,331,859,938
2128,332,857,939
2128,333,855,940
2128,334,853,941
2128,335,851,942
2128,336,849,943
2128,337,847,944
2128,338,845,945
2128,339,843,946
2128,340,841,947
2128,341,839,948
2128,342,837,949
2128,343,835,950
2128,344,833,951
2128,345,831,952
2128,346,829,953
2128,347,827,954
2128,348,825,955
2128,349,823,956
2128,350,821,957
2128,351,819,958
2128,352,817,959
2128,353,815,960
2128,354,813,961
2128,355,811,962
2128,356,809,963
2128,357,807,964
2128,358,805,965
2128,359,803,966
2128,360,801,967
2128,361,799,968
2128,362,797,969
2128,363,795,970
2128,364,793,971
2128,365,791,972
2128,366,789,973
2128,367,787,974
2128,368,785,975
2128,369,783,976
2128,370,781,977
2128,371,779,978
2128,372,777,979
2128,373,775,980
2128,374,773,981
2128,375,771,982
2128,376,769,983
2128,377,767,984
2128,378,765,985
2128,379,763,986
2128,380,761,987
2128,381,759,988
2128,382,757,989
2128,383,755,990
2128,384,753,991
2128,385,751,992
2128,386,749,993
2128,387,747,994
2128,388,745,995
2128,389,743,996
2128,390,741,997
2128,391,739,998
2128,392,737,999
2128,393,735,1000
2128,394,733,1001
2128,395,731,1002
2128,396,729,1003
2128,397,727,1004
2128,398,725,1005
2128,399,723,1006
2128,400,721,1007
2128,401,719,1008
2128,402,717,1009
2128,403,715,1010
2128,404,713,1011
2128,405,711,1012
2128,406,709,1013
2128,407,707,1014
2128,408,705,1015
2128,409,703,1016
2128,410,701,1017
2128,411,699,1018
2128,412,697,1019
2128,413,695,1020
2128,414,693,1021
2128,415,691,1022
2128,416,689,1023
2128,417,687,1024
2128,418,685,1025
2128,419,683,1026
2128,420,681,1027
2128,421,679,1028
2128,422,677,1029
2128,423,675,1030
2128,424,673,1031
2128,425,671,1032
2128,426,669,1033
2128,427,667,1034
2128,428,665,1035
2128,429,663,1036
2128,430,661,1037
2128,431,659,1038
2128,432,657,1039
2128,433,655,1040
2128,434,653,1041
2128,435,651,1042
2129,116,1305,708
2129,117,1303,709
2129,118,1301,710
2129,119,1299,711
2129,120,1297,712
2129,121,1295,713
2129,122,1293,714
2129,123,1291,715
2129,124,1289,716
2129,125,1287,717
2129,126,1285,718
2129,127,1283,719
2129,128,1281,720
2129,129,1279,721
2129,130,1277,722
2129,131,1275,723
2129,132,1273,724
2129,133,1271,725
2129,134,1269,726
2129,135,1267,727
2129,136,1265,728
2129,137,1263,729
2129,138,1261,730
2129,139,1259,731
2129,140,1257,732
2129,141,1255,733
2129,142,1253,734
2129,143,1251,735
2129,144,1249,736
2129,145,1247,737
2129,146,1245,738
2129,147,1243,739
2129,148,1241,740
2129,149,1239,741
2129,150,1237,742
2129,151,1235,743
2129,152,1233,744
2129,153,1231,745
2129,154,1229,746
2129,155,1227,747
2129,156,1225,748
2129,157,1223,749
2129,158,1221,750
2129,159,1219,751
2129,160,1217,752
2129,161,1215,753
2129,162,1213,754
2129,163,1211,755
2129,164,1209,756
2129,165,1207,757
2129,166,1205,758
2129,167,1203,759
2129,168,1201,760
2129,169,1199,761
2129,170,1197,762
2129,171,1195,763
2129,172,1193,764
2129,173,1191,765
2129,174,1189,766
2129,175,1187,767
2129,176,1185,768
2129,177,1183,769
2129,178,1181,770
2129,179,1179,771
2129,180,1177,772
2129,181,1175,773
2129,182,1173,774
2129,183,1171,775
2129,184,1169,776
2129,185,1167,777
2129,186,1165,778
2129,187,1163,779
2129,188,1161,780
2129,189,1159,781
2129,190,1157,782
2129,191,1155,783
2129,192,1153,784
2129,193,1151,785
2129,194,1149,786
2129,195,1147,787
2129,196,1145,788
2129,197,1143,789
2129,198,1141,790
2129,199,1139,791
2129,200,1137,792
2129,201,1135,793
2129,202,1133,794
2129,203,1131,795
2129,204,1129,796
2129,205,1127,797
2129,206,1125,798
2129,207,1123,799
2129,208,1121,800
2129,209,1119,801
2129,210,1117,802
2129,211,1115,803
2129,212,1113,804
2129,213,1111,805
2129,214,1109,806
2129,215,1107,807
2129,216,1105,808
2129,217,1103,809
2129,218,1101,810
2129,219,1099,811
2129,220,1097,812
2129,221,1095,813
2129,222,1093,814
2129,223,1091,815
2129,224,1089,816
2129,225,1087,817
2129,226,1085,818
2129,227,1083,819
2129,228,1081,820
2129,229,1079,821
2129,230,1077,822
2129,231,1075,823
2129,232,1073,824
2129,233,1071,825
2129,234,1069,826
2129,235,1067,827
2129,236,1065,828
2129,237,1063,829
2129,238,1061,830
2129,239,1059,831
2129,240,1057,832
2129,241,1055,833
2129,242,1053,834
2129,243,1051,835
2129,244,1049,836
2129,245,1047,837
2129,246,1045,838
2129,247,1043,839
2129,248,1041,840
2129,249,1039,841
2129,250,1037,842
2129,251,1035,843
2129,252,1033,844
2129,253,1031,845
2129,254,1029,846
2129,255,1027,847
2129,256,1025,848
2129,257,1023,849
2129,258,1021,850
2129,259,1019,851
2129,260,1017,852
2129,261,1015,853
2129,262,1013,854
2129,263,1011,855
2129,264,1009,856
2129,265,1007,857
2129,266,1005,858
2129,267,1003,859
2129,268,1001,860
2129,269,999,861
2129,270,997,862
2129,271,995,863
2129,272,993,864
2129,273,991,865
2129,274,989,866
2129,275,987,867
2129,276,985,868
2129,277,983,869
2129,278,981,870
2129,279,979,871
2129,280,977,872
2129,281,975,873
2129,282,973,874
2129,283,971,875
2129,284,969,876
2129,285,967,877
2129,286,965,878
2129,287,963,879
2129,288,961,880
2129,289,959,881
2129,290,957,882
2129,291,955,883
2129,292,953,884
2129,293,951,885
2129,294,949,886
2129,295,947,887
2129,296,945,888
2129,297,943,889
2129,298,941,890
2129,299,939,891
2129,300,937,892
2129,301,935,893
2129,302,933,894
2129,303,931,895
2129,304,929,896
2129,305,927,897
2129,306,925,898
2129,307,923,899
2129,308,921,900
2129,309,919,901
2129,310,917,902
2129,311,915,903
2129,312,913,904
2129,313,911,905
2129,314,909,906
2129,315,907,907
2129,316,905,908
2129,317,903,909
2129,318,901,910
2129,319,899,911
2129,320,897,912
2129,321,895,913
2129,322,893,914
2129,323,891,915
2129,324,889,916
2129,325,887,917
2129,326,885,918
2129,327,883,919
2129,328,881,920
2129,329,879,921
2129,330,877,922
2129,331,875,923
2129,332,873,924
2129,333,871,925
2129,334,869,926
2129,335,867,927
2129,336,865,928
2129,337,863,929
2129,338,861,930
2129,339,859,931
2129,340,857,932
2129,341,855,933
2129,342,853,934
2129,343,851,935
2129,344,849,936
2129,345,847,937
2129,346,845,938
2129,347,843,939
2129,348,841,940
2129,349,839,941
2129,350,837,942
2129,351,835,943
2129,352,833,944
2129,353,831,945
2129,354,829,946
2129,355,827,947
2129,356,825,948
2129,357,823,949
2129,358,821,950
2129,359,819,951
2129,360,817,952
2129,361,815,953
2129,362,813,954
2129,363,811,955
2129,364,809,956
2129,365,807,957
2129,366,805,958
2129,367,803,959
2129,368,801,960
2129,369,799,961
2129,370,797,962
2129,371,795,963
2129,372,793,964
2129,373,791,965
2129,374,789,966
2129,375,787,967
2129,376,785,968
2129,377,783,969
2129,378,781,970
2129,379,779,971
2129,380,777,972
2129,381,775,973
2129,382,773,974
2129,383,771,975
2129,384,769,976
2129,385,767,977
2129,386,765,978
2129,387,763,979
2129,388,761,980
2129,389,759,981
2129,390,757,982
2129,391,755,983
2129,392,753,984
2129,393,751,985
2129,394,749,986
2129,395,747,987
2129,396,745,988
2129,397,743,989
2129,398,741,990
2129,399,739,991
2129,400,737,992
2129,401,735,993
2129,402,733,994
2129,403,731,995
2129,404,729,996
2129,405,727,997
2129,406,725,998
2129,407,723,999
2129,408,721,1000
2129,409,719,1001
2129,410,717,1002
2129,411,715,1003
2129,412,713,1004
2129,413,711,1005
2129,414,709,1006
2129,415,707,1007
2129,416,705,1008
2129,417,703,1009
2129,418,701,1010
2129,419,699,1011
2129,420,697,1012
2129,421,695,1013
2129,422,693,1014
2129,423,691,1015
2129,424,689,1016
2129,425,687,1017
2129,426,685,1018
2129,427,683,1019
2129,428,681,1020
2129,429,679,1021
2129,430,677,1022
2129,431,675,1023
2129,432,673,1024
2129,433,671,1025
2129,434,669,1026
2129,435,667,1027
2130,124,1305,701
2130,125,1303,702
2130,126,1301,703
2130,127,1299,704
2130,128,1297,705
2130,129,1295,706
2130,130,1293,707
2130,131,1291,708
2130,132,1289,709
2130,133,1287,710
2130,134,1285,711
2130,135,1283,712
2130,136,1281,713
2130,137,1279,714
2130,138,1277,715
2130,139,1275,716
2130,140,1273,717
2130,141,1271,718
2130,142,1269,719
2130,143,1267,720
2130,144,1265,721
2130,145,1263,722
2130,146,1261,723
2130,147,1259,724
2130,148,1257,725
2130,149,1255,726
2130,150,1253,727
2130,151,1251,728
2130,152,1249,729
2130,153,1247,730
2130,154,1245,731
2130,155,1243,732
2130,156,1241,733
2130,157,1239,734
2130,158,1237,735
2130,159,1235,736
2130,160,1233,737
2130,161,1231,738
2130,162,1229,739
2130,163,1227,740
2130,164,1225,741
2130,165,1223,742
2130,166,1221,743
2130,167,1219,744
2130,168,1217,745
2130,169,1215,746
2130,170,1213,747
2130,171,1211,748
2130,172,1209,749
2130,173,1207,750
2130,174,1205,751
2130,175,1203,752
2130,176,1201,753
2130,177,1199,754
2130,178,1197,755
2130,179,1195,756
2130,180,1193,757
2130,181,1191,758
2130,182,1189,759
2130,183,1187,760
2130,184,1185,761
2130,185,1183,762
2130,186,1181,763
2130,187,1179,764
2130,188,1177,765
2130,189,1175,766
2130,190,1173,767
2130,191,1171,768
2130,192,1169,769
2130,193,1167,770
2130,194,1165,771
2130,195,1163,772
2130,196,1161,773
2130,197,1159,774
2130,198,1157,775
2130,199,1155,776
2130,200,1153,777
2130,201,1151,778
2130,202,1149,779
2130,203,1147,780
2130,204,1145,781
2130,205,1143,782
2130,206,1141,783
2130,207,1139,784
2130,208,1137,785
2130,209,1135,786
2130,210,1133,787
2130,211,1131,788
2130,212,1129,789
2130,213,1127,790
2130,214,1125,791
2130,215,1123,792
2130,216,1121,793
2130,217,1119,794
2130,218,1117,795
2130,219,1115,796
2130,220,1113,797
2130,221,1111,798
2130,222,1109,799
2130,223,1107,800
2130,224,1105,801
2130,225,1103,802
2130,226,1101,803
2130,227,1099,804
2130,228,1097,805
2130,229,1095,806
2130,230,1093,807
2130,231,1091,808
2130,232,1089,809
2130,233,1087,810
2130,234,1085,811
2130,235,1083,812
2130,236,1081,813
2130,237,1079,814
2130,238,1077,815
2130,239,1075,816
2130,240,1073,817
2130,241,1071,818
2130,242,1069,819
2130,243,1067,820
2130,244,1065,821
2130,245,1063,822
2130,246,1061,823
2130,247,1059,824
2130,248,1057,825
2130,249,1055,826
2130,250,1053,827
2130,251,1051,828
2130,252,1049,829
2130,253,1047,830
2130,254,1045,831
2130,255,1043,832
2130,256,1041,833
2130,257,1039,834
2130,258,1037,835
2130,259,1035,836
2130,260,1033,837
2130,261,1031,838
2130,262,1029,839
2130,263,1027,840
2130,264,1025,841
2130,265,1023,842
2130,266,1021,843
2130,267,1019,844
2130,268,1017,845
2130,269,1015,846
2130,270,1013,847
2130,271,1011,848
2130,272,1009,849
2130,273,1007,850
2130,274,1005,851
2130,275,1003,852
2130,276,1001,853
2130,277,999,854
2130,278,997,855
2130,279,995,856
2130,280,993,857
2130,281,991,858
2130,282,989,859
2130,283,987,860
2130,284,985,861
2130,285,983,862
2130,286,981,863
2130,287,979,864
2130,288,977,865
2130,289,975,866
2130,290,973,867
2130,291,971,868
2130,292,969,869
2130,293,967,870
2130,294,965,871
2130,295,963,872
2130,296,961,873
2130,297,959,874
2130,298,957,875
2130,299,955,876
2130,300,953,877
2130,301,951,878
2130,302,949,879
2130,303,947,880
2130,304,945,881
2130,305,943,882
2130,306,941,883
2130,307,939,884
2130,308,937,885
2130,309,935,886
2130,310,933,887
2130,311,931,888
2130,312,929,889
2130,313,927,890
2130,314,925,891
2130,315,923,892
2130,316,921,893
2130,317,919,894
2130,318,917,895
2130,319,915,896
2130,320,913,897
2130,321,911,898
2130,322,909,899
2130,323,907,900
2130,324,905,901
2130,325,903,902
2130,326,901,903
2130,327,899,904
2130,328,897,905
2130,329,895,906
2130,330,893,907
2130,331,891,908
2130,332,889,909
2130,333,887,910
2130,334,885,911
2130,335,883,912
2130,336,881,913
2130,337,879,914
2130,338,877,915
2130,339,875,916
2130,340,873,917
2130,341,871,918
2130,342,869,919
2130,343,867,920
2130,344,865,921
2130,345,863,922
2130,346,861,923
2130,347,859,924
2130,348,857,925
2130,349,855,926
2130,350,853,927
2130,351,851,928
2130,352,849,929
2130,353,847,930
2130,354,845,931
2130,355,843,932
2130,356,841,933
2130,357,839,934
2130,358,837,935
2130,359,835,936
2130,360,833,937
2130,361,831,938
2130,362,829,939
2130,363,827,940
2130,364,825,941
2130,365,823,942
2130,366,821,943
2130,367,819,944
2130,368,817,945
2130,369,815,946
2130,370,813,947
2130,371,811,948
2130,372,809,949
2130,373,807,950
2130,374,805,951
2130,375,803,952
2130,376,801,953
2130,377,799,954
2130,378,797,955
2130,379,795,956
2130,380,793,957
2130,381,791,958
2130,382,789,959
2130,383,787,960
2130,384,785,961
2130,385,783,962
2130,386,781,963
2130,387,779,964
2130,388,777,965
2130,389,775,966
2130,390,773,967
2130,391,771,968
2130,392,769,969
2130,393,767,970
2130,394,765,971
2130,395,763,972
2130,396,761,973
2130,397,759,974
2130,398,757,975
2130,399,755,976
2130,400,753,977
2130,401,751,978
2130,402,749,979
2130,403,747,980
2130,404,745,981
2130,405,743,982
2130,406,741,983
2130,407,739,984
2130,408,737,985
2130,409,735,986
2130,410,733,987
2130,411,731,988
2130,412,729,989
2130,413,727,990
2130,414,725,991
2130,415,723,992
2130,416,721,993
2130,417,719,994
2130,418,717,995
2130,419,715,996
2130,420,713,997
2130,421,711,998
2130,422,709,999
2130,423,707,1000
2130,424,705,1001
2130,425,703,1002
2130,426,701,1003
2130,427,699,1004
2130,428,697,1005
2130,429,695,1006
2130,430,693,1007
2130,431,691,1008
2130,432,689,1009
2130,433,687,1010
2130,434,685,1011
2130,435,683,1012
2131,132,1305,694
2131,133,1303,695
2131,134,1301,696
2131,135,1299,697
2131,136,1297,698
2131,137,1295,699
2131,138,1293,700
2131,139,1291,701
2131,140,1289,702
2131,141,1287,703
2131,142,1285,704
2131,143,1283,705
2131,144,1281,706
2131,145,1279,707
2131,146,1277,708
2131,147,1275,709
2131,148,1273,710
2131,149,1271,711
2131,150,1269,712
2131,151,1267,713
2131,152,1265,714
2131,153,1263,715
2131,154,1261,716
2131,155,1259,717
2131,156,1257,718
2131,157,1255,719
2131,158,1253,720
2131,159,1251,721
2131,160,1249,722
2131,161,1247,723
2131,162,1245,724
2131,163,1243,725
2131,164,1241,726
2131,165,1239,727
2131,166,1237,728
2131,167,1235,729
2131,168,1233,730
2131,169,1231,731
2131,170,1229,732
2131,171,1227,733
2131,172,1225,734
2131,173,1223,735
2131,174,1221,736
2131,175,1219,737
2131,176,1217,738
2131,177,1215,739
2131,178,1213,740
2131,179,1211,741
2131,180,1209,742
2131,181,1207,743
2131,182,1205,744
2131,183,1203,745
2131,184,1201,746
2131,185,1199,747
2131,186,1197,748
2131,187,1195,749
2131,188,1193,750
2131,189,1191,751
2131,190,1189,752
2131,191,1187,753
2131,192,1185,754
2131,193,1183,755
2131,194,1181,756
2131,195,1179,757
2131,196,1177,758
2131,197,1175,759
2131,198,1173,760
2131,199,1171,761
2131,200,1169,762
2131,201,1167,763
2131,202,1165,764
2131,203,1163,765
2131,204,1161,766
2131,205,1159,767
2131,206,1157,768
2131,207,1155,769
2131,208,1153,770
2131,209,1151,771
2131,210,1149,772
2131,211,1147,773
2131,212,1145,774
2131,213,1143,775
2131,214,1141,776
2131,215,1139,777
2131,216,1137,778
2131,217,1135,779
2131,218,1133,780
2131,219,1131,781
2131,220,1129,782
2131,221,1127,783
2131,222,1125,784
2131,223,1123,785
2131,224,1121,786
2131,225,1119,787
2131,226,1117,788
2131,227,1115,789
2131,228,1113,790
2131,229,1111,791
2131,230,1109,792
2131,231,1107,793
2131,232,1105,794
2131,233,1103,795
2131,234,1101,796
2131,235,1099,797
2131,236,1097,798
2131,237,1095,799
2131,238,1093,800
2131,239,1091,801
2131,240,1089,802
2131,241,1087,803
2131,242,1085,804
2131,243,1083,805
2131,244,1081,806
2131,245,1079,807
2131,246,1077,808
2131,247,1075,809
2131,248,1073,810
2131,249,1071,811
2131,250,1069,812
2131,251,1067,813
2131,252,1065,814
2131,253,1063,815
2131,254,1061,816
2131,255,1059,817
2131,256,1057,818
2131,257,1055,819
2131,258,1053,820
2131,259,1051,821
2131,260,1049,822
2131,261,1047,823
2131,262,1045,824
2131,263,1043,825
2131,264,1041,826
2131,265,1039,827
2131,266,1037,828
2131,267,1035,829
2131,268,1033,830
2131,269,1031,831
2131,270,1029,832
2131,271,1027,833
2131,272,1025,834
2131,273,1023,835
2131,274,1021,836
2131,275,1019,837
2131,276,1017,838
2131,277,1015,839
2131,278,1013,840
2131,279,1011,841
2131,280,1009,842
2131,281,1007,843
2131,282,1005,844
2131,283,1003,845
2131,284,1001,846
2131,285,999,847
2131,286,997,848
2131,287,995,849
2131,288,993,850
2131,289,991,851
2131,290,989,852
2131,291,987,853
2131,292,985,854
2131,293,983,855
2131,294,981,856
2131,295,979,857
2131,296,977,858
2131,297,975,859
2131,298,973,860
2131,299,971,861
2131,300,969,862
2131,301,967,863
2131,302,965,864
2131,303,963,865
2131,304,961,866
2131,305,959,867
2131,306,957,868
2131,307,955,869
2131,308,953,870
2131,309,951,871
2131,310,949,872
2131,311,947,873
2131,312,945,874
2131,313,943,875
2131,314,941,876
2131,315,939,877
2131,316,937,878
2131,317,935,879
2131,318,933,880
2131,319,931,881
2131,320,929,882
2131,321,927,883
2131,322,925,884
2131,323,923,885
2131,324,921,886
2131,325,919,887
2131,326,917,888
2131,327,915,889
2131,328,913,890
2131,329,911,891
2131,330,909,892
2131,331,907,893
2131,332,905,894
2131,333,903,895
2131,334,901,896
2131,335,899,897
2131,336,897,898
2131,337,895,899
2131,338,893,900
2131,339,891,901
2131,340,889,902
2131,341,887,903
2131,342,885,904
2131,343,883,905
2131,344,881,906
2131,345,879,907
2131,346,877,908
2131,347,875,909
2131,348,873,910
2131,349,871,911
2131,350,869,912
2131,351,867,913
2131,352,865,914
2131,353,863,915
2131,354,861,916
2131,355,859,917
2131,356,857,918
2131,357,855,919
2131,358,853,920
2131,359,851,921
2131,360,849,922
2131,361,847,923
2131,362,845,924
2131,363,843,925
2131,364,841,926
2131,365,839,927
2131,366,837,928
2131,367,835,929
2131,368,833,930
2131,369,831,931
2131,370,829,932
2131,371,827,933
2131,372,825,934
2131,373,823,935
2131,374,821,936
2131,375,819,937
2131,376,817,938
2131,377,815,939
2131,378,813,940
2131,379,811,941
2131,380,809,942
2131,381,807,943
2131,382,805,944
2131,383,803,945
2131,384,801,946
2131,385,799,947
2131,386,797,948
2131,387,795,949
2131,388,793,950
2131,389,791,951
2131,390,789,952
2131,391,787,953
2131,392,785,954
2131,393,783,955
2131,394,781,956
2131,395,779,957
2131,396,777,958
2131,397,775,959
2131,398,773,960
2131,399,771,961
2131,400,769,962
2131,401,767,963
2131,402,765,964
2131,403,763,965
2131,404,761,966
2131,405,759,967
2131,406,757,968
2131,407,755,969
2131,408,753,970
2131,409,751,971
2131,410,749,972
2131,411,747,973
2131,412,745,974
2131,413,743,975
2131,414,741,976
2131,415,739,977
2131,416,737,978
2131,417,735,979
2131,418,733,980
2131,419,731,981
2131,420,729,982
2131,421,727,983
2131,422,725,984
2131,423,723,985
2131,424,721,986
2131,425,719,987
2131,426,717,988
2131,427,715,989
2131,428,713,990
2131,429,711,991
2131,430,709,992
2131,431,707,993
2131,432,705,994
2131,433,703,995
2131,434,701,996
2131,435,699,997
2132,140,1305,687
2132,141,1303,688
2132,142,1301,689
2132,143,1299,690
2132,144,1297,691
2132,145,1295,692
2132,146,1293,693
2132,147,1291,694
2132,148,1289,695
2132,149,1287,696
2132,150,1285,697
2132,151,1283,698
2132,152,1281,699
2132,153,1279,700
2132,154,1277,701
2132,155,1275,702
2132,156,1273,703
2132,157,1271,704
2132,158,1269,705
2132,159,1267,706
2132,160,1265,707
2132,161,1263,708
2132,162,1261,709
2132,163,1259,710
2132,164,1257,711
2132,165,1255,712
2132,166,1253,713
2132,167,1251,714
2132,168,1249,715
2132,169,1247,716
2132,170,1245,717
2132,171,1243,718
2132,172,1241,719
2132,173,1239,720
2132,174,1237,721
2132,175,1235,722
2132,176,1233,723
2132,177,1231,724
2132,178,1229,725
2132,179,1227,726
2132,180,1225,727
2132,181,1223,728
2132,182,1221,729
2132,183,1219,730
2132,184,1217,731
2132,185,1215,732
2132,186,1213,733
2132,187,1211,734
2132,188,1209,735
2132,189,1207,736
2132,190,1205,737
2132,191,1203,738
2132,192,1201,739
2132,193,1199,740
2132,194,1197,741
2132,195,1195,742
2132,196,1193,743
2132,197,1191,744
2132,198,1189,745
2132,199,1187,746
2132,200,1185,747
2132,201,1183,748
2132,202,1181,749
2132,203,1179,750
2132,204,1177,751
2132,205,1175,752
2132,206,1173,753
2132,207,1171,754
2132,208,1169,755
2132,209,1167,756
2132,210,1165,757
2132,211,1163,758
2132,212,1161,759
2132,213,1159,760
2132,214,1157,761
2132,215,1155,762
2132,216,1153,763
2132,217,1151,764
2132,218,1149,765
2132,219,1147,766
2132,220,1145,767
2132,221,1143,768
2132,222,1141,769
2132,223,1139,770
2132,224,1137,771
2132,225,1135,772
2132,226,1133,773
2132,227,1131,774
2132,228,1129,775
2132,229,1127,776
2132,230,1125,777
2132,231,1123,778
2132,232,1121,779
2132,233,1119,780
2132,234,1117,781
2132,235,1115,782
2132,236,1113,783
2132,237,1111,784
2132,238,1109,785
2132,239,1107,786
2132,240,1105,787
2132,241,1103,788
2132,242,1101,789
2132,243,1099,790
2132,244,1097,791
2132,245,1095,792
2132,246,1093,793
2132,247,1091,794
2132,248,1089,795
2132,249,1087,796
2132,250,1085,797
2132,251,1083,798
2132,252,1081,799
2132,253,1079,800
2132,254,1077,801
2132,255,1075,802
2132,256,1073,803
2132,257,1071,804
2132,258,1069,805
2132,259,1067,806
2132,260,1065,807
2132,261,1063,808
2132,262,1061,809
2132,263,1059,810
2132,264,1057,811
2132,265,1055,812
2132,266,1053,813
2132,267,1051,814
2132,268,1049,815
2132,269,1047,816
2132,270,1045,817
2132,271,1043,818
2132,272,1041,819
2132,273,1039,820
2132,274,1037,821
2132,275,1035,822
2132,276,1033,823
2132,277,1031,824
2132,278,1029,825
2132,279,1027,826
2132,280,1025,827
2132,281,1023,828
2132,282,1021,829
2132,283,1019,830
2132,284,1017,831
2132,285,1015,832
2132,286,1013,833
2132,287,1011,834
2132,288,1009,835
2132,289,1007,836
2132,290,1005,837
2132,291,1003,838
2132,292,1001,839
2132,293,999,840
2132,294,997,841
2132,295,995,842
2132,296,993,843
2132,297,991,844
2132,298,989,845
2132,299,987,846
2132,300,985,847
2132,301,983,848
2132,302,981,849
2132,303,979,850
2132,304,977,851
2132,305,975,852
2132,306,973,853
2132,307,971,854
2132,308,969,855
2132,309,967,856
2132,310,965,857
2132,311,963,858
2132,312,961,859
2132,313,959,860
2132,314,957,861
2132,315,955,862
2132,316,953,863
2132,317,951,864
2132,318,949,865
2132,319,947,866
2132,320,945,867
2132,321,943,868
2132,322,941,869
2132,323,939,870
2132,324,937,871
2132,325,935,872
2132,326,933,873
2132,327,931,874
2132,328,929,875
2132,329,927,876
2132,330,925,877
2132,331,923,878
2132,332,921,879
2132,333,919,880
2132,334,917,881
2132,335,915,882
2132,336,913,883
2132,337,911,884
2132,338,909,885
2132,339,907,886
2132,340,905,887
2132,341,903,888
2132,342,901,889
2132,343,899,890
2132,344,897,891
2132,345,895,892
2132,346,893,893
2132,347,891,894
2132,348,889,895
2132,349,887,896
2132,350,885,897
2132,351,883,898
2132,352,881,899
2132,353,879,900
2132,354,877,901
2132,355,875,902
2132,356,873,903
2132,357,871,904
2132,358,869,905
2132,359,867,906
2132,360,865,907
2132,361,863,908
2132,362,861,909
2132,363,859,910
2132,364,857,911
2132,365,855,912
2132,366,853,913
2132,367,851,914
2132,368,849,915
2132,369,847,916
2132,370,845,917
2132,371,843,918
2132,372,841,919
2132,373,839,920
2132,374,837,921
2132,375,835,922
2132,376,833,923
2132,377,831,924
2132,378,829,925
2132,379,827,926
2132,380,825,927
2132,381,823,928
2132,382,821,929
2132,383,819,930
2132,384,817,931
2132,385,815,932
2132,386,813,933
2132,387,811,934
2132,388,809,935
2132,389,807,936
2132,390,805,937
2132,391,803,938
2132,392,801,939
2132,393,799,940
2132,394,797,941
2132,395,795,942
2132,396,793,943
2132,397,791,944
2132,398,789,945
2132,399,787,946
2132,400,785,947
2132,401,783,948
2132,402,781,949
2132,403,779,950
2132,404,777,951
2132,405,775,952
2132,406,773,953
2132,407,771,954
2132,408,769,955
2132,409,767,956
2132,410,765,957
2132,411,763,958
2132,412,761,959
2132,413,759,960
2132,414,757,961
2132,415,755,962
2132,416,753,963
2132,417,751,964
2132,418,749,965
2132,419,747,966
2132,420,745,967
2132,421,743,968
2132,422,741,969
2132,423,739,970
2132,424,737,971
2132,425,735,972
2132,426,733,973
2132,427,731,974
2132,428,729,975
2132,429,727,976
2132,430,725,977
2132,431,723,978
2132,432,721,979
2132,433,719,980
2132,434,717,981
2132,435,715,982
2133,148,1305,680
2133,149,1303,681
2133,150,1301,682
2133,151,1299,683
2133,152,1297,684
2133,153,1295,685
2133,154,1293,686
2133,155,1291,687
2133,156,1289,688
2133,157,1287,689
2133,158,1285,690
2133,159,1283,691
2133,160,1281,692
2133,161,1279,693
2133,162,1277,694
2133,163,1275,695
2133,164,1273,696
2133,165,1271,697
2133,166,1269,698
2133,167,1267,699
2133,168,1265,700
2133,169,1263,701
2133,170,1261,702
2133,171,1259,703
2133,172,1257,704
2133,173,1255,705
2133,174,1253,706
2133,175,1251,707
2133,176,1249,708
2133,177,1247,709
2133,178,1245,710
2133,179,1243,711
2133,180,1241,712
2133,181,1239,713
2133,182,1237,714
2133,183,1235,715
2133,184,1233,716
2133,185,1231,717
2133,186,1229,718
2133,187,1227,719
2133,188,1225,720
2133,189,1223,721
2133,190,1221,722
2133,191,1219,723
2133,192,1217,724
2133,193,1215,725
2133,194,1213,726
2133,195,1211,727
2133,196,1209,728
2133,197,1207,729
2133,198,1205,730
2133,199,1203,731
2133,200,1201,732
2133,201,1199,733
2133,202,1197,734
2133,203,1195,735
2133,204,1193,736
2133,205,1191,737
2133,206,1189,738
2133,207,1187,739
2133,208,1185,740
2133,209,1183,741
2133,210,1181,742
2133,211,1179,743
2133,212,1177,744
2133,213,1175,745
2133,214,1173,746
2133,215,1171,747
2133,216,1169,748
2133,217,1167,749
2133,218,1165,750
2133,219,1163,751
2133,220,1161,752
2133,221,1159,753
2133,222,1157,754
2133,223,1155,755
2133,224,1153,756
2133,225,1151,757
2133,226,1149,758
2133,227,1147,759
2133,228,1145,760
2133,229,1143,761
2133,230,1141,762
2133,231,1139,763
2133,232,1137,764
2133,233,1135,765
2133,234,1133,766
2133,235,1131,767
2133,236,1129,768
2133,237,1127,769
2133,238,1125,770
2133,239,1123,771
2133,240,1121,772
2133,241,1119,773
2133,242,1117,774
2133,243,1115,775
2133,244,1113,776
2133,245,1111,777
2133,246,1109,778
2133,247,1107,779
2133,248,1105,780
2133,249,1103,781
2133,250,1101,782
2133,251,1099,783
2133,252,1097,784
2133,253,1095,785
2133,254,1093,786
2133,255,1091,787
2133,256,1089,788
2133,257,1087,789
2133,258,1085,790
2133,259,1083,791
2133,260,1081,792
2133,261,1079,793
2133,262,1077,794
2133,263,1075,795
2133,264,1073,796
2133,265,1071,797
2133,266,1069,798
2133,267,1067,799
2133,268,1065,800
2133,269,1063,801
2133,270,1061,802
2133,271,1059,803
2133,272,1057,804
2133,273,1055,805
2133,274,1053,806
2133,275,1051,807
2133,276,1049,808
2133,277,1047,809
2133,278,1045,810
2133,279,1043,811
2133,280,1041,812
2133,281,1039,813
2133,282,1037,814
2133,283,1035,815
2133,284,1033,816
2133,285,1031,817
2133,286,1029,818
2133,287,1027,819
2133,288,1025,820
2133,289,1023,821
2133,290,1021,822
2133,291,1019,823
2133,292,1017,824
2133,293,1015,825
2133,294,1013,826
2133,295,1011,827
2133,296,1009,828
2133,297,1007,829
2133,298,1005,830
2133,299,1003,831
2133,300,1001,832
2133,301,999,833
2133,302,997,834
2133,303,995,835
2133,304,993,836
2133,305,991,837
2133,306,989,838
2133,307,987,839
2133,308,985,840
2133,309,983,841
2133,310,981,842
2133,311,979,843
2133,312,977,844
2133,313,975,845
2133,314,973,846
2133,315,971,847
2133,316,969,848
2133,317,967,849
2133,318,965,850
2133,319,963,851
2133,320,961,852
2133,321,959,853
2133,322,957,854
2133,323,955,855
2133,324,953,856
2133,325,951,857
2133,326,949,858
2133,327,947,859
2133,328,945,860
2133,329,943,861
2133,330,941,862
2133,331,939,863
2133,332,937,864
2133,333,935,865
2133,334,933,866
2133,335,931,867
2133,336,929,868
2133,337,927,869
2133,338,925,870
2133,339,923,871
2133,340,921,872
2133,341,919,873
2133,342,917,874
2133,343,915,875
2133,344,913,876
2133,345,911,877
2133,346,909,878
2133,347,907,879
2133,348,905,880
2133,349,903,881
2133,350,901,882
2133,351,899,883
2133,352,897,884
2133,353,895,885
2133,354,893,886
2133,355,891,887
2133,356,889,888
2133,357,887,889
2133,358,885,890
2133,359,883,891
2133,360,881,892
2133,361,879,893
2133,362,877,894
2133,363,875,895
2133,364,873,896
2133,365,871,897
2133,366,869,898
2133,367,867,899
2133,368,865,900
2133,369,863,901
2133,370,861,902
2133,371,859,903
2133,372,857,904
2133,373,855,905
2133,374,853,906
2133,375,851,907
2133,376,849,908
2133,377,847,909
2133,378,845,910
2133,379,843,911
2133,380,841,912
2133,381,839,913
2133,382,837,914
2133,383,835,915
2133,384,833,916
2133,385,831,917
2133,386,829,918
2133,387,827,919
2133,388,825,920
2133,389,823,921
2133,390,821,922
2133,391,819,923
2133,392,817,924
2133,393,815,925
2133,394,813,926
2133,395,811,927
2133,396,809,928
2133,397,807,929
2133,398,805,930
2133,399,803,931
2133,400,801,932
2133,401,799,933
2133,402,797,934
2133,403,795,935
2133,404,793,936
2133,405,791,937
2133,406,789,938
2133,407,787,939
2133,408,785,940
2133,409,783,941
2133,410,781,942
2133,411,779,943
2133,412,777,944
2133,413,775,945
2133,414,773,946
2133,415,771,947
2133,416,769,948
2133,417,767,949
2133,418,765,950
2133,419,763,951
2133,420,761,952
2133,421,759,953
2133,422,757,954
2133,423,755,955
2133,424,753,956
2133,425,751,957
2133,426,749,958
2133,427,747,959
2133,428,745,960
2133,429,743,961
2133,430,741,962
2133,431,739,963
2133,432,737,964
2133,433,735,965
2133,434,733,966
2133,435,731,967
2134,156,1305,673
2134,157,1303,674
2134,158,1301,675
2134,159,1299,676
2134,160,1297,677
2134,161,1295,678
2134,162,1293,679
2134,163,1291,680
2134,164,1289,681
2134,165,1287,682
2134,166,1285,683
2134,167,1283,684
2134,168,1281,685
2134,169,1279,686
2134,170,1277,687
2134,171,1275,688
2134,172,1273,689
2134,173,1271,690
2134,174,1269,691
2134,175,1267,692
2134,176,1265,693
2134,177,1263,694
2134,178,1261,695
2134,179,1259,696
2134,180,1257,697
2134,181,1255,698
2134,182,1253,699
2134,183,1251,700
2134,184,1249,701
2134,185,1247,702
2134,186,1245,703
2134,187,1243,704
2134,188,1241,705
2134,189,1239,706
2134,190,1237,707
2134,191,1235,708
2134,192,1233,709
2134,193,1231,710
2134,194,1229,711
2134,195,1227,712
2134,196,1225,713
2134,197,1223,714
2134,198,1221,715
2134,199,1219,716
2134,200,1217,717
2134,201,1215,718
2134,202,1213,719
2134,203,1211,720
2134,204,1209,721
2134,205,1207,722
2134,206,1205,723
2134,207,1203,724
2134,208,1201,725
2134,209,1199,726
2134,210,1197,727
2134,211,1195,728
2134,212,1193,729
2134,213,1191,730
2134,214,1189,731
2134,215,1187,732
2134,216,1185,733
2134,217,1183,734
2134,218,1181,735
2134,219,1179,736
2134,220,1177,737
2134,221,1175,738
2134,222,1173,739
2134,223,1171,740
2134,224,1169,741
2134,225,1167,742
2134,226,1165,743
2134,227,1163,744
2134,228,1161,745
2134,229,1159,746
2134,230,1157,747
2134,231,1155,748
2134,232,1153,749
2134,233,1151,750
2134,234,1149,751
2134,235,1147,752
2134,236,1145,753
2134,237,1143,754
2134,238,1141,755
2134,239,1139,756
2134,240,1137,757
2134,241,1135,758
2134,242,1133,759
2134,243,1131,760
2134,244,1129,761
2134,245,1127,762
2134,246,1125,763
2134,247,1123,764
2134,248,1121,765
2134,249,1119,766
2134,250,1117,767
2134,251,1115,768
2134,252,1113,769
2134,253,1111,770
2134,254,1109,771
2134,255,1107,772
2134,256,1105,773
2134,257,1103,774
2134,258,1101,775
2134,259,1099,776
2134,260,1097,777
2134,261,1095,778
2134,262,1093,779
2134,263,1091,780
2134,264,1089,781
2134,265,1087,782
2134,266,1085,783
2134,267,1083,784
2134,268,1081,785
2134,269,1079,786
2134,270,1077,787
2134,271,1075,788
2134,272,1073,789
2134,273,1071,790
2134,274,1069,791
2134,275,1067,792
2134,276,1065,793
2134,277,1063,794
2134,278,1061,795
2134,279,1059,796
2134,280,1057,797
2134,281,1055,798
2134,282,1053,799
2134,283,1051,800
2134,284,1049,801
2134,285,1047,802
2134,286,1045,803
2134,287,1043,804
2134,288,1041,805
2134,289,1039,806
2134,290,1037,807
2134,291,1035,808
2134,292,1033,809
2134,293,1031,810
2134,294,1029,811
2134,295,1027,812
2134,296,1025,813
2134,297,1023,814
2134,298,1021,815
2134,299,1019,816
2134,300,1017,817
2134,301,1015,818
2134,302,1013,819
2134,303,1011,820
2134,304,1009,821
2134,305,1007,822
2134,306,1005,823
2134,307,1003,824
2134,308,1001,825
2134,309,999,826
2134,310,997,827
2134,311,995,828
2134,312,993,829
2134,313,991,830
2134,314,989,831
2134,315,987,832
2134,316,985,833
2134,317,983,834
2134,318,981,835
2134,319,979,836
2134,320,977,837
2134,321,975,838
2134,322,973,839
2134,323,971,840
2134,324,969,841
2134,325,967,842
2134,326,965,843
2134,327,963,844
2134,328,961,845
2134,329,959,846
2134,330,957,847
2134,331,955,848
2134,332,953,849
2134,333,951,850
2134,334,949,851
2134,335,947,852
2134,336,945,853
2134,337,943,854
2134,338,941,855
2134,339,939,856
2134,340,937,857
2134,341,935,858
2134,342,933,859
2134,343,931,860
2134,344,929,861
2134,345,927,862
2134,346,925,863
2134,347,923,864
2134,348,921,865
2134,349,919,866
2134,350,917,867
2134,351,915,868
2134,352,913,869
2134,353,911,870
2134,354,909,871
2134,355,907,872
2134,356,905,873
2134,357,903,874
2134,358,901,875
2134,359,899,876
2134,360,897,877
2134,361,895,878
2134,362,893,879
2134,363,891,880
2134,364,889,881
2134,365,887,882
2134,366,885,883
2134,367,883,884
2134,368,881,885
2134,369,879,886
2134,370,877,887
2134,371,875,888
2134,372,873,889
2134,373,871,890
2134,374,869,891
2134,375,867,892
2134,376,865,893
2134,377,863,894
2134,378,861,895
2134,379,859,896
2134,380,857,897
2134,381,855,898
2134,382,853,899
2134,383,851,900
2134,384,849,901
2134,385,847,902
2134,386,845,903
2134,387,843,904
2134,388,841,905
2134,389,839,906
2134,390,837,907
2134,391,835,908
2134,392,833,909
2134,393,831,910
2134,394,829,911
2134,395,827,912
2134,396,825,913
2134,397,823,914
2134,398,821,915
2134,399,819,916
2134,400,817,917
2134,401,815,918
2134,402,813,919
2134,403,811,920
2134,404,809,921
2134,405,807,922
2134,406,805,923
2134,407,803,924
2134,408,801,925
2134,409,799,926
2134,410,797,927
2134,411,795,928
2134,412,793,929
2134,413,791,930
2134,414,789,931
2134,415,787,932
2134,416,785,933
2134,417,783,934
2134,418,781,935
2134,419,779,936
2134,420,777,937
2134,421,775,938
2134,422,773,939
2134,423,771,940
2134,424,769,941
2134,425,767,942
2134,426,765,943
2134,427,763,944
2134,428,761,945
2134,429,759,946
2134,430,757,947
2134,431,755,948
2134,432,753,949
2134,433,751,950
2134,434,749,951
2134,435,747,952
2135,164,1305,666
2135,165,1303,667
2135,166,1301,668
2135,167,1299,669
2135,168,1297,670
2135,169,1295,671
2135,170,1293,672
2135,171,1291,673
2135,172,1289,674
2135,173,1287,675
2135,174,1285,676
2135,175,1283,677
2135,176,1281,678
2135,177,1279,679
2135,178,1277,680
2135,179,1275,681
2135,180,1273,682
2135,181,1271,683
2135,182,1269,684
2135,183,1267,685
2135,184,1265,686
2135,185,1263,687
2135,186,1261,688
2135,187,1259,689
2135,188,1257,690
2135,189,1255,691
2135,190,1253,692
2135,191,1251,693
2135,192,1249,694
2135,193,1247,695
2135,194,1245,696
2135,195,1243,697
2135,196,1241,698
2135,197,1239,699
2135,198,1237,700
2135,199,1235,701
2135,200,1233,702
2135,201,1231,703
2135,202,1229,704
2135,203,1227,705
2135,204,1225,706
2135,205,1223,707
2135,206,1221,708
2135,207,1219,709
2135,208,1217,710
2135,209,1215,711
2135,210,1213,712
2135,211,1211,713
2135,212,1209,714
2135,213,1207,715
2135,214,1205,716
2135,215,1203,717
2135,216,1201,718
2135,217,1199,719
2135,218,1197,720
2135,219,1195,721
2135,220,1193,722
2135,221,1191,723
2135,222,1189,724
2135,223,1187,725
2135,224,1185,726
2135,225,1183,727
2135,226,1181,728
2135,227,1179,729
2135,228,1177,730
2135,229,1175,731
2135,230,1173,732
2135,231,1171,733
2135,232,1169,734
2135,233,1167,735
2135,234,1165,736
2135,235,1163,737
2135,236,1161,738
2135,237,1159,739
2135,238,1157,740
2135,239,1155,741
2135,240,1153,742
2135,241,1151,743
2135,242,1149,744
2135,243,1147,745
2135,244,1145,746
2135,245,1143,747
2135,246,1141,748
2135,247,1139,749
2135,248,1137,750
2135,249,1135,751
2135,250,1133,752
2135,251,1131,753
2135,252,1129,754
2135,253,1127,755
2135,254,1125,756
2135,255,1123,757
2135,256,1121,758
2135,257,1119,759
2135,258,1117,760
2135,259,1115,761
2135,260,1113,762
2135,261,1111,763
2135,262,1109,764
2135,263,1107,765
2135,264,1105,766
2135,265,1103,767
2135,266,1101,768
2135,267,1099,769
2135,268,1097,770
2135,269,1095,771
2135,270,1093,772
2135,271,1091,773
2135,272,1089,774
2135,273,1087,775
2135,274,1085,776
2135,275,1083,777
2135,276,1081,778
2135,277,1079,779
2135,278,1077,780
2135,279,1075,781
2135,280,1073,782
2135,281,1071,783
2135,282,1069,784
2135,283,1067,785
2135,284,1065,786
2135,285,1063,787
2135,286,1061,788
2135,287,1059,789
2135,288,1057,790
2135,289,1055,791
2135,290,1053,792
2135,291,1051,793
2135,292,1049,794
2135,293,1047,795
2135,294,1045,796
2135,295,1043,797
2135,296,1041,798
2135,297,1039,799
2135,298,1037,800
2135,299,1035,801
2135,300,1033,802
2135,301,1031,803
2135,302,1029,804
2135,303,1027,805
2135,304,1025,806
2135,305,1023,807
2135,306,1021,808
2135,307,1019,809
2135,308,1017,810
2135,309,1015,811
2135,310,1013,812
2135,311,1011,813
2135,312,1009,814
2135,313,1007,815
2135,314,1005,816
2135,315,1003,817
2135,316,1001,818
2135,317,999,819
2135,318,997,820
2135,319,995,821
2135,320,993,822
2135,321,991,823
2135,322,989,824
2135,323,987,825
2135,324,985,826
2135,325,983,827
2135,326,981,828
2135,327,979,829
2135,328,977,830
2135,329,975,831
2135,330,973,832
2135,331,971,833
2135,332,969,834
2135,333,967,835
2135,334,965,836
2135,335,963,837
2135,336,961,838
2135,337,959,839
2135,338,957,840
2135,339,955,841
2135,340,953,842
2135,341,951,843
2135,342,949,844
2135,343,947,845
2135,344,945,846
2135,345,943,847
2135,346,941,848
2135,347,939,849
2135,348,937,850
2135,349,935,851
2135,350,933,852
2135,351,931,853
2135,352,929,854
2135,353,927,855
2135,354,925,856
2135,355,923,857
2135,356,921,858
2135,357,919,859
2135,358,917,860
2135,359,915,861
2135,360,913,862
2135,361,911,863
2135,362,909,864
2135,363,907,865
2135,364,905,866
2135,365,903,867
2135,366,901,868
2135,367,899,869
2135,368,897,870
2135,369,895,871
2135,370,893,872
2135,371,891,873
2135,372,889,874
2135,373,887,875
2135,374,885,876
2135,375,883,877
2135,376,881,878
2135,377,879,879
2135,378,877,880
2135,379,875,881
2135,380,873,882
2135,381,871,883
2135,382,869,884
2135,383,867,885
2135,384,865,886
2135,385,863,887
2135,386,861,888
2135,387,859,889
2135,388,857,890
2135,389,855,891
2135,390,853,892
2135,391,851,893
2135,392,849,894
2135,393,847,895
2135,394,845,896
2135,395,843,897
2135,396,841,898
2135,397,839,899
2135,398,837,900
2135,399,835,901
2135,400,833,902
2135,401,831,903
2135,402,829,904
2135,403,827,905
2135,404,825,906
2135,405,823,907
2135,406,821,908
2135,407,819,909
2135,408,817,910
2135,409,815,911
2135,410,813,912
2135,411,811,913
2135,412,809,914
2135,413,807,915
2135,414,805,916
2135,415,803,917
2135,416,801,918
2135,417,799,919
2135,418,797,920
2135,419,795,921
2135,420,793,922
2135,421,791,923
2135,422,789,924
2135,423,787,925
2135,424,785,926
2135,425,783,927
2135,426,781,928
2135,427,779,929
2135,428,777,930
2135,429,775,931
2135,430,773,932
2135,431,771,933
2135,432,769,934
2135,433,767,935
2135,434,765,936
2135,435,763,937
2136,172,1305,659
2136,173,1303,660
2136,174,1301,661
2136,175,1299,662
2136,176,1297,663
2136,177,1295,664
2136,178,1293,665
2136,179,1291,666
2136,180,1289,667
2136,181,1287,668
2136,182,1285,669
2136,183,1283,670
2136,184,1281,671
2136,185,1279,672
2136,186,1277,673
2136,187,1275,674
2136,188,1273,675
2136,189,1271,676
2136,190,1269,677
2136,191,1267,678
2136,192,1265,679
2136,193,1263,680
2136,194,1261,681
2136,195,1259,682
2136,196,1257,683
2136,197,1255,684
2136,198,1253,685
2136,199,1251,686
2136,200,1249,687
2136,201,1247,688
2136,202,1245,689
2136,203,1243,690
2136,204,1241,691
2136,205,1239,692
2136,206,1237,693
2136,207,1235,694
2136,208,1233,695
2136,209,1231,696
2136,210,1229,697
2136,211,1227,698
2136,212,1225,699
2136,213,1223,700
2136,214,1221,701
2136,215,1219,702
2136,216,1217,703
2136,217,1215,704
2136,218,1213,705
2136,219,1211,706
2136,220,1209,707
2136,221,1207,708
2136,222,1205,709
2136,223,1203,710
2136,224,1201,711
2136,225,1199,712
2136,226,1197,713
2136,227,1195,714
2136,228,1193,715
2136,229,1191,716
2136,230,1189,717
2136,231,1187,718
2136,232,1185,719
2136,233,1183,720
2136,234,1181,721
2136,235,1179,722
2136,236,1177,723
2136,237,1175,724
2136,238,1173,725
2136,239,1171,726
2136,240,1169,727
2136,241,1167,728
2136,242,1165,729
2136,243,1163,730
2136,244,1161,731
2136,245,1159,732
2136,246,1157,733
2136,247,1155,734
2136,248,1153,735
2136,249,1151,736
2136,250,1149,737
2136,251,1147,738
2136,252,1145,739
2136,253,1143,740
2136,254,1141,741
2136,255,1139,742
2136,256,1137,743
2136,257,1135,744
2136,258,1133,745
2136,259,1131,746
2136,260,1129,747
2136,261,1127,748
2136,262,1125,749
2136,263,1123,750
2136,264,1121,751
2136,265,1119,752
2136,266,1117,753
2136,267,1115,754
2136,268,1113,755
2136,269,1111,756
2136,270,1109,757
2136,271,1107,758
2136,272,1105,759
2136,273,1103,760
2136,274,1101,761
2136,275,1099,762
2136,276,1097,763
2136,277,1095,764
2136,278,1093,765
2136,279,1091,766
2136,280,1089,767
2136,281,1087,768
2136,282,1085,769
2136,283,1083,770
2136,284,1081,771
2136,285,1079,772
2136,286,1077,773
2136,287,1075,774
2136,288,1073,775
2136,289,1071,776
2136,290,1069,777
2136,291,1067,778
2136,292,1065,779
2136,293,1063,780
2136,294,1061,781
2136,295,1059,782
2136,296,1057,783
2136,297,1055,784
2136,298,1053,785
2136,299,1051,786
2136,300,1049,787
2136,301,1047,788
2136,302,1045,789
2136,303,1043,790
2136,304,1041,791
2136,305,1039,792
2136,306,1037,793
2136,307,1035,794
2136,308,1033,795
2136,309,1031,796
2136,310,1029,797
2136,311,1027,798
2136,312,1025,799
2136,313,1023,800
2136,314,1021,801
2136,315,1019,802
2136,316,1017,803
2136,317,1015,804
2136,318,1013,805
2136,319,1011,806
2136,320,1009,807
2136,321,1007,808
2136,322,1005,809
2136,323,1003,810
2136,324,1001,811
2136,325,999,812
2136,326,997,813
2136,327,995,814
2136,328,993,815
2136,329,991,816
2136,330,989,817
2136,331,987,818
2136,332,985,819
2136,333,983,820
2136,334,981,821
2136,335,979,822
2136,336,977,823
2136,337,975,824
2136,338,973,825
2136,339,971,826
2136,340,969,827
2136,341,967,828
2136,342,965,829
2136,343,963,830
2136,344,961,831
2136,345,959,832
2136,346,957,833
2136,347,955,834
2136,348,953,835
2136,349,951,836
2136,350,949,837
2136,351,947,838
2136,352,945,839
2136,353,943,840
2136,354,941,841
2136,355,939,842
2136,356,937,843
2136,357,935,844
2136,358,933,845
2136,359,931,846
2136,360,929,847
2136,361,927,848
2136,362,925,849
2136,363,923,850
2136,364,921,851
2136,365,919,852
2136,366,917,853
2136,367,915,854
2136,368,913,855
2136,369,911,856
2136,370,909,857
2136,371,907,858
2136,372,905,859
2136,373,903,860
2136,374,901,861
2136,375,899,862
2136,376,897,863
2136,377,895,864
2136,378,893,865
2136,379,891,866
2136,380,889,867
2136,381,887,868
2136,382,885,869
2136,383,883,870
2136,384,881,871
2136,385,879,872
2136,386,877,873
2136,387,875,874
2136,388,873,875
2136,389,871,876
2136,390,869,877
2136,391,867,878
2136,392,865,879
2136,393,863,880
2136,394,861,881
2136,395,859,882
2136,396,857,883
2136,397,855,884
2136,398,853,885
2136,399,851,886
2136,400,849,887
2136,401,847,888
2136,402,845,889
2136,403,843,890
2136,404,841,891
2136,405,839,892
2136,406,837,893
2136,407,835,894
2136,408,833,895
2136,409,831,896
2136,410,829,897
2136,411,827,898
2136,412,825,899
2136,413,823,900
2136,414,821,901
2136,415,819,902
2136,416,817,903
2136,417,815,904
2136,418,813,905
2136,419,811,906
2136,420,809,907
2136,421,807,908
2136,422,805,909
2136,423,803,910
2136,424,801,911
2136,425,799,912
2136,426,797,913
2136,427,795,914
2136,428,793,915
2136,429,791,916
2136,430,789,917
2136,431,787,918
2136,432,785,919
2136,433,783,920
2136,434,781,921
2136,435,779,922
2137,180,1305,652
2137,181,1303,653
2137,182,1301,654
2137,183,1299,655
2137,184,1297,656
2137,185,1295,657
2137,186,1293,658
2137,187,1291,659
2137,188,1289,660
2137,189,1287,661
2137,190,1285,662
2137,191,1283,663
2137,192,1281,664
2137,193,1279,665
2137,194,1277,666
2137,195,1275,667
2137,196,1273,668
2137,197,1271,669
2137,198,1269,670
2137,199,1267,671
2137,200,1265,672
2137,201,1263,673
2137,202,1261,674
2137,203,1259,675
2137,204,1257,676
2137,205,1255,677
2137,206,1253,678
2137,207,1251,679
2137,208,1249,680
2137,209,1247,681
2137,210,1245,682
2137,211,1243,683
2137,212,1241,684
2137,213,1239,685
2137,214,1237,686
2137,215,1235,687
2137,216,1233,688
2137,217,1231,689
2137,218,1229,690
2137,219,1227,691
2137,220,1225,692
2137,221,1223,693
2137,222,1221,694
2137,223,1219,695
2137,224,1217,696
2137,225,1215,697
2137,226,1213,698
2137,227,1211,699
2137,228,1209,700
2137,229,1207,701
2137,230,1205,702
2137,231,1203,703
2137,232,1201,704
2137,233,1199,705
2137,234,1197,706
2137,235,1195,707
2137,236,1193,708
2137,237,1191,709
2137,238,1189,710
2137,239,1187,711
2137,240,1185,712
2137,241,1183,713
2137,242,1181,714
2137,243,1179,715
2137,244,1177,716
2137,245,1175,717
2137,246,1173,718
2137,247,1171,719
2137,248,1169,720
2137,249,1167,721
2137,250,1165,722
2137,251,1163,723
2137,252,1161,724
2137,253,1159,725
2137,254,1157,726
2137,255,1155,727
2137,256,1153,728
2137,257,1151,729
2137,258,1149,730
2137,259,1147,731
2137,260,1145,732
2137,261,1143,733
2137,262,1141,734
2137,263,1139,735
2137,264,1137,736
2137,265,1135,737
2137,266,1133,738
2137,267,1131,739
2137,268,1129,740
2137,269,1127,741
2137,270,1125,742
2137,271,1123,743
2137,272,1121,744
2137,273,1119,745
2137,274,1117,746
2137,275,1115,747
2137,276,1113,748
2137,277,1111,749
2137,278,1109,750
2137,279,1107,751
2137,280,1105,752
2137,281,1103,753
2137,282,1101,754
2137,283,1099,755
2137,284,1097,756
2137,285,1095,757
2137,286,1093,758
2137,287,1091,759
2137,288,1089,760
2137,289,1087,761
2137,290,1085,762
2137,291,1083,763
2137,292,1081,764
2137,293,1079,765
2137,294,1077,766
2137,295,1075,767
2137,296,1073,768
2137,297,1071,769
2137,298,1069,770
2137,299,1067,771
2137,300,1065,772
2137,301,1063,773
2137,302,1061,774
2137,303,1059,775
2137,304,1057,776
2137,305,1055,777
2137,306,1053,778
2137,307,1051,779
2137,308,1049,780
2137,309,1047,781
2137,310,1045,782
2137,311,1043,783
2137,312,1041,784
2137,313,1039,785
2137,314,1037,786
2137,315,1035,787
2137,316,1033,788
2137,317,1031,789
2137,318,1029,790
2137,319,1027,791
2137,320,1025,792
2137,321,1023,793
2137,322,1021,794
2137,323,1019,795
2137,324,1017,796
2137,325,1015,797
2137,326,1013,798
2137,327,1011,799
2137,328,1009,800
2137,329,1007,801
2137,330,1005,802
2137,331,1003,803
2137,332,1001,804
2137,333,999,805
2137,334,997,806
2137,335,995,807
2137,336,993,808
2137,337,991,809
2137,338,989,810
2137,339,987,811
2137,340,985,812
2137,341,983,813
2137,342,981,814
2137,343,979,815
2137,344,977,816
2137,345,975,817
2137,346,973,818
2137,347,971,819
2137,348,969,820
2137,349,967,821
2137,350,965,822
2137,351,963,823
2137,352,961,824
2137,353,959,825
2137,354,957,826
2137,355,955,827
2137,356,953,828
2137,357,951,829
2137,358,949,830
2137,359,947,831
2137,360,945,832
2137,361,943,833
2137,362,941,834
2137,363,939,835
2137,364,937,836
2137,365,935,837
2137,366,933,838
2137,367,931,839
2137,368,929,840
2137,369,927,841
2137,370,925,842
2137,371,923,843
2137,372,921,844
2137,373,919,845
2137,374,917,846
2137,375,915,847
2137,376,913,848
2137,377,911,849
2137,378,909,850
2137,379,907,851
2137,380,905,852
2137,381,903,853
2137,382,901,854
2137,383,899,855
2137,384,897,856
2137,385,895,857
2137,386,893,858
2137,387,891,859
2137,388,889,860
2137,389,887,861
2137,390,885,862
2137,391,883,863
2137,392,881,864
2137,393,879,865
2137,394,877,866
2137,395,875,867
2137,396,873,868
2137,397,871,869
2137,398,869,870
2137,399,867,871
2137,400,865,872
2137,401,863,873
2137,402,861,874
2137,403,859,875
2137,404,857,876
2137,405,855,877
2137,406,853,878
2137,407,851,879
2137,408,849,880
2137,409,847,881
2137,410,845,882
2137,411,843,883
2137,412,841,884
2137,413,839,885
2137,414,837,886
2137,415,835,887
2137,416,833,888
2137,417,831,889
2137,418,829,890
2137,419,827,891
2137,420,825,892
2137,421,823,893
2137,422,821,894
2137,423,819,895
2137,424,817,896
2137,425,815,897
2137,426,813,898
2137,427,811,899
2137,428,809,900
2137,429,807,901
2137,430,805,902
2137,431,803,903
2137,432,801,904
2137,433,799,905
2137,434,797,906
2137,435,795,907
2138,188,1305,645
2138,189,1303,646
2138,190,1301,647
2138,191,1299,648
2138,192,1297,649
2138,193,1295,650
2138,194,1293,651
2138,195,1291,652
2138,196,1289,653
2138,197,1287,654
2138,198,1285,655
2138,199,1283,656
2138,200,1281,657
2138,201,1279,658
2138,202,1277,659
2138,203,1275,660
2138,204,1273,661
2138,205,1271,662
2138,206,1269,663
2138,207,1267,664
2138,208,1265,665
2138,209,1263,666
2138,210,1261,667
2138,211,1259,668
2138,212,1257,669
2138,213,1255,670
2138,214,1253,671
2138,215,1251,672
2138,216,1249,673
2138,217,1247,674
2138,218,1245,675
2138,219,1243,676
2138,220,1241,677
2138,221,1239,678
2138,222,1237,679
2138,223,1235,680
2138,224,1233,681
2138,225,1231,682
2138,226,1229,683
2138,227,1227,684
2138,228,1225,685
2138,229,1223,686
2138,230,1221,687
2138,231,1219,688
2138,232,1217,689
2138,233,1215,690
2138,234,1213,691
2138,235,1211,692
2138,236,1209,693
2138,237,1207,694
2138,238,1205,695
2138,239,1203,696
2138,240,1201,697
2138,241,1199,698
2138,242,1197,699
2138,243,1195,700
2138,244,1193,701
2138,245,1191,702
2138,246,1189,703
2138,247,1187,704
2138,248,1185,705
2138,249,1183,706
2138,250,1181,707
2138,251,1179,708
2138,252,1177,709
2138,253,1175,710
2138,254,1173,711
2138,255,1171,712
2138,256,1169,713
2138,257,1167,714
2138,258,1165,715
2138,259,1163,716
2138,260,1161,717
2138,261,1159,718
2138,262,1157,719
2138,263,1155,720
2138,264,1153,721
2138,265,1151,722
2138,266,1149,723
2138,267,1147,724
2138,268,1145,725
2138,269,1143,726
2138,270,1141,727
2138,271,1139,728
2138,272,1137,729
2138,273,1135,730
2138,274,1133,731
2138,275,1131,732
2138,276,1129,733
2138,277,1127,734
2138,278,1125,735
2138,279,1123,736
2138,280,1121,737
2138,281,1119,738
2138,282,1117,739
2138,283,1115,740
2138,284,1113,741
2138,285,1111,742
2138,286,1109,743
2138,287,1107,744
2138,288,1105,745
2138,289,1103,746
2138,290,1101,747
2138,291,1099,748
2138,292,1097,749
2138,293,1095,750
2138,294,1093,751
2138,295,1091,752
2138,296,1089,753
2138,297,1087,754
2138,298,1085,755
2138,299,1083,756
2138,300,1081,757
2138,301,1079,758
2138,302,1077,759
2138,303,1075,760
2138,304,1073,761
2138,305,1071,762
2138,306,1069,763
2138,307,1067,764
2138,308,1065,765
2138,309,1063,766
2138,310,1061,767
2138,311,1059,768
2138,312,1057,769
2138,313,1055,770
2138,314,1053,771
2138,315,1051,772
2138,316,1049,773
2138,317,1047,774
2138,318,1045,775
2138,319,1043,776
2138,320,1041,777
2138,321,1039,778
2138,322,1037,779
2138,323,1035,780
2138,324,1033,781
2138,325,1031,782
2138,326,1029,783
2138,327,1027,784
2138,328,1025,785
2138,329,1023,786
2138,330,1021,787
2138,331,1019,788
2138,332,1017,789
2138,333,1015,790
2138,334,1013,791
2138,335,1011,792
2138,336,1009,793
2138,337,1007,794
2138,338,1005,795
2138,339,1003,796
2138,340,1001,797
2138,341,999,798
2138,342,997,799
2138,343,995,800
2138,344,993,801
2138,345,991,802
2138,346,989,803
2138,347,987,804
2138,348,985,805
2138,349,983,806
2138,350,981,807
2138,351,979,808
2138,352,977,809
2138,353,975,810
2138,354,973,811
2138,355,971,812
2138,356,969,813
2138,357,967,814
2138,358,965,815
2138,359,963,816
2138,360,961,817
2138,361,959,818
2138,362,957,819
2138,363,955,820
2138,364,953,821
2138,365,951,822
2138,366,949,823
2138,367,947,824
2138,368,945,825
2138,369,943,826
2138,370,941,827
2138,371,939,828
2138,372,937,829
2138,373,935,830
2138,374,933,831
2138,375,931,832
2138,376,929,833
2138,377,927,834
2138,378,925,835
2138,379,923,836
2138,380,921,837
2138,381,919,838
2138,382,917,839
2138,383,915,840
2138,384,913,841
2138,385,911,842
2138,386,909,843
2138,387,907,844
2138,388,905,845
2138,389,903,846
2138,390,901,847
2138,391,899,848
2138,392,897,849
2138,393,895,850
2138,394,893,851
2138,395,891,852
2138,396,889,853
2138,397,887,854
2138,398,885,855
2138,399,883,856
2138,400,881,857
2138,401,879,858
2138,402,877,859
2138,403,875,860
2138,404,873,861
2138,405,871,862
2138,406,869,863
2138,407,867,864
2138,408,865,865
2138,409,863,866
2138,410,861,867
2138,411,859,868
2138,412,857,869
2138,413,855,870
2138,414,853,871
2138,415,851,872
2138,416,849,873
2138,417,847,874
2138,418,845,875
2138,419,843,876
2138,420,841,877
2138,421,839,878
2138,422,837,879
2138,423,835,880
2138,424,833,881
2138,425,831,882
2138,426,829,883
2138,427,827,884
2138,428,825,885
2138,429,823,886
2138,430,821,887
2138,431,819,888
2138,432,817,889
2138,433,815,890
2138,434,813,891
2138,435,811,892
2139,196,1305,638
2139,197,1303,639
2139,198,1301,640
2139,199,1299,641
2139,200,1297,642
2139,201,1295,643
2139,202,1293,644
2139,203,1291,645
2139,204,1289,646
2139,205,1287,647
2139,206,1285,648
2139,207,1283,649
2139,208,1281,650
2139,209,1279,651
2139,210,1277,652
2139,211,1275,653
2139,212,1273,654
2139,213,1271,655
2139,214,1269,656
2139,215,1267,657
2139,216,1265,658
2139,217,1263,659
2139,218,1261,660
2139,219,1259,661
2139,220,1257,662
2139,221,1255,663
2139,222,1253,664
2139,223,1251,665
2139,224,1249,666
2139,225,1247,667
2139,226,1245,668
2139,227,1243,669
2139,228,1241,670
2139,229,1239,671
2139,230,1237,672
2139,231,1235,673
2139,232,1233,674
2139,233,1231,675
2139,234,1229,676
2139,235,1227,677
2139,236,1225,678
2139,237,1223,679
2139,238,1221,680
2139,239,1219,681
2139,240,1217,682
2139,241,1215,683
2139,242,1213,684
2139,243,1211,685
2139,244,1209,686
2139,245,1207,687
2139,246,1205,688
2139,247,1203,689
2139,248,1201,690
2139,249,1199,691
2139,250,1197,692
2139,251,1195,693
2139,252,1193,694
2139,253,1191,695
2139,254,1189,696
2139,255,1187,697
2139,256,1185,698
2139,257,1183,699
2139,258,1181,700
2139,259,1179,701
2139,260,1177,702
2139,261,1175,703
2139,262,1173,704
2139,263,1171,705
2139,264,1169,706
2139,265,1167,707
2139,266,1165,708
2139,267,1163,709
2139,268,1161,710
2139,269,1159,711
2139,270,1157,712
2139,271,1155,713
2139,272,1153,714
2139,273,1151,715
2139,274,1149,716
2139,275,1147,717
2139,276,1145,718
2139,277,1143,719
2139,278,1141,720
2139,279,1139,721
2139,280,1137,722
2139,281,1135,723
2139,282,1133,724
2139,283,1131,725
2139,284,1129,726
2139,285,1127,727
2139,286,1125,728
2139,287,1123,729
2139,288,1121,730
2139,289,1119,731
2139,290,1117,732
2139,291,1115,733
2139,292,1113,734
2139,293,1111,735
2139,294,1109,736
2139,295,1107,737
2139,296,1105,738
2139,297,1103,739
2139,298,1101,740
2139,299,1099,741
2139,300,1097,742
2139,301,1095,743
2139,302,1093,744
2139,303,1091,745
2139,304,1089,746
2139,305,1087,747
2139,306,1085,748
2139,307,1083,749
2139,308,1081,750
2139,309,1079,751
2139,310,1077,752
2139,311,1075,753
2139,312,1073,754
2139,313,1071,755
2139,314,1069,756
2139,315,1067,757
2139,316,1065,758
2139,317,1063,759
2139,318,1061,760
2139,319,1059,761
2139,320,1057,762
2139,321,1055,763
2139,322,1053,764
2139,323,1051,765
2139,324,1049,766
2139,325,1047,767
2139,326,1045,768
2139,327,1043,769
2139,328,1041,770
2139,329,1039,771
2139,330,1037,772
2139,331,1035,773
2139,332,1033,774
2139,333,1031,775
2139,334,1029,776
2139,335,1027,777
2139,336,1025,778
2139,337,1023,779
2139,338,1021,780
2139,339,1019,781
2139,340,1017,782
2139,341,1015,783
2139,342,1013,784
2139,343,1011,785
2139,344,1009,786
2139,345,1007,787
2139,346,1005,788
2139,347,1003,789
2139,348,1001,790
2139,349,999,791
2139,350,997,792
2139,351,995,793
2139,352,993,794
2139,353,991,795
2139,354,989,796
2139,355,987,797
2139,356,985,798
2139,357,983,799
2139,358,981,800
2139,359,979,801
2139,360,977,802
2139,361,975,803
2139,362,973,804
2139,363,971,805
2139,364,969,806
2139,365,967,807
2139,366,965,808
2139,367,963,809
2139,368,961,810
2139,369,959,811
2139,370,957,812
2139,371,955,813
2139,372,953,814
2139,373,951,815
2139,374,949,816
2139,375,947,817
2139,376,945,818
2139,377,943,819
2139,378,941,820
2139,379,939,821
2139,380,937,822
2139,381,935,823
2139,382,933,824
2139,383,931,825
2139,384,929,826
2139,385,927,827
2139,386,925,828
2139,387,923,829
2139,388,921,830
2139,389,919,831
2139,390,917,832
2139,391,915,833
2139,392,913,834
2139,393,911,835
2139,394,909,836
2139,395,907,837
2139,396,905,838
2139,397,903,839
2139,398,901,840
2139,399,899,841
2139,400,897,842
2139,401,895,843
2139,402,893,844
2139,403,891,845
2139,404,889,846
2139,405,887,847
2139,406,885,848
2139,407,883,849
2139,408,881,850
2139,409,879,851
2139,410,877,852
2139,411,875,853
2139,412,873,854
2139,413,871,855
2139,414,869,856
2139,415,867,857
2139,416,865,858
2139,417,863,859
2139,418,861,860
2139,419,859,861
2139,420,857,862
2139,421,855,863
2139,422,853,864
2139,423,851,865
2139,424,849,866
2139,425,847,867
2139,426,845,868
2139,427,843,869
2139,428,841,870
2139,429,839,871
2139,430,837,872
2139,431,835,873
2139,432,833,874
2139,433,831,875
2139,434,829,876
2139,435,827,877
2140,204,1305,631
2140,205,1303,632
2140,206,1301,633
2140,207,1299,634
2140,208,1297,635
2140,209,1295,636
2140,210,1293,637
2140,211,1291,638
2140,212,1289,639
2140,213,1287,640
2140,214,1285,641
2140,215,1283,642
2140,216,1281,643
2140,217,1279,644
2140,218,1277,645
2140,219,1275,646
2140,220,1273,647
2140,221,1271,648
2140,222,1269,649
2140,223,1267,650
2140,224,1265,651
2140,225,1263,652
2140,226,1261,653
2140,227,1259,654
2140,228,1257,655
2140,229,1255,656
2140,230,1253,657
2140,231,1251,658
2140,232,1249,659
2140,233,1247,660
2140,234,1245,661
2140,235,1243,662
2140,236,1241,663
2140,237,1239,664
2140,238,1237,665
2140,239,1235,666
2140,240,1233,667
2140,241,1231,668
2140,242,1229,669
2140,243,1227,670
2140,244,1225,671
2140,245,1223,672
2140,246,1221,673
2140,247,1219,674
2140,248,1217,675
2140,249,1215,676
2140,250,1213,677
2140,251,1211,678
2140,252,1209,679
2140,253,1207,680
2140,254,1205,681
2140,255,1203,682
2140,256,1201,683
2140,257,1199,684
2140,258,1197,685
2140,259,1195,686
2140,260,1193,687
2140,261,1191,688
2140,262,1189,689
2140,263,1187,690
2140,264,1185,691
2140,265,1183,692
2140,266,1181,693
2140,267,1179,694
2140,268,1177,695
2140,269,1175,696
2140,270,1173,697
2140,271,1171,698
2140,272,1169,699
2140,273,1167,700
2140,274,1165,701
2140,275,1163,702
2140,276,1161,703
2140,277,1159,704
2140,278,1157,705
2140,279,1155,706
2140,280,1153,707
2140,281,1151,708
2140,282,1149,709
2140,283,1147,710
2140,284,1145,711
2140,285,1143,712
2140,286,1141,713
2140,287,1139,714
2140,288,1137,715
2140,289,1135,716
2140,290,1133,717
2140,291,1131,718
2140,292,1129,719
2140,293,1127,720
2140,294,1125,721
2140,295,1123,722
2140,296,1121,723
2140,297,1119,724
2140,298,1117,725
2140,299,1115,726
2140,300,1113,727
2140,301,1111,728
2140,302,1109,729
2140,303,1107,730
2140,304,1105,731
2140,305,1103,732
2140,306,1101,733
2140,307,1099,734
2140,308,1097,735
2140,309,1095,736
2140,310,1093,737
2140,311,1091,738
2140,312,1089,739
2140,313,1087,740
2140,314,1085,741
2140,315,1083,742
2140,316,1081,743
2140,317,1079,744
2140,318,1077,745
2140,319,1075,746
2140,320,1073,747
2140,321,1071,748
2140,322,1069,749
2140,323,1067,750
2140,324,1065,751
2140,325,1063,752
2140,326,1061,753
2140,327,1059,754
2140,328,1057,755
2140,329,1055,756
2140,330,1053,757
2140,331,1051,758
2140,332,1049,759
2140,333,1047,760
2140,334,1045,761
2140,335,1043,762
2140,336,1041,763
2140,337,1039,764
2140,338,1037,765
2140,339,1035,766
2140,340,1033,767
2140,341,1031,768
2140,342,1029,769
2140,343,1027,770
2140,344,1025,771
2140,345,1023,772
2140,346,1021,773
2140,347,1019,774
2140,348,1017,775
2140,349,1015,776
2140,350,1013,777
2140,351,1011,778
2140,352,1009,779
2140,353,1007,780
2140,354,1005,781
2140,355,1003,782
2140,356,1001,783
2140,357,999,784
2140,358,997,785
2140,359,995,786
2140,360,993,787
2140,361,991,788
2140,362,989,789
2140,363,987,790
2140,364,985,791
2140,365,983,792
2140,366,981,793
2140,367,979,794
2140,368,977,795
2140,369,975,796
2140,370,973,797
2140,371,971,798
2140,372,969,799
2140,373,967,800
2140,374,965,801
2140,375,963,802
2140,376,961,803
2140,377,959,804
2140,378,957,805
2140,379,955,806
2140,380,953,807
2140,381,951,808
2140,382,949,809
2140,383,947,810
2140,384,945,811
2140,385,943,812
2140,386,941,813
2140,387,939,814
2140,388,937,815
2140,389,935,816
2140,390,933,817
2140,391,931,818
2140,392,929,819
2140,393,927,820
2140,394,925,821
2140,395,923,822
2140,396,921,823
2140,397,919,824
2140,398,917,825
2140,399,915,826
2140,400,913,827
2140,401,911,828
2140,402,909,829
2140,403,907,830
2140,404,905,831
2140,405,903,832
2140,406,901,833
2140,407,899,834
2140,408,897,835
2140,409,895,836
2140,410,893,837
2140,411,891,838
2140,412,889,839
2140,413,887,840
2140,414,885,841
2140,415,883,842
2140,416,881,843
2140,417,879,844
2140,418,877,845
2140,419,875,846
2140,420,873,847
2140,421,871,848
2140,422,869,849
2140,423,867,850
2140,424,865,851
2140,425,863,852
2140,426,861,853
2140,427,859,854
2140,428,857,855
2140,429,855,856
2140,430,853,857
2140,431,851,858
2140,432,849,859
2140,433,847,860
2140,434,845,861
2140,435,843,862
2141,212,1305,624
2141,213,1303,625
2141,214,1301,626
2141,215,1299,627
2141,216,1297,628
2141,217,1295,629
2141,218,1293,630
2141,219,1291,631
2141,220,1289,632
2141,221,1287,633
2141,222,1285,634
2141,223,1283,635
2141,224,1281,636
2141,225,1279,637
2141,226,1277,638
2141,227,1275,639
2141,228,1273,640
2141,229,1271,641
2141,230,1269,642
2141,231,1267,643
2141,232,1265,644
2141,233,1263,645
2141,234,1261,646
2141,235,1259,647
2141,236,1257,648
2141,237,1255,649
2141,238,1253,650
2141,239,1251,651
2141,240,1249,652
2141,241,1247,653
2141,242,1245,654
2141,243,1243,655
2141,244,1241,656
2141,245,1239,657
2141,246,1237,658
2141,247,1235,659
2141,248,1233,660
2141,249,1231,661
2141,250,1229,662
2141,251,1227,663
2141,252,1225,664
2141,253,1223,665
2141,254,1221,666
2141,255,1219,667
2141,256,1217,668
2141,257,1215,669
2141,258,1213,670
2141,259,1211,671
2141,260,1209,672
2141,261,1207,673
2141,262,1205,674
2141,263,1203,675
2141,264,1201,676
2141,265,1199,677
2141,266,1197,678
2141,267,1195,679
2141,268,1193,680
2141,269,1191,681
2141,270,1189,682
2141,271,1187,683
2141,272,1185,684
2141,273,1183,685
2141,274,1181,686
2141,275,1179,687
2141,276,1177,688
2141,277,1175,689
2141,278,1173,690
2141,279,1171,691
2141,280,1169,692
2141,281,1167,693
2141,282,1165,694
2141,283,1163,695
2141,284,1161,696
2141,285,1159,697
2141,286,1157,698
2141,287,1155,699
2141,288,1153,700
2141,289,1151,701
2141,290,1149,702
2141,291,1147,703
2141,292,1145,704
2141,293,1143,705
2141,294,1141,706
2141,295,1139,707
2141,296,1137,708
2141,297,1135,709
2141,298,1133,710
2141,299,1131,711
2141,300,1129,712
2141,301,1127,713
2141,302,1125,714
2141,303,1123,715
2141,304,1121,716
2141,305,1119,717
2141,306,1117,718
2141,307,1115,719
2141,308,1113,720
2141,309,1111,721
2141,310,1109,722
2141,311,1107,723
2141,312,1105,724
2141,313,1103,725
2141,314,1101,726
2141,315,1099,727
2141,316,1097,728
2141,317,1095,729
2141,318,1093,730
2141,319,1091,731
2141,320,1089,732
2141,321,1087,733
2141,322,1085,734
2141,323,1083,735
2141,324,1081,736
2141,325,1079,737
2141,326,1077,738
2141,327,1075,739
2141,328,1073,740
2141,329,1071,741
2141,330,1069,742
2141,331,1067,743
2141,332,1065,744
2141,333,1063,745
2141,334,1061,746
2141,335,1059,747
2141,336,1057,748
2141,337,1055,749
2141,338,1053,750
2141,339,1051,751
2141,340,1049,752
2141,341,1047,753
2141,342,1045,754
2141,343,1043,755
2141,344,1041,756
2141,345,1039,757
2141,346,1037,758
2141,347,1035,759
2141,348,1033,760
2141,349,1031,761
2141,350,1029,762
2141,351,1027,763
2141,352,1025,764
2141,353,1023,765
2141,354,1021,766
2141,355,1019,767
2141,356,1017,768
2141,357,1015,769
2141,358,1013,770
2141,359,1011,771
2141,360,1009,772
2141,361,1007,773
2141,362,1005,774
2141,363,1003,775
2141,364,1001,776
2141,365,999,777
2141,366,997,778
2141,367,995,779
2141,368,993,780
2141,369,991,781
2141,370,989,782
2141,371,987,783
2141,372,985,784
2141,373,983,785
2141,374,981,786
2141,375,979,787
2141,376,977,788
2141,377,975,789
2141,378,973,790
2141,379,971,791
2141,380,969,792
2141,381,967,793
2141,382,965,794
2141,383,963,795
2141,384,961,796
2141,385,959,797
2141,386,957,798
2141,387,955,799
2141,388,953,800
2141,389,951,801
2141,390,949,802
2141,391,947,803
2141,392,945,804
2141,393,943,805
2141,394,941,806
2141,395,939,807
2141,396,937,808
2141,397,935,809
2141,398,933,810
2141,399,931,811
2141,400,929,812
2141,401,927,813
2141,402,925,814
2141,403,923,815
2141,404,921,816
2141,405,919,817
2141,406,917,818
2141,407,915,819
2141,408,913,820
2141,409,911,821
2141,410,909,822
2141,411,907,823
2141,412,905,824
2141,413,903,825
2141,414,901,826
2141,415,899,827
2141,416,897,828
2141,417,895,829
2141,418,893,830
2141,419,891,831
2141,420,889,832
2141,421,887,833
2141,422,885,834
2141,423,883,835
2141,424,881,836
2141,425,879,837
2141,426,877,838
2141,427,875,839
2141,428,873,840
2141,429,871,841
2141,430,869,842
2141,431,867,843
2141,432,865,844
2141,433,863,845
2141,434,861,846
2141,435,859,847
2142,220,1305,617
2142,221,1303,618
2142,222,1301,619
2142,223,1299,620
2142,224,1297,621
2142,225,1295,622
2142,226,1293,623
2142,227,1291,624
2142,228,1289,625
2142,229,1287,626
2142,230,1285,627
2142,231,1283,628
2142,232,1281,629
2142,233,1279,630
2142,234,1277,631
2142,235,1275,632
2142,236,1273,633
2142,237,1271,634
2142,238,1269,635
2142,239,1267,636
2142,240,1265,637
2142,241,1263,638
2142,242,1261,639
2142,243,1259,640
2142,244,1257,641
2142,245,1255,642
2142,246,1253,643
2142,247,1251,644
2142,248,1249,645
2142,249,1247,646
2142,250,1245,647
2142,251,1243,648
2142,252,1241,649
2142,253,1239,650
2142,254,1237,651
2142,255,1235,652
2142,256,1233,653
2142,257,1231,654
2142,258,1229,655
2142,259,1227,656
2142,260,1225,657
2142,261,1223,658
2142,262,1221,659
2142,263,1219,660
2142,264,1217,661
2142,265,1215,662
2142,266,1213,663
2142,267,1211,664
2142,268,1209,665
2142,269,1207,666
2142,270,1205,667
2142,271,1203,668
2142,272,1201,669
2142,273,1199,670
2142,274,1197,671
2142,275,1195,672
2142,276,1193,673
2142,277,1191,674
2142,278,1189,675
2142,279,1187,676
2142,280,1185,677
2142,281,1183,678
2142,282,1181,679
2142,283,1179,680
2142,284,1177,681
2142,285,1175,682
2142,286,1173,683
2142,287,1171,684
2142,288,1169,685
2142,289,1167,686
2142,290,1165,687
2142,291,1163,688
2142,292,1161,689
2142,293,1159,690
2142,294,1157,691
2142,295,1155,692
2142,296,1153,693
2142,297,1151,694
2142,298,1149,695
2142,299,1147,696
2142,300,1145,697
2142,301,1143,698
2142,302,1141,699
2142,303,1139,700
2142,304,1137,701
2142,305,1135,702
2142,306,1133,703
2142,307,1131,704
2142,308,1129,705
2142,309,1127,706
2142,310,1125,707
2142,311,1123,708
2142,312,1121,709
2142,313,1119,710
2142,314,1117,711
2142,315,1115,712
2142,316,1113,713
2142,317,1111,714
2142,318,1109,715
2142,319,1107,716
2142,320,1105,717
2142,321,1103,718
2142,322,1101,719
2142,323,1099,720
2142,324,1097,721
2142,325,1095,722
2142,326,1093,723
2142,327,1091,724
2142,328,1089,725
2142,329,1087,726
2142,330,1085,727
2142,331,1083,728
2142,332,1081,729
2142,333,1079,730
2142,334,1077,731
2142,335,1075,732
2142,336,1073,733
2142,337,1071,734
2142,338,1069,735
2142,339,1067,736
2142,340,1065,737
2142,341,1063,738
2142,342,1061,739
2142,343,1059,740
2142,344,1057,741
2142,345,1055,742
2142,346,1053,743
2142,347,1051,744
2142,348,1049,745
2142,349,1047,746
2142,350,1045,747
2142,351,1043,748
2142,352,1041,749
2142,353,1039,750
2142,354,1037,751
2142,355,1035,752
2142,356,1033,753
2142,357,1031,754
2142,358,1029,755
2142,359,1027,756
2142,360,1025,757
2142,361,1023,758
2142,362,1021,759
2142,363,1019,760
2142,364,1017,761
2142,365,1015,762
2142,366,1013,763
2142,367,1011,764
2142,368,1009,765
2142,369,1007,766
2142,370,1005,767
2142,371,1003,768
2142,372,1001,769
2142,373,999,770
2142,374,997,771
2142,375,995,772
2142,376,993,773
2142,377,991,774
2142,378,989,775
2142,379,987,776
2142,380,985,777
2142,381,983,778
2142,382,981,779
2142,383,979,780
2142,384,977,781
2142,385,975,782
2142,386,973,783
2142,387,971,784
2142,388,969,785
2142,389,967,786
2142,390,965,787
2142,391,963,788
2142,392,961,789
2142,393,959,790
2142,394,957,791
2142,395,955,792
2142,396,953,793
2142,397,951,794
2142,398,949,795
2142,399,947,796
2142,400,945,797
2142,401,943,798
2142,402,941,799
2142,403,939,800
2142,404,937,801
2142,405,935,802
2142,406,933,803
2142,407,931,804
2142,408,929,805
2142,409,927,806
2142,410,925,807
2142,411,923,808
2142,412,921,809
2142,413,919,810
2142,414,917,811
2142,415,915,812
2142,416,913,813
2142,417,911,814
2142,418,909,815
2142,419,907,816
2142,420,905,817
2142,421,903,818
2142,422,901,819
2142,423,899,820
2142,424,897,821
2142,425,895,822
2142,426,893,823
2142,427,891,824
2142,428,889,825
2142,429,887,826
2142,430,885,827
2142,431,883,828
2142,432,881,829
2142,433,879,830
2142,434,877,831
2142,435,875,832
2143,228,1305,610
2143,229,1303,611
2143,230,1301,612
2143,231,1299,613
2143,232,1297,614
2143,233,1295,615
2143,234,1293,616
2143,235,1291,617
2143,236,1289,618
2143,237,1287,619
2143,238,1285,620
2143,239,1283,621
2143,240,1281,622
2143,241,1279,623
2143,242,1277,624
2143,243,1275,625
2143,244,1273,626
2143,245,1271,627
2143,246,1269,628
2143,247,1267,629
2143,248,1265,630
2143,249,1263,631
2143,250,1261,632
2143,251,1259,633
2143,252,1257,634
2143,253,1255,635
2143,254,1253,636
2143,255,1251,637
2143,256,1249,638
2143,257,1247,639
2143,258,1245,640
2143,259,1243,641
2143,260,1241,642
2143,261,1239,643
2143,262,1237,644
2143,263,1235,645
2143,264,1233,646
2143,265,1231,647
2143,266,1229,648
2143,267,1227,649
2143,268,1225,650
2143,269,1223,651
2143,270,1221,652
2143,271,1219,653
2143,272,1217,654
2143,273,1215,655
2143,274,1213,656
2143,275,1211,657
2143,276,1209,658
2143,277,1207,659
2143,278,1205,660
2143,279,1203,661
2143,280,1201,662
2143,281,1199,663
2143,282,1197,664
2143,283,1195,665
2143,284,1193,666
2143,285,1191,667
2143,286,1189,668
2143,287,1187,669
2143,288,1185,670
2143,289,1183,671
2143,290,1181,672
2143,291,1179,673
2143,292,1177,674
2143,293,1175,675
2143,294,1173,676
2143,295,1171,677
2143,296,1169,678
2143,297,1167,679
2143,298,1165,680
2143,299,1163,681
2143,300,1161,682
2143,301,1159,683
2143,302,1157,684
2143,303,1155,685
2143,304,1153,686
2143,305,1151,687
2143,306,1149,688
2143,307,1147,689
2143,308,1145,690
2143,309,1143,691
2143,310,1141,692
2143,311,1139,693
2143,312,1137,694
2143,313,1135,695
2143,314,1133,696
2143,315,1131,697
2143,316,1129,698
2143,317,1127,699
2143,318,1125,700
2143,319,1123,701
2143,320,1121,702
2143,321,1119,703
2143,322,1117,704
2143,323,1115,705
2143,324,1113,706
2143,325,1111,707
2143,326,1109,708
2143,327,1107,709
2143,328,1105,710
2143,329,1103,711
2143,330,1101,712
2143,331,1099,713
2143,332,1097,714
2143,333,1095,715
2143,334,1093,716
2143,335,1091,717
2143,336,1089,718
2143,337,1087,719
2143,338,1085,720
2143,339,1083,721
2143,340,1081,722
2143,341,1079,723
2143,342,1077,724
2143,343,1075,725
2143,344,1073,726
2143,345,1071,727
2143,346,1069,728
2143,347,1067,729
2143,348,1065,730
2143,349,1063,731
2143,350,1061,732
2143,351,1059,733
2143,352,1057,734
2143,353,1055,735
2143,354,1053,736
2143,355,1051,737
2143,356,1049,738
2143,357,1047,739
2143,358,1045,740
2143,359,1043,741
2143,360,1041,742
2143,361,1039,743
2143,362,1037,744
2143,363,1035,745
2143,364,1033,746
2143,365,1031,747
2143,366,1029,748
2143,367,1027,749
2143,368,1025,750
2143,369,1023,751
2143,370,1021,752
2143,371,1019,753
2143,372,1017,754
2143,373,1015,755
2143,374,1013,756
2143,375,1011,757
2143,376,1009,758
2143,377,1007,759
2143,378,1005,760
2143,379,1003,761
2143,380,1001,762
2143,381,999,763
2143,382,997,764
2143,383,995,765
2143,384,993,766
2143,385,991,767
2143,386,989,768
2143,387,987,769
2143,388,985,770
2143,389,983,771
2143,390,981,772
2143,391,979,773
2143,392,977,774
2143,393,975,775
2143,394,973,776
2143,395,971,777
2143,396,969,778
2143,397,967,779
2143,398,965,780
2143,399,963,781
2143,400,961,782
2143,401,959,783
2143,402,957,784
2143,403,955,785
2143,404,953,786
2143,405,951,787
2143,406,949,788
2143,407,947,789
2143,408,945,790
2143,409,943,791
2143,410,941,792
2143,411,939,793
2143,412,937,794
2143,413,935,795
2143,414,933,796
2143,415,931,797
2143,416,929,798
2143,417,927,799
2143,418,925,800
2143,419,923,801
2143,420,921,802
2143,421,919,803
2143,422,917,804
2143,423,915,805
2143,424,913,806
2143,425,911,807
2143,426,909,808
2143,427,907,809
2143,428,905,810
2143,429,903,811
2143,430,901,812
2143,431,899,813
2143,432,897,814
2143,433,895,815
2143,434,893,816
2143,435,891,817
2144,236,1305,603
2144,237,1303,604
2144,238,1301,605
2144,239,1299,606
2144,240,1297,607
2144,241,1295,608
2144,242,1293,609
2144,243,1291,610
2144,244,1289,611
2144,245,1287,612
2144,246,1285,613
2144,247,1283,614
2144,248,1281,615
2144,249,1279,616
2144,250,1277,617
2144,251,1275,618
2144,252,1273,619
2144,253,1271,620
2144,254,1269,621
2144,255,1267,622
2144,256,1265,623
2144,257,1263,624
2144,258,1261,625
2144,259,1259,626
2144,260,1257,627
2144,261,1255,628
2144,262,1253,629
2144,263,1251,630
2144,264,1249,631
2144,265,1247,632
2144,266,1245,633
2144,267,1243,634
2144,268,1241,635
2144,269,1239,636
2144,270,1237,637
2144,271,1235,638
2144,272,1233,639
2144,273,1231,640
2144,274,1229,641
2144,275,1227,642
2144,276,1225,643
2144,277,1223,644
2144,278,1221,645
2144,279,1219,646
2144,280,1217,647
2144,281,1215,648
2144,282,1213,649
2144,283,1211,650
2144,284,1209,651
2144,285,1207,652
2144,286,1205,653
2144,287,1203,654
2144,288,1201,655
2144,289,1199,656
2144,290,1197,657
2144,291,1195,658
2144,292,1193,659
2144,293,1191,660
2144,294,1189,661
2144,295,1187,662
2144,296,1185,663
2144,297,1183,664
2144,298,1181,665
2144,299,1179,666
2144,300,1177,667
2144,301,1175,668
2144,302,1173,669
2144,303,1171,670
2144,304,1169,671
2144,305,1167,672
2144,306,1165,673
2144,307,1163,674
2144,308,1161,675
2144,309,1159,676
2144,310,1157,677
2144,311,1155,678
2144,312,1153,679
2144,313,1151,680
2144,314,1149,681
2144,315,1147,682
2144,316,1145,683
2144,317,1143,684
2144,318,1141,685
2144,319,1139,686
2144,320,1137,687
2144,321,1135,688
2144,322,1133,689
2144,323,1131,690
2144,324,1129,691
2144,325,1127,692
2144,326,1125,693
2144,327,1123,694
2144,328,1121,695
2144,329,1119,696
2144,330,1117,697
2144,331,1115,698
2144,332,1113,699
2144,333,1111,700
2144,334,1109,701
2144,335,1107,702
2144,336,1105,703
2144,337,1103,704
2144,338,1101,705
2144,339,1099,706
2144,340,1097,707
2144,341,1095,708
2144,342,1093,709
2144,343,1091,710
2144,344,1089,711
2144,345,1087,712
2144,346,1085,713
2144,347,1083,714
2144,348,1081,715
2144,349,1079,716
2144,350,1077,717
2144,351,1075,718
2144,352,1073,719
2144,353,1071,720
2144,354,1069,721
2144,355,1067,722
2144,356,1065,723
2144,357,1063,724
2144,358,1061,725
2144,359,1059,726
2144,360,1057,727
2144,361,1055,728
2144,362,1053,729
2144,363,1051,730
2144,364,1049,731
2144,365,1047,732
2144,366,1045,733
2144,367,1043,734
2144,368,1041,735
2144,369,1039,736
2144,370,1037,737
2144,371,1035,738
2144,372,1033,739
2144,373,1031,740
2144,374,1029,741
2144,375,1027,742
2144,376,1025,743
2144,377,1023,744
2144,378,1021,745
2144,379,1019,746
2144,380,1017,747
2144,381,1015,748
2144,382,1013,749
2144,383,1011,750
2144,384,1009,751
2144,385,1007,752
2144,386,1005,753
2144,387,1003,754
2144,388,1001,755
2144,389,999,756
2144,390,997,757
2144,391,995,758
2144,392,993,759
2144,393,991,760
2144,394,989,761
2144,395,987,762
2144,396,985,763
2144,397,983,764
2144,398,981,765
2144,399,979,766
2144,400,977,767
2144,401,975,768
2144,402,973,769
2144,403,971,770
2144,404,969,771
2144,405,967,772
2144,406,965,773
2144,407,963,774
2144,408,961,775
2144,409,959,776
2144,410,957,777
2144,411,955,778
2144,412,953,779
2144,413,951,780
2144,414,949,781
2144,415,947,782
2144,416,945,783
2144,417,943,784
2144,418,941,785
2144,419,939,786
2144,420,937,787
2144,421,935,788
2144,422,933,789
2144,423,931,790
2144,424,929,791
2144,425,927,792
2144,426,925,793
2144,427,923,794
2144,428,921,795
2144,429,919,796
2144,430,917,797
2144,431,915,798
2144,432,913,799
2144,433,911,800
2144,434,909,801
2144,435,907,802
2145,244,1305,596
2145,245,1303,597
2145,246,1301,598
2145,247,1299,599
2145,248,1297,600
2145,249,1295,601
2145,250,1293,602
2145,251,1291,603
2145,252,1289,604
2145,253,1287,605
2145,254,1285,606
2145,255,1283,607
2145,256,1281,608
2145,257,1279,609
2145,258,1277,610
2145,259,1275,611
2145,260,1273,612
2145,261,1271,613
2145,262,1269,614
2145,263,1267,615
2145,264,1265,616
2145,265,1263,617
2145,266,1261,618
2145,267,1259,619
2145,268,1257,620
2145,269,1255,621
2145,270,1253,622
2145,271,1251,623
2145,272,1249,624
2145,273,1247,625
2145,274,1245,626
2145,275,1243,627
2145,276,1241,628
2145,277,1239,629
2145,278,1237,630
2145,279,1235,631
2145,280,1233,632
2145,281,1231,633
2145,282,1229,634
2145,283,1227,635
2145,284,1225,636
2145,285,1223,637
2145,286,1221,638
2145,287,1219,639
2145,288,1217,640
2145,289,1215,641
2145,290,1213,642
2145,291,1211,643
2145,292,1209,644
2145,293,1207,645
2145,294,1205,646
2145,295,1203,647
2145,296,1201,648
2145,297,1199,649
2145,298,1197,650
2145,299,1195,651
2145,300,1193,652
2145,301,1191,653
2145,302,1189,654
2145,303,1187,655
2145,304,1185,656
2145,305,1183,657
2145,306,1181,658
2145,307,1179,659
2145,308,1177,660
2145,309,1175,661
2145,310,1173,662
2145,311,1171,663
2145,312,1169,664
2145,313,1167,665
2145,314,1165,666
2145,315,1163,667
2145,316,1161,668
2145,317,1159,669
2145,318,1157,670
2145,319,1155,671
2145,320,1153,672
2145,321,1151,673
2145,322,1149,674
2145,323,1147,675
2145,324,1145,676
2145,325,1143,677
2145,326,1141,678
2145,327,1139,679
2145,328,1137,680
2145,329,1135,681
2145,330,1133,682
2145,331,1131,683
2145,332,1129,684
2145,333,1127,685
2145,334,1125,686
2145,335,1123,687
2145,336,1121,688
2145,337,1119,689
2145,338,1117,690
2145,339,1115,691
2145,340,1113,692
2145,341,1111,693
2145,342,1109,694
2145,343,1107,695
2145,344,1105,696
2145,345,1103,697
2145,346,1101,698
2145,347,1099,699
2145,348,1097,700
2145,349,1095,701
2145,350,1093,702
2145,351,1091,703
2145,352,1089,704
2145,353,1087,705
2145,354,1085,706
2145,355,1083,707
2145,356,1081,708
2145,357,1079,709
2145,358,1077,710
2145,359,1075,711
2145,360,1073,712
2145,361,1071,713
2145,362,1069,714
2145,363,1067,715
2145,364,1065,716
2145,365,1063,717
2145,366,1061,718
2145,367,1059,719
2145,368,1057,720
2145,369,1055,721
2145,370,1053,722
2145,371,1051,723
2145,372,1049,724
2145,373,1047,725
2145,374,1045,726
2145,375,1043,727
2145,376,1041,728
2145,377,1039,729
2145,378,1037,730
2145,379,1035,731
2145,380,1033,732
2145,381,1031,733
2145,382,1029,734
2145,383,1027,735
2145,384,1025,736
2145,385,1023,737
2145,386,1021,738
2145,387,1019,739
2145,388,1017,740
2145,389,1015,741
2145,390,1013,742
2145,391,1011,743
2145,392,1009,744
2145,393,1007,745
2145,394,1005,746
2145,395,1003,747
2145,396,1001,748
2145,397,999,749
2145,398,997,750
2145,399,995,751
2145,400,993,752
2145,401,991,753
2145,402,989,754
2145,403,987,755
2145,404,985,756
2145,405,983,757
2145,406,981,758
2145,407,979,759
2145,408,977,760
2145,409,975,761
2145,410,973,762
2145,411,971,763
2145,412,969,764
2145,413,967,765
2145,414,965,766
2145,415,963,767
2145,416,961,768
2145,417,959,769
2145,418,957,770
2145,419,955,771
2145,420,953,772
2145,421,951,773
2145,422,949,774
2145,423,947,775
2145,424,945,776
2145,425,943,777
2145,426,941,778
2145,427,939,779
2145,428,937,780
2145,429,935,781
2145,430,933,782
2145,431,931,783
2145,432,929,784
2145,433,927,785
2145,434,925,786
2145,435,923,787
2146,252,1305,589
2146,253,1303,590
2146,254,1301,591
2146,255,1299,592
2146,256,1297,593
2146,257,1295,594
2146,258,1293,595
2146,259,1291,596
2146,260,1289,597
2146,261,1287,598
2146,262,1285,599
2146,263,1283,600
2146,264,1281,601
2146,265,1279,602
2146,266,1277,603
2146,267,1275,604
2146,268,1273,605
2146,269,1271,606
2146,270,1269,607
2146,271,1267,608
2146,272,1265,609
2146,273,1263,610
2146,274,1261,611
2146,275,1259,612
2146,276,1257,613
2146,277,1255,614
2146,278,1253,615
2146,279,1251,616
2146,280,1249,617
2146,281,1247,618
2146,282,1245,619
2146,283,1243,620
2146,284,1241,621
2146,285,1239,622
2146,286,1237,623
2146,287,1235,624
2146,288,1233,625
2146,289,1231,626
2146,290,1229,627
2146,291,1227,628
2146,292,1225,629
2146,293,1223,630
2146,294,1221,631
2146,295,1219,632
2146,296,1217,633
2146,297,1215,634
2146,298,1213,635
2146,299,1211,636
2146,300,1209,637
2146,301,1207,638
2146,302,1205,639
2146,303,1203,640
2146,304,1201,641
2146,305,1199,642
2146,306,1197,643
2146,307,1195,644
2146,308,1193,645
2146,309,1191,646
2146,310,1189,647
2146,311,1187,648
2146,312,1185,649
2146,313,1183,650
2146,314,1181,651
2146,315,1179,652
2146,316,1177,653
2146,317,1175,654
2146,318,1173,655
2146,319,1171,656
2146,320,1169,657
2146,321,1167,658
2146,322,1165,659
2146,323,1163,660
2146,324,1161,661
2146,325,1159,662
2146,326,1157,663
2146,327,1155,664
2146,328,1153,665
2146,329,1151,666
2146,330,1149,667
2146,331,1147,668
2146,332,1145,669
2146,333,1143,670
2146,334,1141,671
2146,335,1139,672
2146,336,1137,673
2146,337,1135,674
2146,338,1133,675
2146,339,1131,676
2146,340,1129,677
2146,341,1127,678
2146,342,1125,679
2146,343,1123,680
2146,344,1121,681
2146,345,1119,682
2146,346,1117,683
2146,347,1115,684
2146,348,1113,685
2146,349,1111,686
2146,350,1109,687
2146,351,1107,688
2146,352,1105,689
2146,353,1103,690
2146,354,1101,691
2146,355,1099,692
2146,356,1097,693
2146,357,1095,694
2146,358,1093,695
2146,359,1091,696
2146,360,1089,697
2146,361,1087,698
2146,362,1085,699
2146,363,1083,700
2146,364,1081,701
2146,365,1079,702
2146,366,1077,703
2146,367,1075,704
2146,368,1073,705
2146,369,1071,706
2146,370,1069,707
2146,371,1067,708
2146,372,1065,709
2146,373,1063,710
2146,374,1061,711
2146,375,1059,712
2146,376,1057,713
2146,377,1055,714
2146,378,1053,715
2146,379,1051,716
2146,380,1049,717
2146,381,1047,718
2146,382,1045,719
2146,383,1043,720
2146,384,1041,721
2146,385,1039,722
2146,386,1037,723
2146,387,1035,724
2146,388,1033,725
2146,389,1031,726
2146,390,1029,727
2146,391,1027,728
2146,392,1025,729
2146,393,1023,730
2146,394,1021,731
2146,395,1019,732
2146,396,1017,733
2146,397,1015,734
2146,398,1013,735
2146,399,1011,736
2146,400,1009,737
2146,401,1007,738
2146,402,1005,739
2146,403,1003,740
2146,404,1001,741
2146,405,999,742
2146,406,997,743
2146,407,995,744
2146,408,993,745
2146,409,991,746
2146,410,989,747
2146,411,987,748
2146,412,985,749
2146,413,983,750
2146,414,981,751
2146,415,979,752
2146,416,977,753
2146,417,975,754
2146,418,973,755
2146,419,971,756
2146,420,969,757
2146,421,967,758
2146,422,965,759
2146,423,963,760
2146,424,961,761
2146,425,959,762
2146,426,957,763
2146,427,955,764
2146,428,953,765
2146,429,951,766
2146,430,949,767
2146,431,947,768
2146,432,945,769
2146,433,943,770
2146,434,941,771
2146,435,939,772
2147,260,1305,582
2147,261,1303,583
2147,262,1301,584
2147,263,1299,585
2147,264,1297,586
2147,265,1295,587
2147,266,1293,588
2147,267,1291,589
2147,268,1289,590
2147,269,1287,591
2147,270,1285,592
2147,271,1283,593
2147,272,1281,594
2147,273,1279,595
2147,274,1277,596
2147,275,1275,597
2147,276,1273,598
2147,277,1271,599
2147,278,1269,600
2147,279,1267,601
2147,280,1265,602
2147,281,1263,603
2147,282,1261,604
2147,283,1259,605
2147,284,1257,606
2147,285,1255,607
2147,286,1253,608
2147,287,1251,609
2147,288,1249,610
2147,289,1247,611
2147,290,1245,612
2147,291,1243,613
2147,292,1241,614
2147,293,1239,615
2147,294,1237,616
2147,295,1235,617
2147,296,1233,618
2147,297,1231,619
2147,298,1229,620
2147,299,1227,621
2147,300,1225,622
2147,301,1223,623
2147,302,1221,624
2147,303,1219,625
2147,304,1217,626
2147,305,1215,627
2147,306,1213,628
2147,307,1211,629
2147,308,1209,630
2147,309,1207,631
2147,310,1205,632
2147,311,1203,633
2147,312,1201,634
2147,313,1199,635
2147,314,1197,636
2147,315,1195,637
2147,316,1193,638
2147,317,1191,639
2147,318,1189,640
2147,319,1187,641
2147,320,1185,642
2147,321,1183,643
2147,322,1181,644
2147,323,1179,645
2147,324,1177,646
2147,325,1175,647
2147,326,1173,648
2147,327,1171,649
2147,328,1169,650
2147,329,1167,651
2147,330,1165,652
2147,331,1163,653
2147,332,1161,654
2147,333,1159,655
2147,334,1157,656
2147,335,1155,657
2147,336,1153,658
2147,337,1151,659
2147,338,1149,660
2147,339,1147,661
2147,340,1145,662
2147,341,1143,663
2147,342,1141,664
2147,343,1139,665
2147,344,1137,666
2147,345,1135,667
2147,346,1133,668
2147,347,1131,669
2147,348,1129,670
2147,349,1127,671
2147,350,1125,672
2147,351,1123,673
2147,352,1121,674
2147,353,1119,675
2147,354,1117,676
2147,355,1115,677
2147,356,1113,678
2147,357,1111,679
2147,358,1109,680
2147,359,1107,681
2147,360,1105,682
2147,361,1103,683
2147,362,1101,684
2147,363,1099,685
2147,364,1097,686
2147,365,1095,687
2147,366,1093,688
2147,367,1091,689
2147,368,1089,690
2147,369,1087,691
2147,370,1085,692
2147,371,1083,693
2147,372,1081,694
2147,373,1079,695
2147,374,1077,696
2147,375,1075,697
2147,376,1073,698
2147,377,1071,699
2147,378,1069,700
2147,379,1067,701
2147,380,1065,702
2147,381,1063,703
2147,382,1061,704
2147,383,1059,705
2147,384,1057,706
2147,385,1055,707
2147,386,1053,708
2147,387,1051,709
2147,388,1049,710
2147,389,1047,711
2147,390,1045,712
2147,391,1043,713
2147,392,1041,714
2147,393,1039,715
2147,394,1037,716
2147,395,1035,717
2147,396,1033,718
2147,397,1031,719
2147,398,1029,720
2147,399,1027,721
2147,400,1025,722
2147,401,1023,723
2147,402,1021,724
2147,403,1019,725
2147,404,1017,726
2147,405,1015,727
2147,406,1013,728
2147,407,1011,729
2147,408,1009,730
2147,409,1007,731
2147,410,1005,732
2147,411,1003,733
2147,412,1001,734
2147,413,999,735
2147,414,997,736
2147,415,995,737
2147,416,993,738
2147,417,991,739
2147,418,989,740
2147,419,987,741
2147,420,985,742
2147,421,983,743
2147,422,981,744
2147,423,979,745
2147,424,977,746
2147,425,975,747
2147,426,973,748
2147,427,971,749
2147,428,969,750
2147,429,967,751
2147,430,965,752
2147,431,963,753
2147,432,961,754
2147,433,959,755
2147,434,957,756
2147,435,955,757
2148,268,1305,575
2148,269,1303,576
2148,270,1301,577
2148,271,1299,578
2148,272,1297,579
2148,273,1295,580
2148,274,1293,581
2148,275,1291,582
2148,276,1289,583
2148,277,1287,584
2148,278,1285,585
2148,279,1283,586
2148,280,1281,587
2148,281,1279,588
2148,282,1277,589
2148,283,1275,590
2148,284,1273,591
2148,285,1271,592
2148,286,1269,593
2148,287,1267,594
2148,288,1265,595
2148,289,1263,596
2148,290,1261,597
2148,291,1259,598
2148,292,1257,599
2148,293,1255,600
2148,294,1253,601
2148,295,1251,602
2148,296,1249,603
2148,297,1247,604
2148,298,1245,605
2148,299,1243,606
2148,300,1241,607
2148,301,1239,608
2148,302,1237,609
2148,303,1235,610
2148,304,1233,611
2148,305,1231,612
2148,306,1229,613
2148,307,1227,614
2148,308,1225,615
2148,309,1223,616
2148,310,1221,617
2148,311,1219,618
2148,312,1217,619
2148,313,1215,620
2148,314,1213,621
2148,315,1211,622
2148,316,1209,623
2148,317,1207,624
2148,318,1205,625
2148,319,1203,626
2148,320,1201,627
2148,321,1199,628
2148,322,1197,629
2148,323,1195,630
2148,324,1193,631
2148,325,1191,632
2148,326,1189,633
2148,327,1187,634
2148,328,1185,635
2148,329,1183,636
2148,330,1181,637
2148,331,1179,638
2148,332,1177,639
2148,333,1175,640
2148,334,1173,641
2148,335,1171,642
2148,336,1169,643
2148,337,1167,644
2148,338,1165,645
2148,339,1163,646
2148,340,1161,647
2148,341,1159,648
2148,342,1157,649
2148,343,1155,650
2148,344,1153,651
2148,345,1151,652
2148,346,1149,653
2148,347,1147,654
2148,348,1145,655
2148,349,1143,656
2148,350,1141,657
2148,351,1139,658
2148,352,1137,659
2148,353,1135,660
2148,354,1133,661
2148,355,1131,662
2148,356,1129,663
2148,357,1127,664
2148,358,1125,665
2148,359,1123,666
2148,360,1121,667
2148,361,1119,668
2148,362,1117,669
2148,363,1115,670
2148,364,1113,671
2148,365,1111,672
2148,366,1109,673
2148,367,1107,674
2148,368,1105,675
2148,369,1103,676
2148,370,1101,677
2148,371,1099,678
2148,372,1097,679
2148,373,1095,680
2148,374,1093,681
2148,375,1091,682
2148,376,1089,683
2148,377,1087,684
2148,378,1085,685
2148,379,1083,686
2148,380,1081,687
2148,381,1079,688
2148,382,1077,689
2148,383,1075,690
2148,384,1073,691
2148,385,1071,692
2148,386,1069,693
2148,387,1067,694
2148,388,1065,695
2148,389,1063,696
2148,390,1061,697
2148,391,1059,698
2148,392,1057,699
2148,393,1055,700
2148,394,1053,701
2148,395,1051,702
2148,396,1049,703
2148,397,1047,704
2148,398,1045,705
2148,399,1043,706
2148,400,1041,707
2148,401,1039,708
2148,402,1037,709
2148,403,1035,710
2148,404,1033,711
2148,405,1031,712
2148,406,1029,713
2148,407,1027,714
2148,408,1025,715
2148,409,1023,716
2148,410,1021,717
2148,411,1019,718
2148,412,1017,719
2148,413,1015,720
2148,414,1013,721
2148,415,1011,722
2148,416,1009,723
2148,417,1007,724
2148,418,1005,725
2148,419,1003,726
2148,420,1001,727
2148,421,999,728
2148,422,997,729
2148,423,995,730
2148,424,993,731
2148,425,991,732
2148,426,989,733
2148,427,987,734
2148,428,985,735
2148,429,983,736
2148,430,981,737
2148,431,979,738
2148,432,977,739
2148,433,975,740
2148,434,973,741
2148,435,971,742
2149,276,1305,568
2149,277,1303,569
2149,278,1301,570
2149,279,1299,571
2149,280,1297,572
2149,281,1295,573
2149,282,1293,574
2149,283,1291,575
2149,284,1289,576
2149,285,1287,577
2149,286,1285,578
2149,287,1283,579
2149,288,1281,580
2149,289,1279,581
2149,290,1277,582
2149,291,1275,583
2149,292,1273,584
2149,293,1271,585
2149,294,1269,586
2149,295,1267,587
2149,296,1265,588
2149,297,1263,589
2149,298,1261,590
2149,299,1259,591
2149,300,1257,592
2149,301,1255,593
2149,302,1253,594
2149,303,1251,595
2149,304,1249,596
2149,305,1247,597
2149,306,1245,598
2149,307,1243,599
2149,308,1241,600
2149,309,1239,601
2149,310,1237,602
2149,311,1235,603
2149,312,1233,604
2149,313,1231,605
2149,314,1229,606
2149,315,1227,607
2149,316,1225,608
2149,317,1223,609
2149,318,1221,610
2149,319,1219,611
2149,320,1217,612
2149,321,1215,613
2149,322,1213,614
2149,323,1211,615
2149,324,1209,616
2149,325,1207,617
2149,326,1205,618
2149,327,1203,619
2149,328,1201,620
2149,329,1199,621
2149,330,1197,622
2149,331,1195,623
2149,332,1193,624
2149,333,1191,625
2149,334,1189,626
2149,335,1187,627
2149,336,1185,628
2149,337,1183,629
2149,338,1181,630
2149,339,1179,631
2149,340,1177,632
2149,341,1175,633
2149,342,1173,634
2149,343,1171,635
2149,344,1169,636
2149,345,1167,637
2149,346,1165,638
2149,347,1163,639
2149,348,1161,640
2149,349,1159,641
2149,350,1157,642
2149,351,1155,643
2149,352,1153,644
2149,353,1151,645
2149,354,1149,646
2149,355,1147,647
2149,356,1145,648
2149,357,1143,649
2149,358,1141,650
2149,359,1139,651
2149,360,1137,652
2149,361,1135,653
2149,362,1133,654
2149,363,1131,655
2149,364,1129,656
2149,365,1127,657
2149,366,1125,658
2149,367,1123,659
2149,368,1121,660
2149,369,1119,661
2149,370,1117,662
2149,371,1115,663
2149,372,1113,664
2149,373,1111,665
2149,374,1109,666
2149,375,1107,667
2149,376,1105,668
2149,377,1103,669
2149,378,1101,670
2149,379,1099,671
2149,380,1097,672
2149,381,1095,673
2149,382,1093,674
2149,383,1091,675
2149,384,1089,676
2149,385,1087,677
2149,386,1085,678
2149,387,1083,679
2149,388,1081,680
2149,389,1079,681
2149,390,1077,682
2149,391,1075,683
2149,392,1073,684
2149,393,1071,685
2149,394,1069,686
2149,395,1067,687
2149,396,1065,688
2149,397,1063,689
2149,398,1061,690
2149,399,1059,691
2149,400,1057,692
2149,401,1055,693
2149,402,1053,694
2149,403,1051,695
2149,404,1049,696
2149,405,1047,697
2149,406,1045,698
2149,407,1043,699
2149,408,1041,700
2149,409,1039,701
2149,410,1037,702
2149,411,1035,703
2149,412,1033,704
2149,413,1031,705
2149,414,1029,706
2149,415,1027,707
2149,416,1025,708
2149,417,1023,709
2149,418,1021,710
2149,419,1019,711
2149,420,1017,712
2149,421,1015,713
2149,422,1013,714
2149,423,1011,715
2149,424,1009,716
2149,425,1007,717
2149,426,1005,718
2149,427,1003,719
2149,428,1001,720
2149,429,999,721
2149,430,997,722
2149,431,995,723
2149,432,993,724
2149,433,991,725
2149,434,989,726
2149,435,987,727
2150,284,1305,561
2150,285,1303,562
2150,286,1301,563
2150,287,1299,564
2150,288,1297,565
2150,289,1295,566
2150,290,1293,567
2150,291,1291,568
2150,292,1289,569
2150,293,1287,570
2150,294,1285,571
2150,295,1283,572
2150,296,1281,573
2150,297,1279,574
2150,298,1277,575
2150,299,1275,576
2150,300,1273,577
2150,301,1271,578
2150,302,1269,579
2150,303,1267,580
2150,304,1265,581
2150,305,1263,582
2150,306,1261,583
2150,307,1259,584
2150,308,1257,585
2150,309,1255,586
2150,310,1253,587
2150,311,1251,588
2150,312,1249,589
2150,313,1247,590
2150,314,1245,591
2150,315,1243,592
2150,316,1241,593
2150,317,1239,594
2150,318,1237,595
2150,319,1235,596
2150,320,1233,597
2150,321,1231,598
2150,322,1229,599
2150,323,1227,600
2150,324,1225,601
2150,325,1223,602
2150,326,1221,603
2150,327,1219,604
2150,328,1217,605
2150,329,1215,606
2150,330,1213,607
2150,331,1211,608
2150,332,1209,609
2150,333,1207,610
2150,334,1205,611
2150,335,1203,612
2150,336,1201,613
2150,337,1199,614
2150,338,1197,615
2150,339,1195,616
2150,340,1193,617
2150,341,1191,618
2150,342,1189,619
2150,343,1187,620
2150,344,1185,621
2150,345,1183,622
2150,346,1181,623
2150,347,1179,624
2150,348,1177,625
2150,349,1175,626
2150,350,1173,627
2150,351,1171,628
2150,352,1169,629
2150,353,1167,630
2150,354,1165,631
2150,355,1163,632
2150,356,1161,633
2150,357,1159,634
2150,358,1157,635
2150,359,1155,636
2150,360,1153,637
2150,361,1151,638
2150,362,1149,639
2150,363,1147,640
2150,364,1145,641
2150,365,1143,642
2150,366,1141,643
2150,367,1139,644
2150,368,1137,645
2150,369,1135,646
2150,370,1133,647
2150,371,1131,648
2150,372,1129,649
2150,373,1127,650
2150,374,1125,651
2150,375,1123,652
2150,376,1121,653
2150,377,1119,654
2150,378,1117,655
2150,379,1115,656
2150,380,1113,657
2150,381,1111,658
2150,382,1109,659
2150,383,1107,660
2150,384,1105,661
2150,385,1103,662
2150,386,1101,663
2150,387,1099,664
2150,388,1097,665
2150,389,1095,666
2150,390,1093,667
2150,391,1091,668
2150,392,1089,669
2150,393,1087,670
2150,394,1085,671
2150,395,1083,672
2150,396,1081,673
2150,397,1079,674
2150,398,1077,675
2150,399,1075,676
2150,400,1073,677
2150,401,1071,678
2150,402,1069,679
2150,403,1067,680
2150,404,1065,681
2150,405,1063,682
2150,406,1061,683
2150,407,1059,684
2150,408,1057,685
2150,409,1055,686
2150,410,1053,687
2150,411,1051,688
2150,412,1049,689
2150,413,1047,690
2150,414,1045,691
2150,415,1043,692
2150,416,1041,693
2150,417,1039,694
2150,418,1037,695
2150,419,1035,696
2150,420,1033,697
2150,421,1031,698
2150,422,1029,699
2150,423,1027,700
2150,424,1025,701
2150,425,1023,702
2150,426,1021,703
2150,427,1019,704
2150,428,1017,705
2150,429,1015,706
2150,430,1013,707
2150,431,1011,708
2150,432,1009,709
2150,433,1007,710
2150,434,1005,711
2150,435,1003,712
2151,292,1305,554
2151,293,1303,555
2151,294,1301,556
2151,295,1299,557
2151,296,1297,558
2151,297,1295,559
2151,298,1293,560
2151,299,1291,561
2151,300,1289,562
2151,301,1287,563
2151,302,1285,564
2151,303,1283,565
2151,304,1281,566
2151,305,1279,567
2151,306,1277,568
2151,307,1275,569
2151,308,1273,570
2151,309,1271,571
2151,310,1269,572
2151,311,1267,573
2151,312,1265,574
2151,313,1263,575
2151,314,1261,576
2151,315,1259,577
2151,316,1257,578
2151,317,1255,579
2151,318,1253,580
2151,319,1251,581
2151,320,1249,582
2151,321,1247,583
2151,322,1245,584
2151,323,1243,585
2151,324,1241,586
2151,325,1239,587
2151,326,1237,588
2151,327,1235,589
2151,328,1233,590
2151,329,1231,591
2151,330,1229,592
2151,331,1227,593
2151,332,1225,594
2151,333,1223,595
2151,334,1221,596
2151,335,1219,597
2151,336,1217,598
2151,337,1215,599
2151,338,1213,600
2151,339,1211,601
2151,340,1209,602
2151,341,1207,603
2151,342,1205,604
2151,343,1203,605
2151,344,1201,606
2151,345,1199,607
2151,346,1197,608
2151,347,1195,609
2151,348,1193,610
2151,349,1191,611
2151,350,1189,612
2151,351,1187,613
2151,352,1185,614
2151,353,1183,615
2151,354,1181,616
2151,355,1179,617
2151,356,1177,618
2151,357,1175,619
2151,358,1173,620
2151,359,1171,621
2151,360,1169,622
2151,361,1167,623
2151,362,1165,624
2151,363,1163,625
2151,364,1161,626
2151,365,1159,627
2151,366,1157,628
2151,367,1155,629
2151,368,1153,630
2151,369,1151,631
2151,370,1149,632
2151,371,1147,633
2151,372,1145,634
2151,373,1143,635
2151,374,1141,636
2151,375,1139,637
2151,376,1137,638
2151,377,1135,639
2151,378,1133,640
2151,379,1131,641
2151,380,1129,642
2151,381,1127,643
2151,382,1125,644
2151,383,1123,645
2151,384,1121,646
2151,385,1119,647
2151,386,1117,648
2151,387,1115,649
2151,388,1113,650
2151,389,1111,651
2151,390,1109,652
2151,391,1107,653
2151,392,1105,654
2151,393,1103,655
2151,394,1101,656
2151,395,1099,657
2151,396,1097,658
2151,397,1095,659
2151,398,1093,660
2151,399,1091,661
2151,400,1089,662
2151,401,1087,663
2151,402,1085,664
2151,403,1083,665
2151,404,1081,666
2151,405,1079,667
2151,406,1077,668
2151,407,1075,669
2151,408,1073,670
2151,409,1071,671
2151,410,1069,672
2151,411,1067,673
2151,412,1065,674
2151,413,1063,675
2151,414,1061,676
2151,415,1059,677
2151,416,1057,678
2151,417,1055,679
2151,418,1053,680
2151,419,1051,681
2151,420,1049,682
2151,421,1047,683
2151,422,1045,684
2151,423,1043,685
2151,424,1041,686
2151,425,1039,687
2151,426,1037,688
2151,427,1035,689
2151,428,1033,690
2151,429,1031,691
2151,430,1029,692
2151,431,1027,693
2151,432,1025,694
2151,433,1023,695
2151,434,1021,696
2151,435,1019,697
2152,300,1305,547
2152,301,1303,548
2152,302,1301,549
2152,303,1299,550
2152,304,1297,551
2152,305,1295,552
2152,306,1293,553
2152,307,1291,554
2152,308,1289,555
2152,309,1287,556
2152,310,1285,557
2152,311,1283,558
2152,312,1281,559
2152,313,1279,560
2152,314,1277,561
2152,315,1275,562
2152,316,1273,563
2152,317,1271,564
2152,318,1269,565
2152,319,1267,566
2152,320,1265,567
2152,321,1263,568
2152,322,1261,569
2152,323,1259,570
2152,324,1257,571
2152,325,1255,572
2152,326,1253,573
2152,327,1251,574
2152,328,1249,575
2152,329,1247,576
2152,330,1245,577
2152,331,1243,578
2152,332,1241,579
2152,333,1239,580
2152,334,1237,581
2152,335,1235,582
2152,336,1233,583
2152,337,1231,584
2152,338,1229,585
2152,339,1227,586
2152,340,1225,587
2152,341,1223,588
2152,342,1221,589
2152,343,1219,590
2152,344,1217,591
2152,345,1215,592
2152,346,1213,593
2152,347,1211,594
2152,348,1209,595
2152,349,1207,596
2152,350,1205,597
2152,351,1203,598
2152,352,1201,599
2152,353,1199,600
2152,354,1197,601
2152,355,1195,602
2152,356,1193,603
2152,357,1191,604
2152,358,1189,605
2152,359,1187,606
2152,360,1185,607
2152,361,1183,608
2152,362,1181,609
2152,363,1179,610
2152,364,1177,611
2152,365,1175,612
2152,366,1173,613
2152,367,1171,614
2152,368,1169,615
2152,369,1167,616
2152,370,1165,617
2152,371,1163,618
2152,372,1161,619
2152,373,1159,620
2152,374,1157,621
2152,375,1155,622
2152,376,1153,623
2152,377,1151,624
2152,378,1149,625
2152,379,1147,626
2152,380,1145,627
2152,381,1143,628
2152,382,1141,629
2152,383,1139,630
2152,384,1137,631
2152,385,1135,632
2152,386,1133,633
2152,387,1131,634
2152,388,1129,635
2152,389,1127,636
2152,390,1125,637
2152,391,1123,638
2152,392,1121,639
2152,393,1119,640
2152,394,1117,641
2152,395,1115,642
2152,396,1113,643
2152,397,1111,644
2152,398,1109,645
2152,399,1107,646
2152,400,1105,647
2152,401,1103,648
2152,402,1101,649
2152,403,1099,650
2152,404,1097,651
2152,405,1095,652
2152,406,1093,653
2152,407,1091,654
2152,408,1089,655
2152,409,1087,656
2152,410,1085,657
2152,411,1083,658
2152,412,1081,659
2152,413,1079,660
2152,414,1077,661
2152,415,1075,662
2152,416,1073,663
2152,417,1071,664
2152,418,1069,665
2152,419,1067,666
2152,420,1065,667
2152,421,1063,668
2152,422,1061,669
2152,423,1059,670
2152,424,1057,671
2152,425,1055,672
2152,426,1053,673
2152,427,1051,674
2152,428,1049,675
2152,429,1047,676
2152,430,1045,677
2152,431,1043,678
2152,432,1041,679
2152,433,1039,680
2152,434,1037,681
2152,435,1035,682
2153,308,1305,540
2153,309,1303,541
2153,310,1301,542
2153,311,1299,543
2153,312,1297,544
2153,313,1295,545
2153,314,1293,546
2153,315,1291,547
2153,316,1289,548
2153,317,1287,549
2153,318,1285,550
2153,319,1283,551
2153,320,1281,552
2153,321,1279,553
2153,322,1277,554
2153,323,1275,555
2153,324,1273,556
2153,325,1271,557
2153,326,1269,558
2153,327,1267,559
2153,328,1265,560
2153,329,1263,561
2153,330,1261,562
2153,331,1259,563
2153,332,1257,564
2153,333,1255,565
2153,334,1253,566
2153,335,1251,567
2153,336,1249,568
2153,337,1247,569
2153,338,1245,570
2153,339,1243,571
2153,340,1241,572
2153,341,1239,573
2153,342,1237,574
2153,343,1235,575
2153,344,1233,576
2153,345,1231,577
2153,346,1229,578
2153,347,1227,579
2153,348,1225,580
2153,349,1223,581
2153,350,1221,582
2153,351,1219,583
2153,352,1217,584
2153,353,1215,585
2153,354,1213,586
2153,355,1211,587
2153,356,1209,588
2153,357,1207,589
2153,358,1205,590
2153,359,1203,591
2153,360,1201,592
2153,361,1199,593
2153,362,1197,594
2153,363,1195,595
2153,364,1193,596
2153,365,1191,597
2153,366,1189,598
2153,367,1187,599
2153,368,1185,600
2153,369,1183,601
2153,370,1181,602
2153,371,1179,603
2153,372,1177,604
2153,373,1175,605
2153,374,1173,606
2153,375,1171,607
2153,376,1169,608
2153,377,1167,609
2153,378,1165,610
2153,379,1163,611
2153,380,1161,612
2153,381,1159,613
2153,382,1157,614
2153,383,1155,615
2153,384,1153,616
2153,385,1151,617
2153,386,1149,618
2153,387,1147,619
2153,388,1145,620
2153,389,1143,621
2153,390,1141,622
2153,391,1139,623
2153,392,1137,624
2153,393,1135,625
2153,394,1133,626
2153,395,1131,627
2153,396,1129,628
2153,397,1127,629
2153,398,1125,630
2153,399,1123,631
2153,400,1121,632
2153,401,1119,633
2153,402,1117,634
2153,403,1115,635
2153,404,1113,636
2153,405,1111,637
2153,406,1109,638
2153,407,1107,639
2153,408,1105,640
2153,409,1103,641
2153,410,1101,642
2153,411,1099,643
2153,412,1097,644
2153,413,1095,645
2153,414,1093,646
2153,415,1091,647
2153,416,1089,648
2153,417,1087,649
2153,418,1085,650
2153,419,1083,651
2153,420,1081,652
2153,421,1079,653
2153,422,1077,654
2153,423,1075,655
2153,424,1073,656
2153,425,1071,657
2153,426,1069,658
2153,427,1067,659
2153,428,1065,660
2153,429,1063,661
2153,430,1061,662
2153,431,1059,663
2153,432,1057,664
2153,433,1055,665
2153,434,1053,666
2153,435,1051,667
2154,316,1305,533
2154,317,1303,534
2154,318,1301,535
2154,319,1299,536
2154,320,1297,537
2154,321,1295,538
2154,322,1293,539
2154,323,1291,540
2154,324,1289,541
2154,325,1287,542
2154,326,1285,543
2154,327,1283,544
2154,328,1281,545
2154,329,1279,546
2154,330,1277,547
2154,331,1275,548
2154,332,1273,549
2154,333,1271,550
2154,334,1269,551
2154,335,1267,552
2154,336,1265,553
2154,337,1263,554
2154,338,1261,555
2154,339,1259,556
2154,340,1257,557
2154,341,1255,558
2154,342,1253,559
2154,343,1251,560
2154,344,1249,561
2154,345,1247,562
2154,346,1245,563
2154,347,1243,564
2154,348,1241,565
2154,349,1239,566
2154,350,1237,567
2154,351,1235,568
2154,352,1233,569
2154,353,1231,570
2154,354,1229,571
2154,355,1227,572
2154,356,1225,573
2154,357,1223,574
2154,358,1221,575
2154,359,1219,576
2154,360,1217,577
2154,361,1215,578
2154,362,1213,579
2154,363,1211,580
2154,364,1209,581
2154,365,1207,582
2154,366,1205,583
2154,367,1203,584
2154,368,1201,585
2154,369,1199,586
2154,370,1197,587
2154,371,1195,588
2154,372,1193,589
2154,373,1191,590
2154,374,1189,591
2154,375,1187,592
2154,376,1185,593
2154,377,1183,594
2154,378,1181,595
2154,379,1179,596
2154,380,1177,597
2154,381,1175,598
2154,382,1173,599
2154,383,1171,600
2154,384,1169,601
2154,385,1167,602
2154,386,1165,603
2154,387,1163,604
2154,388,1161,605
2154,389,1159,606
2154,390,1157,607
2154,391,1155,608
2154,392,1153,609
2154,393,1151,610
2154,394,1149,611
2154,395,1147,612
2154,396,1145,613
2154,397,1143,614
2154,398,1141,615
2154,399,1139,616
2154,400,1137,617
2154,401,1135,618
2154,402,1133,619
2154,403,1131,620
2154,404,1129,621
2154,405,1127,622
2154,406,1125,623
2154,407,1123,624
2154,408,1121,625
2154,409,1119,626
2154,410,1117,627
2154,411,1115,628
2154,412,1113,629
2154,413,1111,630
2154,414,1109,631
2154,415,1107,632
2154,416,1105,633
2154,417,1103,634
2154,418,1101,635
2154,419,1099,636
2154,420,1097,637
2154,421,1095,638
2154,422,1093,639
2154,423,1091,640
2154,424,1089,641
2154,425,1087,642
2154,426,1085,643
2154,427,1083,644
2154,428,1081,645
2154,429,1079,646
2154,430,1077,647
2154,431,1075,648
2154,432,1073,649
2154,433,1071,650
2154,434,1069,651
2154,435,1067,652
2155,324,1305,526
2155,325,1303,527
2155,326,1301,528
2155,327,1299,529
2155,328,1297,530
2155,329,1295,531
2155,330,1293,532
2155,331,1291,533
2155,332,1289,534
2155,333,1287,535
2155,334,1285,536
2155,335,1283,537
2155,336,1281,538
2155,337,1279,539
2155,338,1277,540
2155,339,1275,541
2155,340,1273,542
2155,341,1271,543
2155,342,1269,544
2155,343,1267,545
2155,344,1265,546
2155,345,1263,547
2155,346,1261,548
2155,347,1259,549
2155,348,1257,550
2155,349,1255,551
2155,350,1253,552
2155,351,1251,553
2155,352,1249,554
2155,353,1247,555
2155,354,1245,556
2155,355,1243,557
2155,356,1241,558
2155,357,1239,559
2155,358,1237,560
2155,359,1235,561
2155,360,1233,562
2155,361,1231,563
2155,362,1229,564
2155,363,1227,565
2155,364,1225,566
2155,365,1223,567
2155,366,1221,568
2155,367,1219,569
2155,368,1217,570
2155,369,1215,571
2155,370,1213,572
2155,371,1211,573
2155,372,1209,574
2155,373,1207,575
2155,374,1205,576
2155,375,1203,577
2155,376,1201,578
2155,377,1199,579
2155,378,1197,580
2155,379,1195,581
2155,380,1193,582
2155,381,1191,583
2155,382,1189,584
2155,383,1187,585
2155,384,1185,586
2155,385,1183,587
2155,386,1181,588
2155,387,1179,589
2155,388,1177,590
2155,389,1175,591
2155,390,1173,592
2155,391,1171,593
2155,392,1169,594
2155,393,1167,595
2155,394,1165,596
2155,395,1163,597
2155,396,1161,598
2155,397,1159,599
2155,398,1157,600
2155,399,1155,601
2155,400,1153,602
2155,401,1151,603
2155,402,1149,604
2155,403,1147,605
2155,404,1145,606
2155,405,1143,607
2155,406,1141,608
2155,407,1139,609
2155,408,1137,610
2155,409,1135,611
2155,410,1133,612
2155,411,1131,613
2155,412,1129,614
2155,413,1127,615
2155,414,1125,616
2155,415,1123,617
2155,416,1121,618
2155,417,1119,619
2155,418,1117,620
2155,419,1115,621
2155,420,1113,622
2155,421,1111,623
2155,422,1109,624
2155,423,1107,625
2155,424,1105,626
2155,425,1103,627
2155,426,1101,628
2155,427,1099,629
2155,428,1097,630
2155,429,1095,631
2155,430,1093,632
2155,431,1091,633
2155,432,1089,634
2155,433,1087,635
2155,434,1085,636
2155,435,1083,637
2156,332,1305,519
2156,333,1303,520
2156,334,1301,521
2156,335,1299,522
2156,336,1297,523
2156,337,1295,524
2156,338,1293,525
2156,339,1291,526
2156,340,1289,527
2156,341,1287,528
2156,342,1285,529
2156,343,1283,530
2156,344,1281,531
2156,345,1279,532
2156,346,1277,533
2156,347,1275,534
2156,348,1273,535
2156,349,1271,536
2156,350,1269,537
2156,351,1267,538
2156,352,1265,539
2156,353,1263,540
2156,354,1261,541
2156,355,1259,542
2156,356,1257,543
2156,357,1255,544
2156,358,1253,545
2156,359,1251,546
2156,360,1249,547
2156,361,1247,548
2156,362,1245,549
2156,363,1243,550
2156,364,1241,551
2156,365,1239,552
2156,366,1237,553
2156,367,1235,554
2156,368,1233,555
2156,369,1231,556
2156,370,1229,557
2156,371,1227,558
2156,372,1225,559
2156,373,1223,560
2156,374,1221,561
2156,375,1219,562
2156,376,1217,563
2156,377,1215,564
2156,378,1213,565
2156,379,1211,566
2156,380,1209,567
2156,381,1207,568
2156,382,1205,569
2156,383,1203,570
2156,384,1201,571
2156,385,1199,572
2156,386,1197,573
2156,387,1195,574
2156,388,1193,575
2156,389,1191,576
2156,390,1189,577
2156,391,1187,578
2156,392,1185,579
2156,393,1183,580
2156,394,1181,581
2156,395,1179,582
2156,396,1177,583
2156,397,1175,584
2156,398,1173,585
2156,399,1171,586
2156,400,1169,587
2156,401,1167,588
2156,402,1165,589
2156,403,1163,590
2156,404,1161,591
2156,405,1159,592
2156,406,1157,593
2156,407,1155,594
2156,408,1153,595
2156,409,1151,596
2156,410,1149,597
2156,411,1147,598
2156,412,1145,599
2156,413,1143,600
2156,414,1141,601
2156,415,1139,602
2156,416,1137,603
2156,417,1135,604
2156,418,1133,605
2156,419,1131,606
2156,420,1129,607
2156,421,1127,608
2156,422,1125,609
2156,423,1123,610
2156,424,1121,611
2156,425,1119,612
2156,426,1117,613
2156,427,1115,614
2156,428,1113,615
2156,429,1111,616
2156,430,1109,617
2156,431,1107,618
2156,432,1105,619
2156,433,1103,620
2156,434,1101,621
2156,435,1099,622
2157,340,1305,512
2157,341,1303,513
2157,342,1301,514
2157,343,1299,515
2157,344,1297,516
2157,345,1295,517
2157,346,1293,518
2157,347,1291,519
2157,348,1289,520
2157,349,1287,521
2157,350,1285,522
2157,351,1283,523
2157,352,1281,524
2157,353,1279,525
2157,354,1277,526
2157,355,1275,527
2157,356,1273,528
2157,357,1271,529
2157,358,1269,530
2157,359,1267,531
2157,360,1265,532
2157,361,1263,533
2157,362,1261,534
2157,363,1259,535
2157,364,1257,536
2157,365,1255,537
2157,366,1253,538
2157,367,1251,539
2157,368,1249,540
2157,369,1247,541
2157,370,1245,542
2157,371,1243,543
2157,372,1241,544
2157,373,1239,545
2157,374,1237,546
2157,375,1235,547
2157,376,1233,548
2157,377,1231,549
2157,378,1229,550
2157,379,1227,551
2157,380,1225,552
2157,381,1223,553
2157,382,1221,554
2157,383,1219,555
2157,384,1217,556
2157,385,1215,557
2157,386,1213,558
2157,387,1211,559
2157,388,1209,560
2157,389,1207,561
2157,390,1205,562
2157,391,1203,563
2157,392,1201,564
2157,393,1199,565
2157,394,1197,566
2157,395,1195,567
2157,396,1193,568
2157,397,1191,569
2157,398,1189,570
2157,399,1187,571
2157,400,1185,572
2157,401,1183,573
2157,402,1181,574
2157,403,1179,575
2157,404,1177,576
2157,405,1175,577
2157,406,1173,578
2157,407,1171,579
2157,408,1169,580
2157,409,1167,581
2157,410,1165,582
2157,411,1163,583
2157,412,1161,584
2157,413,1159,585
2157,414,1157,586
2157,415,1155,587
2157,416,1153,588
2157,417,1151,589
2157,418,1149,590
2157,419,1147,591
2157,420,1145,592
2157,421,1143,593
2157,422,1141,594
2157,423,1139,595
2157,424,1137,596
2157,425,1135,597
2157,426,1133,598
2157,427,1131,599
2157,428,1129,600
2157,429,1127,601
2157,430,1125,602
2157,431,1123,603
2157,432,1121,604
2157,433,1119,605
2157,434,1117,606
2157,435,1115,607
2158,348,1305,505
2158,349,1303,506
2158,350,1301,507
2158,351,1299,508
2158,352,1297,509
2158,353,1295,510
2158,354,1293,511
2158,355,1291,512
2158,356,1289,513
2158,357,1287,514
2158,358,1285,515
2158,359,1283,516
2158,360,1281,517
2158,361,1279,518
2158,362,1277,519
2158,363,1275,520
2158,364,1273,521
2158,365,1271,522
2158,366,1269,523
2158,367,1267,524
2158,368,1265,525
2158,369,1263,526
2158,370,1261,527
2158,371,1259,528
2158,372,1257,529
2158,373,1255,530
2158,374,1253,531
2158,375,1251,532
2158,376,1249,533
2158,377,1247,534
2158,378,1245,535
2158,379,1243,536
2158,380,1241,537
2158,381,1239,538
2158,382,1237,539
2158,383,1235,540
2158,384,1233,541
2158,385,1231,542
2158,386,1229,543
2158,387,1227,544
2158,388,1225,545
2158,389,1223,546
2158,390,1221,547
2158,391,1219,548
2158,392,1217,549
2158,393,1215,550
2158,394,1213,551
2158,395,1211,552
2158,396,1209,553
2158,397,1207,554
2158,398,1205,555
2158,399,1203,556
2158,400,1201,557
2158,401,1199,558
2158,402,1197,559
2158,403,1195,560
2158,404,1193,561
2158,405,1191,562
2158,406,1189,563
2158,407,1187,564
2158,408,1185,565
2158,409,1183,566
2158,410,1181,567
2158,411,1179,568
2158,412,1177,569
2158,413,1175,570
2158,414,1173,571
2158,415,1171,572
2158,416,1169,573
2158,417,1167,574
2158,418,1165,575
2158,419,1163,576
2158,420,1161,577
2158,421,1159,578
2158,422,1157,579
2158,423,1155,580
2158,424,1153,581
2158,425,1151,582
2158,426,1149,583
2158,427,1147,584
2158,428,1145,585
2158,429,1143,586
2158,430,1141,587
2158,431,1139,588
2158,432,1137,589
2158,433,1135,590
2158,434,1133,591
2158,435,1131,592
2159,356,1305,498
2159,357,1303,499
2159,358,1301,500
2159,359,1299,501
2159,360,1297,502
2159,361,1295,503
2159,362,1293,504
2159,363,1291,505
2159,364,1289,506
2159,365,1287,507
2159,366,1285,508
2159,367,1283,509
2159,368,1281,510
2159,369,1279,511
2159,370,1277,512
2159,371,1275,513
2159,372,1273,514
2159,373,1271,515
2159,374,1269,516
2159,375,1267,517
2159,376,1265,518
2159,377,1263,519
2159,378,1261,520
2159,379,1259,521
2159,380,1257,522
2159,381,1255,523
2159,382,1253,524
2159,383,1251,525
2159,384,1249,526
2159,385,1247,527
2159,386,1245,528
2159,387,1243,529
2159,388,1241,530
2159,389,1239,531
2159,390,1237,532
2159,391,1235,533
2159,392,1233,534
2159,393,1231,535
2159,394,1229,536
2159,395,1227,537
2159,396,1225,538
2159,397,1223,539
2159,398,1221,540
2159,399,1219,541
2159,400,1217,542
2159,401,1215,543
2159,402,1213,544
2159,403,1211,545
2159,404,1209,546
2159,405,1207,547
2159,406,1205,548
2159,407,1203,549
2159,408,1201,550
2159,409,1199,551
2159,410,1197,552
2159,411,1195,553
2159,412,1193,554
2159,413,1191,555
2159,414,1189,556
2159,415,1187,557
2159,416,1185,558
2159,417,1183,559
2159,418,1181,560
2159,419,1179,561
2159,420,1177,562
2159,421,1175,563
2159,422,1173,564
2159,423,1171,565
2159,424,1169,566
2159,425,1167,567
2159,426,1165,568
2159,427,1163,569
2159,428,1161,570
2159,429,1159,571
2159,430,1157,572
2159,431,1155,573
2159,432,1153,574
2159,433,1151,575
2159,434,1149,576
2159,435,1147,577
2160,364,1305,491
2160,365,1303,492
2160,366,1301,493
2160,367,1299,494
2160,368,1297,495
2160,369,1295,496
2160,370,1293,497
2160,371,1291,498
2160,372,1289,499
2160,373,1287,500
2160,374,1285,501
2160,375,1283,502
2160,376,1281,503
2160,377,1279,504
2160,378,1277,505
2160,379,1275,506
2160,380,1273,507
2160,381,1271,508
2160,382,1269,509
2160,383,1267,510
2160,384,1265,511
2160,385,1263,512
2160,386,1261,513
2160,387,1259,514
2160,388,1257,515
2160,389,1255,516
2160,390,1253,517
2160,391,1251,518
2160,392,1249,519
2160,393,1247,520
2160,394,1245,521
2160,395,1243,522
2160,396,1241,523
2160,397,1239,524
2160,398,1237,525
2160,399,1235,526
2160,400,1233,527
2160,401,1231,528
2160,402,1229,529
2160,403,1227,530
2160,404,1225,531
2160,405,1223,532
2160,406,1221,533
2160,407,1219,534
2160,408,1217,535
2160,409,1215,536
2160,410,1213,537
2160,411,1211,538
2160,412,1209,539
2160,413,1207,540
2160,414,1205,541
2160,415,1203,542
2160,416,1201,543
2160,417,1199,544
2160,418,1197,545
2160,419,1195,546
2160,420,1193,547
2160,421,1191,548
2160,422,1189,549
2160,423,1187,550
2160,424,1185,551
2160,425,1183,552
2160,426,1181,553
2160,427,1179,554
2160,428,1177,555
2160,429,1175,556
2160,430,1173,557
2160,431,1171,558
2160,432,1169,559
2160,433,1167,560
2160,434,1165,561
2160,435,1163,562
2161,372,1305,484
2161,373,1303,485
2161,374,1301,486
2161,375,1299,487
2161,376,1297,488
2161,377,1295,489
2161,378,1293,490
2161,379,1291,491
2161,380,1289,492
2161,381,1287,493
2161,382,1285,494
2161,383,1283,495
2161,384,1281,496
2161,385,1279,497
2161,386,1277,498
2161,387,1275,499
2161,388,1273,500
2161,389,1271,501
2161,390,1269,502
2161,391,1267,503
2161,392,1265,504
2161,393,1263,505
2161,394,1261,506
2161,395,1259,507
2161,396,1257,508
2161,397,1255,509
2161,398,1253,510
2161,399,1251,511
2161,400,1249,512
2161,401,1247,513
2161,402,1245,514
2161,403,1243,515
2161,404,1241,516
2161,405,1239,517
2161,406,1237,518
2161,407,1235,519
2161,408,1233,520
2161,409,1231,521
2161,410,1229,522
2161,411,1227,523
2161,412,1225,524
2161,413,1223,525
2161,414,1221,526
2161,415,1219,527
2161,416,1217,528
2161,417,1215,529
2161,418,1213,530
2161,419,1211,531
2161,420,1209,532
2161,421,1207,533
2161,422,1205,534
2161,423,1203,535
2161,424,1201,536
2161,425,1199,537
2161,426,1197,538
2161,427,1195,539
2161,428,1193,540
2161,429,1191,541
2161,430,1189,542
2161,431,1187,543
2161,432,1185,544
2161,433,1183,545
2161,434,1181,546
2161,435,1179,547
2162,380,1305,477
2162,381,1303,478
2162,382,1301,479
2162,383,1299,480
2162,384,1297,481
2162,385,1295,482
2162,386,1293,483
2162,387,1291,484
2162,388,1289,485
2162,389,1287,486
2162,390,1285,487
2162,391,1283,488
2162,392,1281,489
2162,393,1279,490
2162,394,1277,491
2162,395,1275,492
2162,396,1273,493
2162,397,1271,494
2162,398,1269,495
2162,399,1267,496
2162,400,1265,497
2162,401,1263,498
2162,402,1261,499
2162,403,1259,500
2162,404,1257,501
2162,405,1255,502
2162,406,1253,503
2162,407,1251,504
2162,408,1249,505
2162,409,1247,506
2162,410,1245,507
2162,411,1243,508
2162,412,1241,509
2162,413,1239,510
2162,414,1237,511
2162,415,1235,512
2162,416,1233,513
2162,417,1231,514
2162,418,1229,515
2162,419,1227,516
2162,420,1225,517
2162,421,1223,518
2162,422,1221,519
2162,423,1219,520
2162,424,1217,521
2162,425,1215,522
2162,426,1213,523
2162,427,1211,524
2162,428,1209,525
2162,429,1207,526
2162,430,1205,527
2162,431,1203,528
2162,432,1201,529
2162,433,1199,530
2162,434,1197,531
2162,435,1195,532
2163,388,1305,470
2163,389,1303,471
2163,390,1301,472
2163,391,1299,473
2163,392,1297,474
2163,393,1295,475
2163,394,1293,476
2163,395,1291,477
2163,396,1289,478
2163,397,1287,479
2163,398,1285,480
2163,399,1283,481
2163,400,1281,482
2163,401,1279,483
2163,402,1277,484
2163,403,1275,485
2163,404,1273,486
2163,405,1271,487
2163,406,1269,488
2163,407,1267,489
2163,408,1265,490
2163,409,1263,491
2163,410,1261,492
2163,411,1259,493
2163,412,1257,494
2163,413,1255,495
2163,414,1253,496
2163,415,1251,497
2163,416,1249,498
2163,417,1247,499
2163,418,1245,500
2163,419,1243,501
2163,420,1241,502
2163,421,1239,503
2163,422,1237,504
2163,423,1235,505
2163,424,1233,506
2163,425,1231,507
2163,426,1229,508
2163,427,1227,509
2163,428,1225,510
2163,429,1223,511
2163,430,1221,512
2163,431,1219,513
2163,432,1217,514
2163,433,1215,515
2163,434,1213,516
2163,435,1211,517
2164,396,1305,463
2164,397,1303,464
2164,398,1301,465
2164,399,1299,466
2164,400,1297,467
2164,401,1295,468
2164,402,1293,469
2164,403,1291,470
2164,404,1289,471
2164,405,1287,472
2164,406,1285,473
2164,407,1283,474
2164,408,1281,475
2164,409,1279,476
2164,410,1277,477
2164,411,1275,478
2164,412,1273,479
2164,413,1271,480
2164,414,1269,481
2164,415,1267,482
2164,416,1265,483
2164,417,1263,484
2164,418,1261,485
2164,419,1259,486
2164,420,1257,487
2164,421,1255,488
2164,422,1253,489
2164,423,1251,490
2164,424,1249,491
2164,425,1247,492
2164,426,1245,493
2164,427,1243,494
2164,428,1241,495
2164,429,1239,496
2164,430,1237,497
2164,431,1235,498
2164,432,1233,499
2164,433,1231,500
2164,434,1229,501
2164,435,1227,502
2165,404,1305,456
2165,405,1303,457
2165,406,1301,458
2165,407,1299,459
2165,408,1297,460
2165,409,1295,461
2165,410,1293,462
2165,411,1291,463
2165,412,1289,464
2165,413,1287,465
2165,414,1285,466
2165,415,1283,467
2165,416,1281,468
2165,417,1279,469
2165,418,1277,470
2165,419,1275,471
2165,420,1273,472
2165,421,1271,473
2165,422,1269,474
2165,423,1267,475
2165,424,1265,476
2165,425,1263,477
2165,426,1261,478
2165,427,1259,479
2165,428,1257,480
2165,429,1255,481
2165,430,1253,482
2165,431,1251,483
2165,432,1249,484
2165,433,1247,485
2165,434,1245,486
2165,435,1243,487
2166,412,1305,449
2166,413,1303,450
2166,414,1301,451
2166,415,1299,452
2166,416,1297,453
2166,417,1295,454
2166,418,1293,455
2166,419,1291,456
2166,420,1289,457
2166,421,1287,458
2166,422,1285,459
2166,423,1283,460
2166,424,1281,461
2166,425,1279,462
2166,426,1277,463
2166,427,1275,464
2166,428,1273,465
2166,429,1271,466
2166,430,1269,467
2166,431,1267,468
2166,432,1265,469
2166,433,1263,470
2166,434,1261,471
2166,435,1259,472
2167,420,1305,442
2167,421,1303,443
2167,422,1301,444
2167,423,1299,445
2167,424,1297,446
2167,425,1295,447
2167,426,1293,448
2167,427,1291,449
2167,428,1289,450
2167,429,1287,451
2167,430,1285,452
2167,431,1283,453
2167,432,1281,454
2167,433,1279,455
2167,434,1277,456
2167,435,1275,457
2168,428,1305,435
2168,429,1303,436
2168,430,1301,437
2168,431,1299,438
2168,432,1297,439
2168,433,1295,440
2168,434,1293,441
2168,435,1291,442
