c --- [ banner ] -------------------------------------------------------------
c 
c CaDiCaL SAT Solver
c Copyright (c) 2016-2024
c A. Biere, M. Fleury, N. Froleyks, K. Fazekas, F. Pollitt, T. Faller
c JKU Linz, University of Freiburg, TU Wien
c 
c Version 2.1.3 f13d74439a5b5c963ac5b02d05ce93a8098018b8
c Apple clang version 17.0.0 (clang-1700.0.13.5) -Wall -Wextra -O3 -DNDEBUG -DNCLOSEFROM
c Fri Oct 24 16:32:22 KST 2025 Darwin baegjaehyeon-ui-MacBookAir.local 24.6.0 arm64
c 
c --- [ parsing input ] ------------------------------------------------------
c 
c reading DIMACS file from 'lambda_15_10_optimized.cnf'
c opening file to read 'lambda_15_10_optimized.cnf'
c found 'p cnf 518257 3898203' header
c parsed 3898203 clauses in 1.00 seconds process time
c 
c --- [ options ] ------------------------------------------------------------
c 
c all options are set to their default value
c 
c --- [ solving ] ------------------------------------------------------------
c 
c time measured in process time since initialization
c 
c  seconds  reductions  redundant   irredundant
c         MB    restarts       trail        variables
c          level   conflicts       glue           remaining
c 
c *  1.00  0  0 0   0    0    0  0% 0 3898203 518257 100%
c {  1.13  0  0 0   0    0    0  0% 0 3898203 518257 100%
c -  1.53  0 71 1   1  301  287  3% 30 3898203 518257 100%
c }  1.73  0 51 1   2 1002  946  3% 26 3898203 518257 100%
c [  1.73  0  0 1   2 1002  946  0% 0 3898203 518257 100%
c O  1.75  0 81 1   2 1003  947 16% 7 3898203 518257 100%
c -  2.53  0 55 2   2 1855 1541 11% 17 3898203 518257 100%
c ]  2.70  0 38 2   3 3003 2321  7% 17 3898203 518257 100%
c {  2.70  0 51 2   3 3003 2321  3% 26 3898203 518257 100%
c F  2.71  0 51 2   3 3004 2322  3% 26 3898203 518257 100%
c -  3.30  0 42 3   5 4186 2424  3% 22 3898203 518257 100%
c d  3.84  0 39 3   5 5001 3167  3% 21 3833149 485730 94%
c 2  4.88  0 39 3   5 5001 3167  3% 21 3800502 485730 94%
c p  5.21  0 39 3   5 5001 136591  3% 21 3800502 485730 94%
c s  6.66  0 38 3   7 5825 137304  3% 20 3800502 485730 94%
c v  7.72  0 38 3   7 5825 137304  3% 20 3792205 485730 94%
c t  8.12  0 38 3   7 5825 137303  3% 20 3787357 485730 94%
c e  9.79  0 38 3   7 5825 15913  3% 20 3529697 194709 38%
c s 10.39  0 38 3   7 5825 15888  3% 20 3529697 194709 38%
c ^ 11.28  0 38 3   7 5825 15888  3% 20 3529697 194709 38%
c 
c  seconds  reductions   redundant    irredundant
c         MB    restarts        trail         variables
c          level   conflicts        glue            remaining
c 
c # 12.23  0 38 3   7 6006 16048  4% 20 3529697 194709 38%
c } 12.32  0 38 3  10 7005 16991  4% 20 3529697 194709 38%
c [ 12.32  0 38 3  10 7005 16991 20% 17 3529697 194709 38%
c - 12.61  0 40 4  11 7297 3470 18% 17 3529697 194709 38%
c I 13.45  0 40 4  12 10007 6056 12% 20 3529697 194709 38%
c - 14.31  0 54 5  13 11119 4581 11% 26 3529697 194709 38%
c 2 15.97  0 51 5  15 15001 8204  9% 26 3075640 194709 38%
c p 16.09  0 51 5  15 15001 10665  9% 26 3075640 194709 38%
c ] 16.22  0 51 5  15 15006 10670  9% 26 3075640 194709 38%
c { 16.22  0 38 5  15 15006 10670  4% 20 3075640 194709 38%
c B 16.23  0 38 5  15 15008 10672  4% 20 3075640 194709 38%
c - 16.50  0 38 6  25 15705 5607  3% 19 3075640 194709 38%
c - 17.50  0 35 7  56 20930 6414  4% 18 3075640 194709 38%
c W 17.87  0 35 7  56 21009 6491  4% 18 3075640 194709 38%
c s 18.21  0 34 7  78 22546 7870  4% 18 3075640 194709 38%
c t 18.85  0 34 7  78 22546 7869  4% 18 3058257 194709 38%
c s 19.33  0 34 7  78 22546 7867  4% 18 3058257 194709 38%
c ^ 19.51  0 34 7  78 22546 7867  4% 18 3058257 194709 38%
c - 20.23  0 32 8  91 26908 7017  4% 18 3058257 194709 38%
c F 20.37  0 32 8 120 28011 8057  4% 18 3058257 194709 38%
c 
c  seconds  reductions    redundant    irredundant
c         MB    restarts         trail         variables
c          level    conflicts        glue            remaining
c 
c p 21.25  0 32 8 132 30002 13857  4% 17 3058257 194709 38%
c } 21.50  0 32 8 140 31007 14821  4% 17 3058257 194709 38%
c [ 21.50  0 51 8 140 31007 14821  9% 26 3058257 194709 38%
c - 22.01  0 47 9 141 33618 8109  8% 24 3058257 194709 38%
c B 22.26  0 43 9 143 36012 10221  7% 23 3058257 194709 38%
c - 23.21  0 38 10 146 41074 9238  6% 22 3058257 194709 38%
c W 24.09  0 36 10 147 45018 12845  6% 21 3058257 194709 38%
c s 24.45  0 35 10 148 46388 13990  6% 21 3058257 194709 38%
c t 25.03  0 35 10 148 46388 13990  6% 21 3038782 194709 38%
c e 25.69  0 35 10 148 46388 13909  6% 21 3163985 131220 25%
c s 26.07  0 35 10 148 46388 13906  6% 21 3163985 131220 25%
c ^ 26.27  0 35 10 148 46388 13906  6% 21 3163985 131220 25%
c - 27.34  0 35 11 148 49278 10361  5% 21 3163985 131220 25%
c 2 27.95  0 35 11 148 50005 11004  5% 21 2855965 131220 25%
c O 28.80  0 33 11 149 55020 15322  5% 21 2855965 131220 25%
c - 29.29  0 33 12 151 58278 12193  5% 21 2855965 131220 25%
c ] 29.77  0 33 12 155 63008 16578  5% 20 2855965 131220 25%
c { 29.77  0 32 12 155 63008 16578  6% 17 2855965 131220 25%
c B 30.02  0 32 12 212 66022 19419  6% 17 2855965 131220 25%
c - 30.35  0 32 13 225 67856 12870  5% 17 2855965 131220 25%
c 
c  seconds  reductions     redundant    irredundant
c         MB     restarts         trail         variables
c          level     conflicts        glue            remaining
c 
c p 31.46  0 32 13 297 75009 19539  5% 17 2855965 131220 25%
c W 32.47  0 32 13 314 78023 22436  5% 17 2855965 131220 25%
c - 32.65  0 32 14 314 78170 13385  5% 17 2855965 131220 25%
c s 33.11  0 32 14 374 83122 18031  5% 17 2855965 131220 25%
c w 33.56  0 32 14 374 83122 18029  5% 17 2855965 131220 25%
c t 33.67  0 32 14 374 83122 18029  5% 17 2828868 131220 25%
c e 34.07  0 32 14 374 83122 17885  5% 17 2838183 128387 25%
c s 34.13  0 32 14 374 83122 17877  5% 17 2838183 128387 25%
c ^ 34.31  0 32 14 374 83122 17877  5% 17 2838183 128387 25%
c - 35.10  0 31 15 559 89221 13729  5% 17 2838183 128387 25%
c # 35.25  0 31 15 619 91025 15432  5% 17 2838183 128387 25%
c - 36.18  0 31 16 766 100999 14700  5% 17 2838183 128387 25%
c 2 36.97  0 31 16 910 105009 18445  5% 17 2822246 128387 25%
c B 37.20  0 31 16 913 105026 18461  5% 17 2822246 128387 25%
c - 38.00  0 31 17 1060 113513 15799  5% 16 2822246 128387 25%
c W 39.33  0 30 17 1106 120028 21415  5% 16 2822246 128387 25%
c - 39.98  0 31 18 1221 126747 16252  5% 16 2822246 128387 25%
c } 40.01  0 31 18 1234 127011 16492  5% 16 2822246 128387 25%
c [ 40.01  0 33 18 1234 127011 16492  5% 20 2822246 128387 25%
c s 40.19  0 33 18 1234 127787 17194  5% 20 2822246 128387 25%
c 
c  seconds  reductions       redundant    irredundant
c         MB     restarts           trail         variables
c          level      conflicts         glue            remaining
c 
c w 40.68  0 33 18 1234 127787 17193  5% 20 2822246 128387 25%
c t 40.80  0 33 18 1234 127787 17193  5% 20 2793317 128387 25%
c e 41.32  0 33 18 1234 127787 15445  5% 20 2980879 100860 19%
c s 41.65  0 33 18 1234 127787 15443  5% 20 2980879 100860 19%
c ^ 41.83  0 33 18 1234 127787 15443  5% 20 2980879 100860 19%
c B 42.97  0 50 18 1239 136030 23289  4% 25 2980879 100860 19%
c 2 43.77  0 52 18 1241 140010 26994  4% 26 2684859 100860 19%
c - 44.32  0 52 19 1241 140715 17016  5% 26 2684859 100860 19%
c W 46.75  0 47 19 1243 153031 27803  5% 25 2684859 100860 19%
c - 47.15  0 46 20 1243 155288 17722  5% 25 2684859 100860 19%
c - 48.98  0 43 21 1246 170591 18862  5% 24 2684859 100860 19%
c I 49.03  0 43 21 1246 171032 19234  5% 24 2684859 100860 19%
c s 51.26  0 51 21 1255 186411 33215  5% 26 2684859 100860 19%
c w 51.70  0 51 21 1255 186411 33214  5% 26 2684859 100860 19%
c t 51.89  0 51 21 1255 186411 33214  5% 26 2632674 100860 19%
c e 52.48  0 51 21 1255 186411 32285  5% 26 3074310 65063 13%
c s 52.88  0 51 21 1255 186411 32278  5% 26 3074310 65063 13%
c - 53.63  0 51 22 1255 186623 19129  6% 26 3074310 65063 13%
c B 53.90  0 50 22 1257 190036 22267  7% 26 3074310 65063 13%
c - 55.13  0 51 23 1261 203791 21301  7% 25 3074310 65063 13%
c 
c  seconds  reductions       redundant    irredundant
c         MB     restarts           trail         variables
c          level      conflicts         glue           remaining
c 
c W 57.40  0 49 23 1265 210042 26724  7% 25 3074310 65063 13%
c - 58.66  0 47 24 1271 221703 22555  7% 24 3074310 65063 13%
c 2 59.38  0 46 24 1272 225010 25541  7% 24 2429304 65063 13%
c O 60.29  0 45 24 1273 231043 30897  7% 24 2429304 65063 13%
c - 61.42  0 42 25 1274 240362 23447  7% 23 2429304 65063 13%
c B 62.56  0 40 25 1275 253044 34504  7% 23 2429304 65063 13%
c ] 62.76  0 40 25 1275 255011 36242  7% 23 2429304 65063 13%
c { 62.76  0 31 25 1275 255011 36242  9% 16 2429304 65063 13%
c - 63.15  0 30 26 1343 258968 24662  9% 16 2429304 65063 13%
c s 63.53  0 30 26 1473 264285 29586  9% 16 2429304 65063 13%
c w 63.91  0 30 26 1473 264285 29585  9% 16 2429304 65063 13%
c t 64.10  0 30 26 1473 264285 29585  9% 16 2380900 65063 13%
c s 64.35  0 30 26 1473 264285 29580  9% 16 2380900 65063 13%
c F 65.89  0 30 26 2320 276045 40553  9% 16 2380900 65063 13%
c - 66.20  0 30 27 2397 278291 24651  8% 16 2380900 65063 13%
c - 67.60  0 30 28 3008 298255 25300  8% 16 2380900 65063 13%
c B 67.72  0 30 28 3153 300047 26879  8% 16 2380900 65063 13%
c - 69.22  0 29 29 4144 318932 26307  8% 16 2380900 65063 13%
c W 71.35  0 29 29 4238 325048 31826  7% 16 2380900 65063 13%
c - 73.05  0 29 30 5019 340322 26606  7% 16 2380900 65063 13%
c 
c  seconds  reductions       redundant    irredundant
c         MB     restarts           trail         variables
c          level      conflicts         glue           remaining
c 
c # 73.52  0 29 30 5144 351049 36473  7% 15 2380900 65063 13%
c - 74.43  0 29 31 5525 362425 27669  7% 15 2380900 65063 13%
c B 75.41  0 29 31 6112 378050 41977  7% 15 2380900 65063 13%
c - 75.96  0 29 32 6316 385242 28970  7% 15 2380900 65063 13%
c W 79.81  0 29 32 7077 406051 47871  7% 15 2380900 65063 13%
c - 80.19  0 29 33 7249 408773 29512  7% 15 2380900 65063 13%
c - 81.65  0 29 34 7955 433016 30440  6% 15 2380900 65063 13%
c F 81.80  0 29 34 8117 435053 32330  6% 15 2380900 65063 13%
c - 83.85  0 28 35 8896 457973 31781  6% 15 2380900 65063 13%
c B 84.19  0 28 35 8989 465054 38140  6% 15 2380900 65063 13%
c - 85.60  0 28 36 10058 483641 32529  6% 15 2380900 65063 13%
c W 88.92  0 28 36 11075 496057 43906  6% 15 2380900 65063 13%
c - 89.78  0 28 37 11478 510023 33048  6% 15 2380900 65063 13%
c } 89.87  0 28 37 11536 511012 33988  6% 15 2380900 65063 13%
c [ 89.87  0 40 37 11536 511012 33988  7% 23 2380900 65063 13%
c W 94.03  0 38 37 11536 528058 49242  7% 22 2380900 65063 13%
c - 95.11  0 37 38 11536 537119 33746  7% 22 2380900 65063 13%
c I 97.95  0 35 38 11550 561059 54249  7% 21 2380900 65063 13%
c - 98.48  0 43 39 11550 564927 35428  7% 23 2380900 65063 13%
c - 102.10  0 43 40 11564 593447 35856  7% 23 2380900 65063 13%
c 
c  seconds   reductions        redundant    irredundant
c          MB      restarts           trail         variables
c           level       conflicts         glue           remaining
c 
c B 102.26  0 43 40 11565 595061 37328  7% 23 2380900 65063 13%
c - 106.04  0 40 41 11567 622683 36552  7% 22 2380900 65063 13%
c W 109.92  0 39 41 11573 630062 42950  7% 22 2380900 65063 13%
c - 113.03  0 36 42 11582 652632 38958  7% 22 2380900 65063 13%
c O 114.84  0 36 42 11589 666063 51182  7% 22 2380900 65063 13%
c - 117.69  0 34 43 11597 683291 41757  7% 21 2380900 65063 13%
c s 117.82  0 34 43 11597 683291 41736  7% 21 2380900 65063 13%
c v 118.65  0 34 43 11597 683291 41736  7% 21 2352212 65063 13%
c w 118.85  0 34 43 11597 683291 41734  7% 21 2352212 65063 13%
c t 120.14  0 34 43 11597 683291 41734  7% 21 1911432 65063 13%
c s 120.59  0 34 43 11597 683291 41692  7% 21 1911432 65063 13%
c B 122.85  0 33 43 11598 703066 57688  7% 21 1911432 65063 13%
c - 124.20  0 33 44 11599 714663 42444  7% 21 1911432 65063 13%
c W 129.64  0 32 44 11600 741067 65047  7% 21 1911432 65063 13%
c - 130.41  0 32 45 11600 745463 41354  7% 21 1911432 65063 13%
c - 135.11  0 32 46 11600 776946 43494  7% 22 1911432 65063 13%
c I 135.51  0 32 46 11600 780069 46096  7% 22 1911432 65063 13%
c - 137.93  0 97 47 11603 809117 44206  6% 40 1911432 65063 13%
c B 138.86  0 91 47 11609 820070 53808  6% 38 1911432 65063 13%
c - 140.62  0 80 48 11618 841968 42400  6% 35 1911432 65063 13%
c 
c  seconds   reductions        redundant    irredundant
c          MB      restarts           trail         variables
c           level       conflicts         glue           remaining
c 
c W 144.87  0 72 48 11629 861071 59360  6% 32 1911432 65063 13%
c - 146.21  0 66 49 11631 875504 43866  7% 30 1911432 65063 13%
c O 149.12  0 58 49 11640 903072 68807  7% 28 1911432 65063 13%
c - 150.05  0 56 50 11645 909726 45101  7% 27 1911432 65063 13%
c - 154.53  0 48 51 11660 944631 43242  7% 25 1911432 65063 13%
c B 154.66  0 47 51 11660 946074 44474  7% 25 1911432 65063 13%
c - 159.17  0 42 52 11663 980222 45428  7% 24 1911432 65063 13%
c W 162.63  0 41 52 11663 990075 53745  7% 23 1911432 65063 13%
c - 165.22  0 39 53 11670 1016495 48503  7% 23 1911432 65063 13%
c ] 165.94  0 38 53 11675 1023013 54261  7% 22 1911432 65063 13%
c { 165.94  0 28 53 11675 1023013 54261  6% 15 1911432 65063 13%
c # 166.66  0 29 53 12302 1035076 65413  6% 15 1911432 65063 13%
c - 168.24  0 28 54 12968 1053456 49313  6% 15 1911432 65063 13%
c B 170.07  0 29 54 15303 1081077 74095  6% 15 1911432 65063 13%
c - 170.85  0 29 55 16006 1091098 48618  6% 15 1911432 65063 13%
c W 175.38  0 29 55 17878 1128080 82315  6% 15 1911432 65063 13%
c - 175.62  0 29 56 17959 1129425 48432  6% 15 1911432 65063 13%
c s 175.70  0 29 56 17959 1129425 48412  6% 15 1911432 65063 13%
c w 176.27  0 29 56 17959 1129425 48407  6% 15 1911432 65063 13%
c t 177.09  0 29 56 17959 1129425 48407  6% 15 1740049 65063 13%
c 
c  seconds   reductions         redundant    irredundant
c          MB      restarts            trail         variables
c           level        conflicts         glue           remaining
c 
c s 177.44  0 29 56 17959 1129425 48378  6% 15 1740049 65063 13%
c - 181.08  0 30 57 21846 1168436 49146  6% 15 1740049 65063 13%
c F 181.61  0 30 57 22312 1176081 56354  6% 15 1740049 65063 13%
c - 183.90  0 31 58 24635 1207421 49974  6% 16 1740049 65063 13%
c B 185.06  0 31 58 25485 1225083 66370  6% 16 1740049 65063 13%
c - 186.67  0 31 59 26786 1247078 50881  6% 16 1740049 65063 13%
c W 191.11  0 31 59 27558 1275084 77106  6% 15 1740049 65063 13%
c - 192.12  0 31 60 27865 1287408 51949  6% 15 1740049 65063 13%
c # 194.63  0 31 60 29809 1326085 87414  6% 15 1740049 65063 13%
c - 194.96  0 31 61 29972 1328412 52511  6% 15 1740049 65063 13%
c - 197.80  0 30 62 31535 1370086 53182  6% 15 1740049 65063 13%
c B 198.25  0 30 62 31743 1378090 60634  6% 15 1740049 65063 13%
c - 201.05  0 31 63 33346 1412434 54724  6% 15 1740049 65063 13%
c W 204.32  0 30 63 34212 1431091 71660  6% 15 1740049 65063 13%
c - 206.02  0 30 64 35495 1455452 55381  6% 15 1740049 65063 13%
c F 207.66  0 30 64 36678 1485092 82655  6% 15 1740049 65063 13%
c - 208.62  0 30 65 37357 1499143 55957  6% 15 1740049 65063 13%
c B 211.63  0 30 65 39619 1540093 93733  6% 15 1740049 65063 13%
c - 212.00  0 31 66 39809 1543507 57164  6% 15 1740049 65063 13%
c - 214.90  0 30 67 42052 1588543 57847  6% 15 1740049 65063 13%
c 
c  seconds   reductions         redundant    irredundant
c          MB      restarts            trail         variables
c           level        conflicts         glue           remaining
c 
c W 217.49  0 30 67 42433 1596094 64746  6% 15 1740049 65063 13%
c - 220.63  0 31 68 44528 1634252 58865  6% 15 1740049 65063 13%
c s 220.72  0 31 68 44528 1634252 58837  6% 15 1740049 65063 13%
c w 221.23  0 31 68 44528 1634252 58825  6% 15 1740049 65063 13%
c t 221.96  0 31 68 44528 1634252 58825  6% 15 1663551 65063 13%
c s 222.45  0 31 68 44528 1634252 58803  6% 15 1663551 65063 13%
c # 223.80  0 31 68 45668 1653096 76257  6% 15 1663551 65063 13%
c - 225.45  0 31 69 46611 1680634 59177  6% 15 1663551 65063 13%
c B 227.56  0 31 69 48896 1711097 87536  6% 15 1663551 65063 13%
c - 228.91  0 32 70 50230 1727279 60738  6% 15 1663551 65063 13%
c W 233.67  0 31 70 51384 1770100 99659  6% 15 1663551 65063 13%
c - 234.09  0 30 71 51458 1774588 59848  6% 15 1663551 65063 13%
c - 237.13  0 31 72 53753 1822562 61521  6% 15 1663551 65063 13%
c F 237.45  0 31 72 53937 1830101 68391  6% 15 1663551 65063 13%
c - 240.41  0 31 73 57178 1871202 62549  6% 15 1663551 65063 13%
c B 242.78  0 31 73 59802 1891102 81135  6% 16 1663551 65063 13%
c - 245.44  0 31 74 61827 1920512 64031  6% 16 1663551 65063 13%
c W 249.84  0 31 74 62809 1953103 93815  6% 15 1663551 65063 13%
c - 251.10  0 31 75 63501 1970485 63796  6% 15 1663551 65063 13%
c # 253.98  0 30 75 65386 2016104 105231  6% 15 1663551 65063 13%
c 
c  seconds   reductions         redundant    irredundant
c          MB      restarts            trail         variables
c           level        conflicts         glue           remaining
c 
c - 254.57  0 30 76 65739 2021124 64938  6% 15 1663551 65063 13%
c } 257.07  0 31 76 67133 2047013 88682  6% 15 1663551 65063 13%
c [ 257.07  0 38 76 67133 2047013 88682  7% 22 1663551 65063 13%
c - 259.61  0 47 77 67143 2072431 66343  7% 24 1663551 65063 13%
c I 260.43  0 45 77 67148 2080107 72963  7% 24 1663551 65063 13%
c - 266.16  0 44 78 67160 2124403 65670  7% 24 1663551 65063 13%
c B 269.00  0 40 78 67167 2145108 82900  7% 23 1663551 65063 13%
c - 273.53  0 36 79 67182 2177041 67181  7% 22 1663551 65063 13%
c s 273.65  0 36 79 67182 2177041 67147  7% 22 1663551 65063 13%
c w 274.21  0 36 79 67182 2177041 67138  7% 22 1663551 65063 13%
c t 275.03  0 36 79 67182 2177041 67138  7% 22 1547553 65063 13%
c s 275.36  0 36 79 67182 2177041 67113  7% 22 1547553 65063 13%
c W 282.54  0 35 79 67184 2211109 96170  7% 22 1547553 65063 13%
c - 284.90  0 34 80 67185 2230349 70586  7% 21 1547553 65063 13%
c O 291.63  0 34 80 67185 2278111 112260  7% 22 1547553 65063 13%
c - 292.76  0 33 81 67185 2283562 71601  7% 22 1547553 65063 13%
c - 303.01  0 31 82 67186 2337428 75329  7% 22 1547553 65063 13%
c B 304.89  0 31 82 67186 2346112 82702  7% 22 1547553 65063 13%
c - 310.67  0 31 83 67186 2391950 75301  7% 22 1547553 65063 13%
c W 315.74  0 31 83 67186 2415114 94852  7% 22 1547553 65063 13%
c 
c  seconds   reductions         redundant    irredundant
c          MB      restarts            trail         variables
c           level        conflicts         glue           remaining
c 
c - 321.98  0 31 84 67199 2447129 78457  7% 22 1547553 65063 13%
c I 329.91  0 30 84 67216 2485116 109361  7% 22 1547553 65063 13%
c - 331.92  0 40 85 67217 2502968 77959  7% 22 1547553 65063 13%
c B 337.55  0 38 85 67240 2556119 126502  7% 22 1547553 65063 13%
c - 338.06  0 39 86 67242 2559460 75722  7% 22 1547553 65063 13%
c - 344.90  0 35 87 67249 2616611 73263  7% 21 1547553 65063 13%
c W 348.99  0 36 87 67251 2628121 84152  7% 21 1547553 65063 13%
c - 358.42  0 33 88 67274 2674418 75455  7% 22 1547553 65063 13%
c O 362.82  0 33 88 67280 2701124 99288  7% 22 1547553 65063 13%
c - 366.49  0 32 89 67294 2732881 76268  7% 22 1547553 65063 13%
c s 366.57  0 32 89 67294 2732881 76198  7% 22 1547553 65063 13%
c w 367.22  0 32 89 67294 2732881 76171  7% 22 1547553 65063 13%
c t 368.39  0 32 89 67294 2732881 76171  7% 22 1463885 65063 13%
c s 368.75  0 32 89 67294 2732881 76067  7% 22 1463885 65063 13%
c B 375.50  0 31 89 67310 2775127 111476  7% 21 1463885 65063 13%
c - 378.18  0 31 90 67312 2792003 79813  7% 21 1463885 65063 13%
c W 390.46  0 32 90 67313 2850128 133408  7% 21 1463885 65063 13%
c - 390.84  0 32 91 67313 2851121 83985  7% 21 1463885 65063 13%
c - 405.69  0 33 92 67326 2910889 84126  7% 22 1463885 65063 13%
c I 409.18  0 33 92 67330 2926129 98731  7% 22 1463885 65063 13%
c 
c  seconds   reductions         redundant    irredundant
c          MB      restarts            trail         variables
c           level        conflicts         glue           remaining
c 
c - 416.11  0 39 93 67344 2971306 86111  7% 25 1463885 65063 13%
c B 422.25  0 39 93 67359 3003131 114798  8% 25 1463885 65063 13%
c - 426.95  0 45 94 67373 3032374 82053  7% 26 1463885 65063 13%
c W 437.01  0 41 94 67376 3081132 124823  7% 25 1463885 65063 13%
c - 439.02  0 40 95 67379 3094092 80149  7% 25 1463885 65063 13%
c - 452.00  0 36 96 67406 3156458 85753  7% 24 1463885 65063 13%
c O 452.74  0 36 96 67407 3160134 88896  7% 23 1463885 65063 13%
c - 463.23  0 32 97 67430 3219475 85011  7% 22 1463885 65063 13%
c B 466.63  0 31 97 67438 3240135 101310  7% 22 1463885 65063 13%
c - 473.47  0 36 98 67439 3283140 83567  7% 24 1463885 65063 13%
c W 482.99  0 37 98 67440 3321136 117420  8% 25 1463885 65063 13%
c - 488.80  0 36 99 67440 3347455 86203  8% 25 1463885 65063 13%
c s 488.86  0 36 99 67440 3347455 86141  8% 25 1463885 65063 13%
c w 489.38  0 36 99 67440 3347455 86112  8% 25 1463885 65063 13%
c t 490.17  0 36 99 67440 3347455 86112  8% 25 1196410 65063 13%
c s 490.41  0 36 99 67440 3347455 86016  8% 25 1196410 65063 13%
c I 497.81  0 34 99 67441 3403137 132281  7% 24 1196410 65063 13%
c - 498.74  0 54 100 67441 3412422 83144  7% 28 1196410 65063 13%
c - 503.70  0 142 101 67441 3475381 84249  6% 44 1196410 65063 13%
c B 504.86  0 152 101 67441 3486138 94438  6% 46 1196410 65063 13%
c 
c  seconds     reductions         redundant    irredundant
c          MB        restarts            trail         variables
c            level         conflicts         glue           remaining
c 
c - 512.35  0 105 102 67442 3538965 84302  7% 37 1196410 65063 13%
c W 517.83  0 84 102 67442 3570141 110924  7% 32 1196410 65063 13%
c - 521.62  0 68 103 67442 3603172 85597  7% 28 1196410 65063 13%
c O 527.40  0 52 103 67442 3655142 132008  7% 25 1196410 65063 13%
c - 528.73  0 50 104 67442 3668002 87237  7% 24 1196410 65063 13%
c - 536.07  0 41 105 67442 3733455 86457  7% 24 1196410 65063 13%
c B 536.87  0 40 105 67442 3741143 93238  7% 23 1196410 65063 13%
c - 541.96  0 36 106 67464 3799531 86072  7% 22 1196410 65063 13%
c W 545.47  0 34 106 67473 3828144 110443  6% 21 1196410 65063 13%
c - 548.58  0 37 107 67488 3866234 90780  6% 22 1196410 65063 13%
c I 554.31  0 35 107 67504 3916147 134783  6% 22 1196410 65063 13%
c - 555.60  0 58 108 67505 3933558 92749  6% 25 1196410 65063 13%
c - 561.51  0 81 109 67529 4001504 94191  7% 30 1196410 65063 13%
c s 561.58  0 81 109 67529 4001504 94073  7% 30 1196410 65063 13%
c w 562.04  0 81 109 67529 4001504 94046  7% 30 1196410 65063 13%
c B 563.15  0 79 109 67532 4005149 97215  7% 30 1196410 65063 13%
c - 572.87  0 58 110 67551 4070076 88016  7% 28 1196410 65063 13%
c ] 576.58  0 53 110 67566 4095014 109443  7% 27 1196410 65063 13%
c { 576.58  0 31 110 67566 4095014 109443  6% 15 1196410 65063 13%
c B 576.62  0 31 110 67601 4095154 109564  6% 15 1196410 65063 13%
c 
c  seconds    reductions         redundant    irredundant
c          MB       restarts            trail         variables
c           level         conflicts         glue           remaining
c 
c - 579.69  0 32 111 70152 4139269 92392  6% 15 1196410 65063 13%
c W 583.84  0 32 111 72577 4186155 135299  6% 15 1196410 65063 13%
c - 585.20  0 32 112 73422 4209087 91782  6% 15 1196410 65063 13%
c F 589.47  0 33 112 77699 4278156 155232  6% 15 1196410 65063 13%
c - 589.74  0 33 113 77943 4279529 92753  6% 15 1196410 65063 13%
c - 595.13  0 34 114 82361 4350593 94579  6% 15 1196410 65063 13%
c B 596.70  0 34 114 84302 4371157 113784  6% 16 1196410 65063 13%
c - 600.03  0 33 115 86981 4422280 94918  6% 16 1196410 65063 13%
c W 603.75  0 33 115 88317 4465161 134086  6% 15 1196410 65063 13%
c - 605.37  0 33 116 89154 4494590 94933  6% 15 1196410 65063 13%
c # 610.03  0 33 116 92240 4560162 155565  6% 15 1196410 65063 13%
c - 610.71  0 33 117 92795 4567524 97388  6% 15 1196410 65063 13%
c - 615.85  0 34 118 97389 4641081 98328  6% 15 1196410 65063 13%
c s 615.97  0 34 118 97389 4641081 98229  6% 15 1196410 65063 13%
c w 616.48  0 34 118 97389 4641081 98183  6% 15 1196410 65063 13%
c B 618.74  0 34 118 100207 4656163 112614  6% 16 1196410 65063 13%
c - 622.98  0 34 119 103944 4715263 99017  6% 16 1196410 65063 13%
c W 627.00  0 33 119 104829 4753164 133182  6% 16 1196410 65063 13%
c - 629.54  0 33 120 106411 4790066 98120  6% 15 1196410 65063 13%
c F 635.01  0 35 120 112854 4851165 155745  6% 16 1196410 65063 13%
c 
c  seconds    reductions          redundant     irredundant
c          MB       restarts              trail         variables
c           level          conflicts          glue           remaining
c 
c - 635.84  0 34 121 113102 4865495 100931  6% 16 1196410 65063 13%
c - 642.21  0 35 122 119886 4941545 101715  6% 16 1196410 65063 13%
c B 643.35  0 35 122 120045 4950166 109385  6% 16 1196410 65063 13%
c - 647.72  0 34 123 121989 5018218 101040  6% 16 1196410 65063 13%
c W 651.47  0 34 123 123451 5050167 130669  6% 16 1196410 65063 13%
c - 654.26  0 33 124 124742 5095515 102943  6% 15 1196410 65063 13%
c # 658.14  0 33 124 127238 5151168 154154  6% 15 1196410 65063 13%
c - 659.60  0 34 125 128100 5173435 104944  6% 15 1196410 65063 13%
c - 667.25  0 34 126 134133 5251980 106107  6% 16 1196410 65063 13%
c B 667.39  0 34 126 134281 5253171 107229  6% 16 1196410 65063 13%
c - 674.14  0 35 127 140225 5331147 107350  6% 16 1196410 65063 13%
c s 674.26  0 35 127 140225 5331147 107268  6% 16 1196410 65063 13%
c w 674.80  0 35 127 140225 5331147 107206  6% 16 1196410 65063 13%
c W 679.29  0 35 127 141749 5356175 130728  6% 16 1196410 65063 13%
c - 686.04  0 35 128 148129 5410937 108406  6% 17 1196410 65063 13%
c F 689.13  0 34 128 149948 5460176 153329  6% 16 1196410 65063 13%
c - 690.80  0 33 129 150396 5491351 106161  6% 16 1196410 65063 13%
c B 696.23  0 34 129 156359 5565179 173922  6% 16 1196410 65063 13%
c - 697.04  0 34 130 157279 5572388 108959  6% 16 1196410 65063 13%
c - 704.07  0 34 131 162450 5654051 110442  6% 16 1196410 65063 13%
c 
c  seconds    reductions          redundant     irredundant
c          MB       restarts              trail         variables
c           level          conflicts          glue           remaining
c 
c W 706.49  0 34 131 162805 5671181 125996  6% 16 1196410 65063 13%
c - 710.74  0 33 132 165383 5736336 110268  6% 16 1196410 65063 13%
c # 713.91  0 33 132 168281 5778184 149280  6% 16 1196410 65063 13%
c - 717.68  0 34 133 172188 5819243 113148  6% 16 1196410 65063 13%
c B 724.19  0 35 133 177505 5886187 176184  6% 17 1196410 65063 13%
c - 725.43  0 35 134 177871 5902773 113776  6% 16 1196410 65063 13%
c - 733.63  0 35 135 184865 5986929 114975  7% 17 1196410 65063 13%
c W 735.87  0 35 135 185182 5995191 122839  7% 17 1196410 65063 13%
c - 742.73  0 34 136 188059 6071706 114104  7% 17 1196410 65063 13%
c s 742.85  0 34 136 188059 6071706 114030  7% 17 1196410 65063 13%
c w 743.50  0 34 136 188059 6071706 113958  7% 17 1196410 65063 13%
c t 744.24  0 34 136 188059 6071706 113954  7% 17 1196410 65063 13%
c F 746.53  0 34 136 188767 6105193 145102  7% 17 1196410 65063 13%
c - 751.33  0 34 137 190657 6157106 114958  7% 16 1196410 65063 13%
c B 755.65  0 34 137 192473 6216194 168884  6% 16 1196410 65063 13%
c - 758.59  0 34 138 194997 6243130 116378  6% 16 1196410 65063 13%
c W 766.80  0 34 138 198242 6328196 194464  6% 15 1196410 65063 13%
c - 767.14  0 34 139 198287 6329777 117128  6% 15 1196410 65063 13%
c - 774.93  0 33 140 202633 6417048 118537  6% 15 1196410 65063 13%
c # 777.52  0 34 140 205776 6441197 141321  6% 16 1196410 65063 13%
c 
c  seconds    reductions          redundant     irredundant
c          MB       restarts              trail         variables
c           level          conflicts          glue           remaining
c 
c - 783.88  0 33 141 210744 6504942 120195  6% 16 1196410 65063 13%
c B 787.64  0 33 141 212383 6555198 166395  6% 16 1196410 65063 13%
c - 791.46  0 34 142 214791 6593459 119932  6% 16 1196410 65063 13%
c W 801.18  0 35 142 219127 6670199 191068  6% 16 1196410 65063 13%
c - 802.45  0 35 143 219706 6682600 121555  6% 16 1196410 65063 13%
c - 809.92  0 35 144 224398 6772364 122624  6% 16 1196410 65063 13%
c F 811.18  0 35 144 225193 6786203 135527  6% 16 1196410 65063 13%
c - 817.70  0 34 145 231795 6862752 123647  6% 16 1196410 65063 13%
c s 817.81  0 34 145 231795 6862752 123570  6% 16 1196410 65063 13%
c w 818.35  0 34 145 231795 6862752 123464  6% 16 1196410 65063 13%
c t 818.36  0 34 145 231795 6862752 123461  6% 16 1196410 65063 13%
c B 821.51  0 33 145 233389 6903204 159861  6% 16 1196410 65063 13%
c - 824.76  0 33 146 234986 6953766 122234  6% 16 1196410 65063 13%
c W 830.47  0 33 146 237726 7021205 183934  6% 15 1196410 65063 13%
c - 832.88  0 33 147 240858 7045400 125156  6% 16 1196410 65063 13%
c - 840.38  0 34 148 246432 7137659 126802  6% 16 1196410 65063 13%
c # 840.66  0 34 148 246691 7140206 129194  6% 16 1196410 65063 13%
c - 847.78  0 33 149 250349 7230541 126646  6% 15 1196410 65063 13%
c B 851.34  0 34 149 255490 7260207 154922  6% 16 1196410 65063 13%
c - 857.83  0 35 150 261832 7324045 129677  6% 17 1196410 65063 13%
c 
c  seconds    reductions          redundant     irredundant
c          MB       restarts              trail         variables
c           level          conflicts          glue           remaining
c 
c W 865.20  0 36 150 266287 7381209 183974  7% 17 1196410 65063 13%
c - 867.86  0 36 151 267025 7418172 129303  7% 17 1196410 65063 13%
c F 874.55  0 35 151 271034 7503214 208262  6% 16 1196410 65063 13%
c - 875.47  0 35 152 271989 7512925 130209  6% 16 1196410 65063 13%
c - 883.02  0 35 153 277747 7608299 132119  7% 16 1196410 65063 13%
c B 883.92  0 34 153 278121 7626216 147310  6% 16 1196410 65063 13%
c - 889.65  0 33 154 281313 7704297 129803  6% 16 1196410 65063 13%
c s 889.76  0 33 154 281313 7704297 129737  6% 16 1196410 65063 13%
c w 890.26  0 33 154 281313 7704297 129592  6% 16 1196410 65063 13%
c t 890.27  0 33 154 281313 7704297 129590  6% 16 1196410 65063 13%
c W 894.24  0 34 154 283294 7750217 171983  6% 16 1196410 65063 13%
c - 897.51  0 34 155 286394 7800920 132076  6% 16 1196410 65063 13%
c # 901.57  0 34 155 290023 7875218 199990  6% 16 1196410 65063 13%
c - 903.68  0 34 156 293649 7898164 133614  6% 16 1196410 65063 13%
c - 910.21  0 34 157 298073 7996032 134807  6% 16 1196410 65063 13%
c B 910.77  0 34 157 298734 8001219 139721  6% 16 1196410 65063 13%
c - 917.10  0 34 158 302910 8094523 136392  6% 16 1196410 65063 13%
c W 920.46  0 34 158 304170 8128223 166898  6% 15 1196410 65063 13%
c } 924.16  0 34 158 307491 8191014 224722  6% 15 1196410 65063 13%
c [ 924.16  0 53 158 307491 8191014 224722  7% 27 1196410 65063 13%
c 
c  seconds    reductions          redundant     irredundant
c          MB       restarts              trail         variables
c           level          conflicts          glue           remaining
c 
c - 924.53  0 53 159 307491 8193639 135981  7% 27 1196410 65063 13%
c W 931.15  0 84 159 307494 8256226 193382  7% 29 1196410 65063 13%
c - 936.44  0 68 160 307494 8293377 135889  7% 27 1196410 65063 13%
c O 951.50  0 45 160 307525 8385227 218820  7% 23 1196410 65063 13%
c - 953.24  0 44 161 307525 8393738 137271  7% 23 1196410 65063 13%
c - 968.60  0 34 162 307557 8494723 126431  7% 22 1196410 65063 13%
c B 971.54  0 33 162 307558 8515228 143274  7% 22 1196410 65063 13%
c - 986.05  0 32 163 307588 8596331 129795  7% 23 1196410 65063 13%
c s 986.14  0 32 163 307588 8596331 129657  7% 23 1196410 65063 13%
c w 986.72  0 32 163 307588 8596331 129578  7% 23 1196410 65063 13%
c t 986.74  0 32 163 307588 8596331 129574  7% 23 1196410 65063 13%
c W 996.35  0 31 163 307613 8646229 171207  7% 23 1196410 65063 13%
c - 1006.67  0 29 164 307620 8698562 133253  7% 22 1196410 65063 13%
c I 1021.55  0 29 164 307621 8778230 196464  7% 22 1196410 65063 13%
c - 1024.12  0 33 165 307622 8801420 135377  7% 23 1196410 65063 13%
c - 1036.33  0 45 166 307622 8904898 140082  7% 24 1196410 65063 13%
c B 1037.48  0 46 166 307622 8911231 146119  7% 24 1196410 65063 13%
c - 1048.43  0 38 167 307662 9008999 138268  7% 22 1196410 65063 13%
c W 1055.07  0 35 167 307679 9045232 169245  6% 21 1196410 65063 13%
c - 1067.65  0 35 168 307688 9113724 142992  7% 22 1196410 65063 13%
c 
c   seconds    reductions          redundant     irredundant
c           MB       restarts              trail         variables
c            level          conflicts          glue           remaining
c 
c O 1081.88  0 32 168 307716 9180234 201452  7% 21 1196410 65063 13%
c - 1088.94  0 30 169 307730 9219072 145289  7% 20 1196410 65063 13%
c B 1112.38  0 27 169 307749 9316235 229279  7% 20 1196410 65063 13%
c - 1115.01  0 27 170 307749 9325043 148578  7% 20 1196410 65063 13%
c - 1142.84  0 27 171 307778 9431641 149970  7% 20 1196410 65063 13%
c W 1147.53  0 27 171 307780 9453236 169235  7% 20 1196410 65063 13%
c - 1166.48  0 27 172 307811 9538859 146383  7% 20 1196410 65063 13%
c s 1166.61  0 27 172 307811 9538859 146233  7% 20 1196410 65063 13%
c w 1167.35  0 27 172 307811 9538859 146133  7% 20 1196410 65063 13%
c t 1167.37  0 27 172 307811 9538859 146131  7% 20 1196410 65063 13%
c I 1178.53  0 27 172 307822 9591237 191675  7% 21 1196410 65063 13%
c - 1185.74  0 33 173 307843 9646700 149187  7% 22 1196410 65063 13%
c B 1198.49  0 34 173 307874 9730238 223751  7% 22 1196410 65063 13%
c - 1200.76  0 51 174 307875 9755166 153192  7% 23 1196410 65063 13%
c - 1213.79  0 44 175 307877 9864258 150393  7% 23 1196410 65063 13%
c W 1216.01  0 43 175 307877 9870240 156041  7% 23 1196410 65063 13%
c - 1231.26  0 39 176 307878 9973970 148150  7% 22 1196410 65063 13%
c O 1236.11  0 39 176 307878 10011243 183582  7% 22 1196410 65063 13%
c - 1248.71  0 37 177 307878 10084305 154304  8% 23 1196410 65063 13%
c B 1263.72  0 36 177 307878 10153247 215414  8% 24 1196410 65063 13%
c 
c   seconds    reductions           redundant     irredundant
c           MB       restarts               trail         variables
c            level          conflicts           glue           remaining
c 
c - 1270.43  0 45 178 307878 10195264 156759  7% 26 1196410 65063 13%
c W 1291.14  0 46 178 307879 10296250 250496  8% 27 1196410 65063 13%
c - 1293.32  0 45 179 307879 10306846 156997  8% 27 1196410 65063 13%
c - 1314.68  0 38 180 307879 10419051 157172  8% 25 1196410 65063 13%
c I 1318.96  0 37 180 307879 10440251 175463  8% 25 1196410 65063 13%
c - 1330.01  0 177 181 307879 10531880 164395  6% 61 1196410 65063 13%
c s 1330.11  0 177 181 307879 10531880 164265  6% 61 1196410 65063 13%
c w 1330.70  0 177 181 307879 10531880 164191  6% 61 1196410 65063 13%
c t 1330.71  0 177 181 307879 10531880 164190  6% 61 1196410 65063 13%
c B 1338.45  0 173 181 307879 10585252 215178  6% 64 1196410 65063 13%
c - 1346.22  0 125 182 307879 10645334 162095  6% 49 1196410 65063 13%
c W 1365.16  0 90 182 307879 10731253 243026  7% 41 1196410 65063 13%
c - 1370.87  0 76 183 307879 10759410 167303  7% 37 1196410 65063 13%
c - 1400.24  0 45 184 307924 10874109 164125  8% 27 1196410 65063 13%
c O 1401.31  0 45 184 307925 10878254 167815  8% 27 1196410 65063 13%
c - 1420.55  0 36 185 307956 10989433 165069  8% 23 1196410 65063 13%
c B 1428.97  0 34 185 307971 11026255 195908  8% 23 1196410 65063 13%
c - 1445.81  0 34 186 308001 11105378 162847  8% 23 1196410 65063 13%
c W 1463.13  0 32 186 308006 11175258 222243  8% 23 1196410 65063 13%
c - 1474.16  0 31 187 308006 11221947 162852  8% 22 1196410 65063 13%
c 
c   seconds    reductions           redundant     irredundant
c           MB       restarts               trail         variables
c            level          conflicts           glue           remaining
c 
c I 1500.06  0 30 187 308044 11325261 249672  8% 23 1196410 65063 13%
c - 1502.34  0 43 188 308051 11339142 163127  8% 26 1196410 65063 13%
c - 1524.36  0 33 189 308083 11456959 157978  7% 22 1196410 65063 13%
c B 1529.88  0 32 189 308091 11476267 174440  7% 22 1196410 65063 13%
c - 1544.16  0 34 190 308130 11575401 158302  7% 22 1196410 65063 13%
c s 1544.27  0 34 190 308130 11575401 158228  7% 22 1196410 65063 13%
c w 1545.06  0 34 190 308130 11575401 158169  7% 22 1196410 65063 13%
c t 1545.07  0 34 190 308130 11575401 158168  7% 22 1196410 65063 13%
c W 1555.41  0 32 190 308132 11628268 202963  6% 22 1196410 65063 13%
c - 1569.79  0 31 191 308133 11694463 158296  7% 23 1196410 65063 13%
c O 1593.81  0 31 191 308134 11781270 230718  7% 23 1196410 65063 13%
c - 1600.24  0 32 192 308134 11814148 167889  7% 23 1196410 65063 13%
c - 1622.97  0 32 193 308179 11934457 166677  7% 23 1196410 65063 13%
c B 1623.13  0 32 193 308179 11935272 167359  7% 23 1196410 65063 13%
c - 1646.68  0 33 194 308212 12055391 166965  7% 24 1196410 65063 13%
c W 1657.91  0 32 194 308227 12090275 196326  7% 23 1196410 65063 13%
c - 1681.52  0 30 195 308258 12176947 172796  7% 23 1196410 65063 13%
c I 1703.37  0 29 195 308261 12246277 228940  7% 22 1196410 65063 13%
c - 1710.64  0 86 196 308266 12299127 177608  7% 27 1196410 65063 13%
c B 1720.77  0 62 196 308307 12403278 269717  6% 25 1196410 65063 13%
c 
c   seconds    reductions           redundant     irredundant
c           MB       restarts               trail         variables
c            level          conflicts           glue           remaining
c 
c - 1723.53  0 70 197 308314 12421931 167820  6% 27 1196410 65063 13%
c - 1744.36  0 43 198 308352 12545357 159887  7% 24 1196410 65063 13%
c W 1748.08  0 41 198 308355 12561279 172985  7% 24 1196410 65063 13%
c - 1766.14  0 35 199 308387 12669408 161515  7% 24 1196410 65063 13%
c s 1766.23  0 35 199 308387 12669408 161397  7% 24 1196410 65063 13%
c w 1766.86  0 35 199 308387 12669408 161328  7% 24 1196410 65063 13%
c t 1766.88  0 35 199 308387 12669408 161324  7% 24 1196410 65063 13%
c O 1774.42  0 33 199 308388 12720280 203394  7% 24 1196410 65063 13%
c - 1786.95  0 30 200 308389 12794081 163904  7% 23 1196410 65063 13%
c B 1802.18  0 32 200 308389 12880281 236705  7% 25 1196410 65063 13%
c - 1810.18  0 34 201 308390 12919381 167026  7% 25 1196410 65063 13%
c W 1838.02  0 34 201 308390 13041283 278149  7% 25 1196410 65063 13%
c - 1838.99  0 34 202 308390 13045302 177088  7% 25 1196410 65063 13%
c - 1862.65  0 30 203 308400 13171844 166848  7% 23 1196410 65063 13%
c I 1868.00  0 29 203 308414 13203284 192812  7% 23 1196410 65063 13%
c - 1880.94  0 31 204 308451 13299012 167786  7% 22 1196410 65063 13%
c B 1893.09  0 32 204 308460 13366285 227787  7% 23 1196410 65063 13%
c - 1900.98  0 32 205 308484 13426801 176339  7% 22 1196410 65063 13%
c W 1919.88  0 29 205 308516 13530286 262473  7% 21 1196410 65063 13%
c - 1924.47  0 29 206 308517 13555213 171059  7% 22 1196410 65063 13%
c 
c   seconds    reductions           redundant     irredundant
c           MB       restarts               trail         variables
c            level          conflicts           glue           remaining
c 
c - 1949.19  0 31 207 308547 13684249 170097  7% 23 1196410 65063 13%
c O 1950.84  0 31 207 308548 13695288 179428  7% 23 1196410 65063 13%
c - 1978.27  0 30 208 308580 13813909 169596  7% 23 1196410 65063 13%
c s 1978.39  0 30 208 308580 13813909 169500  7% 23 1196410 65063 13%
c w 1979.26  0 30 208 308580 13813909 169400  7% 23 1196410 65063 13%
c t 1979.28  0 30 208 308580 13813909 169394  7% 23 1196410 65063 13%
c B 1990.91  0 30 208 308602 13861289 208371  7% 23 1196410 65063 13%
c - 2010.33  0 27 209 308633 13944192 172344  7% 21 1196410 65063 13%
c W 2027.30  0 29 209 308644 14028290 243751  7% 22 1196410 65063 13%
c - 2038.78  0 29 210 308644 14075101 168812  7% 22 1196410 65063 13%
c I 2070.44  0 28 210 308645 14196294 266942  7% 22 1196410 65063 13%
c - 2072.25  0 44 211 308645 14206631 173055  7% 25 1196410 65063 13%
c - 2094.26  0 46 212 308696 14338784 176020  7% 25 1196410 65063 13%
c B 2099.08  0 41 212 308706 14365295 198911  7% 24 1196410 65063 13%
c - 2110.81  0 41 213 308737 14471561 182422  6% 24 1196410 65063 13%
c W 2119.44  0 37 213 308757 14535297 237411  7% 23 1196410 65063 13%
c - 2130.61  0 34 214 308771 14604960 180655  6% 22 1196410 65063 13%
c O 2145.29  0 31 214 308786 14706298 265023  6% 23 1196410 65063 13%
c - 2150.57  0 30 215 308801 14738983 176969  6% 22 1196410 65063 13%
c - 2171.77  0 28 216 308835 14873629 182135  7% 20 1196410 65063 13%
c 
c   seconds    reductions           redundant     irredundant
c           MB       restarts               trail         variables
c            level          conflicts           glue           remaining
c 
c B 2172.59  0 28 216 308835 14878301 186408  7% 20 1196410 65063 13%
c - 2196.37  0 28 217 308888 15008898 187879  7% 21 1196410 65063 13%
c s 2196.58  0 28 217 308888 15008898 187637  7% 21 1196410 65063 13%
c w 2197.54  0 28 217 308888 15008898 187498  7% 21 1196410 65063 13%
c t 2197.55  0 28 217 308888 15008898 187496  7% 21 1196410 65063 13%
c W 2212.05  0 28 217 308898 15051302 221831  7% 21 1196410 65063 13%
c - 2244.48  0 27 218 308899 15144791 177932  7% 22 1196410 65063 13%
c I 2263.84  0 33 218 308900 15225305 252025  7% 22 1196410 65063 13%
c - 2272.11  0 105 219 308901 15281309 196350  6% 35 1196410 65063 13%
c B 2301.25  0 85 219 308901 15400306 306658  7% 37 1196410 65063 13%
c - 2304.69  0 84 220 308901 15418452 192359  7% 36 1196410 65063 13%
c - 2332.19  0 63 221 308902 15556215 194813  7% 29 1196410 65063 13%
c W 2338.36  0 61 221 308902 15576307 214195  8% 29 1196410 65063 13%
c - 2369.51  0 44 222 308902 15694602 195522  7% 25 1196410 65063 13%
c O 2383.52  0 40 222 308902 15753309 248988  7% 24 1196410 65063 13%
c - 2401.08  0 34 223 308902 15833612 196478  8% 21 1196410 65063 13%
c B 2427.64  0 30 223 308902 15931310 283275  8% 20 1196410 65063 13%
c - 2440.05  0 29 224 308902 15973245 196595  8% 19 1196410 65063 13%
c W 2478.60  0 30 224 308903 16110312 321368  7% 20 1196410 65063 13%
c - 2479.87  0 30 225 308903 16113502 201915  7% 20 1196410 65063 13%
c 
c   seconds    reductions           redundant     irredundant
c           MB       restarts               trail         variables
c            level          conflicts           glue           remaining
c 
c - 2522.66  0 29 226 308903 16254382 198401  7% 21 1196410 65063 13%
c s 2522.79  0 29 226 308903 16254382 198223  7% 21 1196410 65063 13%
c w 2523.85  0 29 226 308903 16254382 198119  7% 21 1196410 65063 13%
c t 2523.87  0 29 226 308903 16254382 198117  7% 21 1196410 65063 13%
c I 2533.39  0 30 226 308903 16290314 230220  7% 21 1196410 65063 13%
c ] 2547.15  0 135 226 308903 16383014 319226  7% 35 1196410 65063 13%
c { 2547.15  0 34 226 308903 16383014 319226  6% 15 1196410 65063 13%
c - 2548.72  0 34 227 309612 16395887 202919  6% 16 1196410 65063 13%
c F 2556.59  0 34 227 314025 16471315 273178  6% 15 1196410 65063 13%
c - 2563.54  0 34 228 318338 16538015 199897  6% 16 1196410 65063 13%
c B 2578.67  0 35 228 329843 16653316 308990  7% 17 1196410 65063 13%
c - 2581.92  0 35 229 331833 16680767 202017  7% 17 1196410 65063 13%
c - 2595.08  0 35 230 336301 16824141 199423  6% 16 1196410 65063 13%
c W 2598.05  0 36 230 337104 16836319 211041  6% 16 1196410 65063 13%
c - 2611.79  0 36 231 345110 16968138 203144  6% 16 1196410 65063 13%
c # 2617.21  0 35 231 346689 17020320 251348  6% 16 1196410 65063 13%
c - 2627.23  0 35 232 352347 17112761 203534  6% 16 1196410 65063 13%
c B 2636.99  0 35 232 357198 17205322 290311  6% 16 1196410 65063 13%
c - 2643.20  0 35 233 361479 17258004 205270  6% 16 1196410 65063 13%
c W 2659.02  0 34 233 369495 17391324 330485  7% 16 1196410 65063 13%
c 
c   seconds    reductions           redundant     irredundant
c           MB       restarts               trail         variables
c            level          conflicts           glue           remaining
c 
c - 2660.21  0 34 234 369840 17403874 206060  6% 16 1196410 65063 13%
c - 2675.43  0 35 235 377758 17550365 206462  6% 16 1196410 65063 13%
c s 2675.66  0 35 235 377758 17550365 206297  6% 16 1196410 65063 13%
c w 2676.56  0 35 235 377758 17550365 206167  6% 16 1196410 65063 13%
c t 2676.58  0 35 235 377758 17550365 206152  6% 16 1196410 65063 13%
c F 2679.74  0 35 235 380468 17578325 232504  6% 16 1196410 65063 13%
c - 2688.70  0 33 236 383891 17697480 205471  6% 16 1196410 65063 13%
c B 2694.48  0 33 236 386727 17766326 268503  6% 15 1196410 65063 13%
c - 2701.28  0 34 237 391151 17845219 208093  6% 16 1196410 65063 13%
c W 2712.33  0 34 237 396553 17955331 309643  6% 15 1196410 65063 13%
c - 2716.66  0 34 238 401818 17993579 210612  6% 16 1196410 65063 13%
c - 2729.93  0 34 239 410852 18142564 211410  6% 16 1196410 65063 13%
c # 2730.11  0 34 239 410900 18145333 214006  6% 16 1196410 65063 13%
c - 2744.84  0 35 240 420622 18292171 212719  6% 16 1196410 65063 13%
c B 2748.28  0 35 240 421767 18336334 253444  6% 16 1196410 65063 13%
c - 2757.44  0 34 241 427025 18442403 211163  6% 16 1196410 65063 13%
c W 2767.65  0 35 241 434324 18528336 291819  6% 16 1196410 65063 13%
c - 2774.85  0 36 242 440259 18593257 216417  7% 17 1196410 65063 13%
c F 2787.29  0 35 242 444541 18721339 335589  6% 16 1196410 65063 13%
c - 2790.19  0 35 243 446068 18744734 214300  6% 16 1196410 65063 13%
c 
c   seconds    reductions           redundant     irredundant
c           MB       restarts               trail         variables
c            level          conflicts           glue           remaining
c 
c - 2803.96  0 35 244 453327 18896834 216082  6% 16 1196410 65063 13%
c s 2804.19  0 35 244 453327 18896834 215947  6% 16 1196410 65063 13%
c w 2804.96  0 35 244 453327 18896834 215829  6% 16 1196410 65063 13%
c t 2804.97  0 35 244 453327 18896834 215820  6% 16 1196410 65063 13%
c B 2806.14  0 34 244 453725 18915341 232498  6% 16 1196410 65063 13%
c - 2816.75  0 31 245 458664 19049559 211720  5% 15 1196410 65063 13%
c W 2823.75  0 33 245 461784 19110343 267720  6% 15 1196410 65063 13%
c - 2836.32  0 35 246 473420 19202906 219148  6% 17 1196410 65063 13%
c # 2848.73  0 36 246 481226 19306344 317145  7% 17 1196410 65063 13%
c - 2854.65  0 36 247 483823 19356878 220946  7% 18 1196410 65063 13%
c B 2871.19  0 35 247 490565 19503346 358869  7% 17 1196410 65063 13%
c - 2872.38  0 35 248 490994 19511475 220260  7% 17 1196410 65063 13%
c - 2887.93  0 33 249 495397 19666693 217198  6% 16 1196410 65063 13%
c W 2894.83  0 34 249 499829 19701347 250131  6% 16 1196410 65063 13%
c - 2908.11  0 35 250 506071 19822536 222778  6% 16 1196410 65063 13%
c F 2914.81  0 34 250 508848 19900349 294651  6% 16 1196410 65063 13%
c - 2921.45  0 34 251 511766 19979002 222282  6% 16 1196410 65063 13%
c B 2935.82  0 36 251 521871 20100350 335717  6% 16 1196410 65063 13%
c - 2940.10  0 36 252 525307 20136089 227000  6% 17 1196410 65063 13%
c - 2954.62  0 35 253 530949 20293800 226094  6% 16 1196410 65063 13%
c 
c   seconds    reductions           redundant     irredundant
c           MB       restarts               trail         variables
c            level          conflicts           glue           remaining
c 
c s 2954.88  0 35 253 530949 20293800 225979  6% 16 1196410 65063 13%
c w 2955.74  0 35 253 530949 20293800 225827  6% 16 1196410 65063 13%
c t 2955.75  0 35 253 530949 20293800 225816  6% 16 1196410 65063 13%
c W 2958.01  0 35 253 531213 20301351 232910  6% 16 1196410 65063 13%
c - 2972.40  0 35 254 540645 20452136 227254  6% 16 1196410 65063 13%
c # 2977.61  0 36 254 542613 20503352 274881  6% 16 1196410 65063 13%
c - 2987.06  0 35 255 547122 20611093 229123  6% 16 1196410 65063 13%
c B 2995.33  0 35 255 551839 20706353 317163  6% 15 1196410 65063 13%
c - 3003.29  0 35 256 558452 20770674 231781  6% 16 1196410 65063 13%
c W 3017.88  0 35 256 566753 20910355 361183  6% 16 1196410 65063 13%
c - 3021.83  0 35 257 568797 20930879 232248  6% 16 1196410 65063 13%
c - 3038.55  0 35 258 579861 21091707 234059  6% 17 1196410 65063 13%
c F 3040.49  0 34 258 580570 21115356 255618  6% 16 1196410 65063 13%
c - 3057.50  0 35 259 590430 21253159 233711  7% 17 1196410 65063 13%
c B 3063.79  0 35 259 593497 21321357 297339  7% 16 1196410 65063 13%
c - 3075.38  0 36 260 599472 21415233 236097  7% 17 1196410 65063 13%
c W 3089.63  0 35 260 606813 21528358 342621  7% 17 1196410 65063 13%
c - 3095.40  0 34 261 608951 21577932 237412  7% 17 1196410 65063 13%
c # 3111.35  0 35 261 615270 21736361 384991  7% 17 1196410 65063 13%
c - 3112.09  0 35 262 615380 21741253 235479  7% 17 1196410 65063 13%
c 
c   seconds    reductions           redundant     irredundant
c           MB       restarts               trail         variables
c            level          conflicts           glue           remaining
c 
c s 3112.36  0 35 262 615380 21741253 235347  7% 17 1196410 65063 13%
c w 3113.21  0 35 262 615380 21741253 235184  7% 17 1196410 65063 13%
c t 3113.23  0 35 262 615380 21741253 235177  7% 17 1196410 65063 13%
c - 3130.02  0 35 263 623260 21905197 236936  7% 17 1196410 65063 13%
c B 3133.32  0 35 263 624393 21945365 273782  6% 16 1196410 65063 13%
c - 3148.13  0 35 264 633660 22069766 238981  7% 17 1196410 65063 13%
c W 3157.67  0 36 264 637413 22155370 318804  7% 17 1196410 65063 13%
c - 3167.42  0 36 265 643968 22234963 240657  7% 17 1196410 65063 13%
c F 3180.69  0 35 265 648376 22366371 362775  6% 16 1196410 65063 13%
c - 3185.21  0 36 266 651888 22400777 241424  7% 17 1196410 65063 13%
c - 3202.56  0 35 267 661263 22567217 243983  7% 18 1196410 65063 13%
c B 3203.80  0 36 267 661989 22578374 254532  7% 18 1196410 65063 13%
c - 3216.35  0 34 268 665249 22734278 241679  6% 16 1196410 65063 13%
c W 3223.64  0 33 268 667071 22791378 293423  6% 16 1196410 65063 13%
c - 3235.04  0 35 269 674099 22901962 243132  6% 16 1196410 65063 13%
c # 3246.56  0 35 269 684860 23005381 341564  7% 17 1196410 65063 13%
c - 3252.97  0 35 270 687335 23070271 249004  7% 17 1196410 65063 13%
c B 3264.82  0 35 270 691662 23220384 388057  6% 16 1196410 65063 13%
c - 3267.38  0 35 271 694148 23239203 246576  6% 16 1196410 65063 13%
c s 3267.64  0 35 271 694148 23239203 246434  6% 16 1196410 65063 13%
c 
c   seconds    reductions           redundant     irredundant
c           MB       restarts               trail         variables
c            level          conflicts           glue           remaining
c 
c w 3268.80  0 35 271 694148 23239203 246224  6% 16 1196410 65063 13%
c t 3268.82  0 35 271 694148 23239203 246215  6% 16 1196410 65063 13%
c - 3285.91  0 35 272 704068 23408759 247789  6% 16 1196410 65063 13%
c W 3289.95  0 35 272 705174 23436386 273173  6% 16 1196410 65063 13%
c - 3303.22  0 34 273 713360 23578937 247665  6% 16 1196410 65063 13%
c F 3312.04  0 35 273 720913 23653388 317977  6% 17 1196410 65063 13%
c - 3320.04  0 34 274 723673 23749740 249547  6% 16 1196410 65063 13%
c B 3330.61  0 32 274 727814 23871389 360847  6% 15 1196410 65063 13%
c - 3336.47  0 34 275 734164 23921166 250733  6% 16 1196410 65063 13%
c W 3354.94  0 36 275 746383 24090390 409893  6% 16 1196410 65063 13%
c - 3355.43  0 36 276 746475 24093214 255390  6% 16 1196410 65063 13%
c - 3372.82  0 36 277 753556 24265886 254061  6% 16 1196410 65063 13%
c # 3377.24  0 36 277 755415 24310398 295521  6% 16 1196410 65063 13%
c - 3391.53  0 36 278 767787 24439181 258341  6% 17 1196410 65063 13%
c B 3400.72  0 36 278 773162 24531402 345070  7% 17 1196410 65063 13%
c - 3410.35  0 36 279 779520 24613100 258761  7% 17 1196410 65063 13%
c W 3429.22  0 35 279 785821 24753404 391343  7% 18 1196410 65063 13%
c - 3432.79  0 34 280 786728 24787644 258249  7% 18 1196410 65063 13%
c s 3433.06  0 34 280 786728 24787644 258116  7% 18 1196410 65063 13%
c w 3433.90  0 34 280 786728 24787644 257879  7% 18 1196410 65063 13%
c 
c   seconds    reductions           redundant     irredundant
c           MB       restarts               trail         variables
c            level          conflicts           glue           remaining
c 
c t 3433.92  0 34 280 786728 24787644 257867  7% 18 1196410 65063 13%
c - 3454.88  0 34 281 794154 24962811 256314  7% 18 1196410 65063 13%
c F 3456.61  0 34 281 794673 24976407 269215  7% 18 1196410 65063 13%
c - 3470.16  0 35 282 798665 25138599 256642  6% 16 1196410 65063 13%
c B 3475.09  0 34 282 800638 25200408 312948  6% 16 1196410 65063 13%
c - 3487.72  0 35 283 809358 25315011 259838  6% 16 1196410 65063 13%
c W 3498.72  0 35 283 814182 25425409 361114  6% 16 1196410 65063 13%
c - 3507.13  0 35 284 821945 25492047 262876  6% 17 1196410 65063 13%
c # 3520.82  0 34 284 827665 25651411 410163  6% 16 1196410 65063 13%
c - 3522.46  0 34 285 828138 25669706 262983  6% 16 1196410 65063 13%
c - 3539.53  0 34 286 837948 25847996 265420  6% 16 1196410 65063 13%
c B 3541.99  0 35 286 839362 25878412 293498  6% 16 1196410 65063 13%
c - 3557.82  0 36 287 851952 26026901 268576  6% 16 1196410 65063 13%
c W 3566.75  0 34 287 856249 26106413 342220  6% 16 1196410 65063 13%
c - 3576.86  0 35 288 862181 26206431 268575  6% 16 1196410 65063 13%
c F 3589.49  0 36 288 868626 26335414 389148  6% 16 1196410 65063 13%
c - 3594.07  0 35 289 870554 26386583 269950  6% 16 1196410 65063 13%
c s 3594.35  0 35 289 870554 26386583 269809  6% 16 1196410 65063 13%
c w 3595.21  0 35 289 870554 26386583 269644  6% 16 1196410 65063 13%
c t 3595.22  0 35 289 870554 26386583 269628  6% 16 1196410 65063 13%
c 
c   seconds    reductions           redundant     irredundant
c           MB       restarts               trail         variables
c            level          conflicts           glue           remaining
c 
c B 3613.59  0 36 289 884042 26565415 436926  6% 17 1196410 65063 13%
c - 3614.10  0 36 290 884289 26567358 271825  6% 17 1196410 65063 13%
c - 3629.00  0 34 291 890316 26748756 270346  6% 16 1196410 65063 13%
c W 3635.64  0 35 291 892619 26796416 314757  6% 16 1196410 65063 13%
c - 3647.65  0 34 292 898435 26930778 271528  6% 16 1196410 65063 13%
c # 3658.00  0 35 292 905872 27028418 362730  6% 16 1196410 65063 13%
c - 3667.48  0 34 293 909399 27113424 274836  6% 16 1196410 65063 13%
c B 3685.41  0 35 293 921932 27261421 412925  6% 17 1196410 65063 13%
c - 3690.01  0 35 294 924665 27296696 277731  7% 17 1196410 65063 13%
c - 3707.72  0 34 295 930228 27480590 273617  6% 16 1196410 65063 13%
c W 3710.49  0 34 295 930729 27495423 287013  6% 16 1196410 65063 13%
c - 3727.92  0 34 296 942535 27665105 276048  6% 16 1196410 65063 13%
c F 3733.58  0 33 296 944445 27730425 334607  6% 16 1196410 65063 13%
c - 3747.44  0 35 297 951783 27850244 276329  6% 16 1196410 65063 13%
c B 3760.39  0 35 297 960326 27966426 385066  6% 16 1196410 65063 13%
c - 3767.73  0 35 298 964479 28036006 280579  6% 16 1196410 65063 13%
c s 3768.03  0 35 298 964479 28036006 280418  6% 16 1196410 65063 13%
c w 3768.97  0 35 298 964479 28036006 280261  6% 16 1196410 65063 13%
c t 3768.98  0 35 298 964479 28036006 280245  6% 16 1196410 65063 13%
c W 3786.22  0 35 298 973014 28203427 436103  6% 16 1196410 65063 13%
c 
c   seconds    reductions           redundant     irredundant
c           MB       restarts               trail         variables
c            level          conflicts           glue           remaining
c 
c - 3787.94  0 35 299 973530 28222393 280793  6% 16 1196410 65063 13%
c - 3808.04  0 36 300 987525 28409404 282585  6% 17 1196410 65063 13%
c # 3811.70  0 36 300 990044 28441429 312947  7% 17 1196410 65063 13%
c - 3828.02  0 36 301 997761 28597036 285050  7% 17 1196410 65063 13%
c B 3836.59  0 36 301 1002244 28680431 363250  7% 17 1196410 65063 13%
c - 3846.64  0 35 302 1006444 28785293 285504  6% 16 1196410 65063 13%
c W 3865.00  0 35 302 1013429 28920433 410820  6% 16 1196410 65063 13%
c - 3872.15  0 36 303 1018991 28974172 287570  6% 17 1196410 65063 13%
c F 3893.69  0 36 303 1029830 29161435 462065  6% 17 1196410 65063 13%
c - 3894.37  0 37 304 1030197 29163676 288653  6% 17 1196410 65063 13%
c - 3916.60  0 36 305 1040017 29353802 290461  6% 16 1196410 65063 13%
c B 3921.47  0 35 305 1041715 29403437 336113  6% 16 1196410 65063 13%
c - 3938.54  0 35 306 1048077 29544552 289854  6% 16 1196410 65063 13%
c W 3950.91  0 34 306 1052653 29646439 383593  6% 16 1196410 65063 13%
c - 3961.53  0 35 307 1061157 29735924 292946  6% 16 1196410 65063 13%
c s 3961.80  0 35 307 1061157 29735924 292825  6% 16 1196410 65063 13%
c w 3962.72  0 35 307 1061157 29735924 292681  6% 16 1196410 65063 13%
c t 3962.74  0 35 307 1061157 29735924 292660  6% 16 1196410 65063 13%
c # 3981.17  0 35 307 1070489 29890441 437539  6% 16 1196410 65063 13%
c - 3984.77  0 35 308 1071439 29927920 294509  6% 16 1196410 65063 13%
c 
c   seconds    reductions            redundant     irredundant
c           MB        restarts               trail         variables
c            level           conflicts           glue           remaining
c 
c - 4009.17  0 35 309 1086020 30120539 296634  7% 17 1196410 65063 13%
c B 4010.92  0 36 309 1086988 30135444 310773  7% 17 1196410 65063 13%
c - 4027.50  0 34 310 1092518 30313782 295812  6% 16 1196410 65063 13%
c W 4035.17  0 35 310 1095558 30381445 358396  6% 16 1196410 65063 13%
c - 4047.32  0 34 311 1104126 30507649 297243  6% 16 1196410 65063 13%
c F 4060.43  0 35 311 1114771 30628446 409913  6% 17 1196410 65063 13%
c - 4067.98  0 35 312 1117966 30702138 299952  6% 16 1196410 65063 13%
c B 4085.49  0 34 312 1124661 30876448 461576  6% 16 1196410 65063 13%
c - 4087.89  0 35 313 1125927 30897250 299878  6% 16 1196410 65063 13%
c - 4109.19  0 35 314 1138908 31092987 303494  6% 16 1196410 65063 13%
c W 4114.37  0 36 314 1140440 31125450 333952  6% 16 1196410 65063 13%
c - 4133.64  0 35 315 1153606 31289348 304425  6% 17 1196410 65063 13%
c # 4142.80  0 35 315 1157828 31375453 383925  6% 17 1196410 65063 13%
c - 4153.98  0 35 316 1163093 31486333 302922  6% 16 1196410 65063 13%
c s 4154.28  0 35 316 1163093 31486333 302814  6% 16 1196410 65063 13%
c w 4155.20  0 35 316 1163093 31486333 302662  6% 16 1196410 65063 13%
c t 4155.21  0 35 316 1163093 31486333 302645  6% 16 1196410 65063 13%
c B 4169.46  0 36 316 1172573 31626455 432979  6% 17 1196410 65063 13%
c - 4176.93  0 35 317 1176010 31683941 304826  6% 17 1196410 65063 13%
c W 4196.37  0 35 317 1183385 31878458 484736  6% 16 1196410 65063 13%
c 
c   seconds    reductions            redundant     irredundant
c           MB        restarts               trail         variables
c            level           conflicts           glue           remaining
c 
c - 4196.91  0 35 318 1183502 31882170 305113  6% 16 1196410 65063 13%
c - 4217.03  0 36 319 1194653 32081028 307385  6% 16 1196410 65063 13%
c F 4221.92  0 36 319 1197178 32131460 354298  6% 16 1196410 65063 13%
c - 4241.64  0 36 320 1211338 32280507 312164  7% 17 1196410 65063 13%
c B 4250.75  0 34 320 1213849 32385461 409171  6% 16 1196410 65063 13%
c - 4260.90  0 35 321 1218926 32480607 310080  6% 16 1196410 65063 13%
c W 4278.37  0 35 321 1227651 32640465 458386  6% 16 1196410 65063 13%
c - 4282.60  0 36 322 1229348 32681330 312819  6% 16 1196410 65063 13%
c } 4290.93  0 34 322 1233375 32767015 390472  6% 16 1196410 65063 13%
c [ 4290.93  0 135 322 1233375 32767015 390472  7% 35 1196410 65063 13%
c - 4313.01  0 126 323 1233375 32882676 314040  7% 41 1196410 65063 13%
c B 4316.73  0 126 323 1233375 32896466 327284  7% 42 1196410 65063 13%
c - 4364.83  0 71 324 1233375 33084646 319871  8% 32 1196410 65063 13%
c s 4365.13  0 71 324 1233375 33084646 319754  8% 32 1196410 65063 13%
c w 4366.43  0 71 324 1233375 33084646 319615  8% 32 1196410 65063 13%
c t 4366.45  0 71 324 1233375 33084646 319597  8% 32 1196410 65063 13%
c W 4387.63  0 60 324 1233375 33153469 385173  8% 30 1196410 65063 13%
c - 4431.41  0 41 325 1233375 33287239 321400  8% 24 1196410 65063 13%
c O 4476.99  0 36 325 1233375 33411474 432742  8% 24 1196410 65063 13%
c - 4497.23  0 31 326 1233375 33490456 314519  8% 22 1196410 65063 13%
c 
c   seconds    reductions            redundant     irredundant
c           MB        restarts               trail         variables
c            level           conflicts           glue           remaining
c 
c B 4537.48  0 32 326 1233437 33670475 475340  8% 21 1196410 65063 13%
c - 4544.87  0 34 327 1233438 33694298 309931  8% 22 1196410 65063 13%
c - 4612.38  0 29 328 1233501 33898761 295315  8% 22 1196410 65063 13%
c W 4624.47  0 28 328 1233502 33930477 321829  8% 21 1196410 65063 13%
c - 4691.30  0 27 329 1233551 34103847 297566  8% 21 1196410 65063 13%
c I 4724.21  0 25 329 1233572 34191479 364833  8% 20 1196410 65063 13%
c - 4738.61  0 33 330 1233618 34309558 292537  5% 23 1196410 65063 13%
c B 4769.77  0 33 330 1233630 34453483 419606  6% 22 1196410 65063 13%
c - 4783.21  0 76 331 1233630 34515892 304340  7% 29 1196410 65063 13%
c W 4845.76  0 42 331 1233689 34716487 486865  8% 24 1196410 65063 13%
c - 4848.06  0 41 332 1233691 34722848 309237  8% 24 1196410 65063 13%
c - 4921.64  0 28 333 1233755 34930428 305528  7% 20 1196410 65063 13%
c s 4921.91  0 28 333 1233755 34930428 305463  7% 20 1196410 65063 13%
c w 4922.97  0 28 333 1233755 34930428 305355  7% 20 1196410 65063 13%
c t 4922.99  0 28 333 1233755 34930428 305333  7% 20 1196410 65063 13%
c O 4939.89  0 30 333 1233757 34980488 351447  8% 21 1196410 65063 13%
c - 5006.84  0 29 334 1233795 35138632 319432  7% 21 1196410 65063 13%
c B 5046.42  0 29 334 1233821 35245491 411178  7% 21 1196410 65063 13%
c - 5082.36  0 30 335 1233864 35347459 319280  7% 22 1196410 65063 13%
c W 5144.79  0 28 335 1233885 35511492 452695  7% 22 1196410 65063 13%
c 
c   seconds    reductions            redundant     irredundant
c           MB        restarts               trail         variables
c            level           conflicts           glue           remaining
c 
c - 5164.47  0 27 336 1233885 35556912 308416  7% 22 1196410 65063 13%
c - 5244.87  0 28 337 1233886 35766987 316799  7% 22 1196410 65063 13%
c I 5250.30  0 27 337 1233886 35778494 325964  7% 22 1196410 65063 13%
c - 5288.43  0 80 338 1233917 35977684 329105  8% 28 1196410 65063 13%
c B 5303.96  0 56 338 1233946 36046495 388613  8% 25 1196410 65063 13%
c - 5329.67  0 43 339 1233981 36189005 315379  7% 23 1196410 65063 13%
c W 5358.66  0 37 339 1234013 36315496 425499  7% 23 1196410 65063 13%
c - 5377.76  0 33 340 1234028 36400948 302575  7% 22 1196410 65063 13%
c O 5431.52  0 28 340 1234086 36585497 459236  7% 20 1196410 65063 13%
c - 5440.84  0 27 341 1234098 36613518 306591  7% 20 1196410 65063 13%
c s 5441.04  0 27 341 1234098 36613518 306540  7% 20 1196410 65063 13%
c w 5442.12  0 27 341 1234098 36613518 306481  7% 20 1196410 65063 13%
c t 5442.14  0 27 341 1234098 36613518 306466  7% 20 1196410 65063 13%
c - 5511.81  0 28 342 1234140 36826711 310352  7% 21 1196410 65063 13%
c B 5521.01  0 28 342 1234141 36856498 335494  7% 21 1196410 65063 13%
c - 5579.07  0 31 343 1234172 37040526 310685  7% 23 1196410 65063 13%
c W 5605.69  0 29 343 1234203 37128502 385493  7% 22 1196410 65063 13%
c - 5646.88  0 31 344 1234239 37254963 312851  7% 22 1196410 65063 13%
c I 5705.84  0 31 344 1234268 37401503 440410  7% 23 1196410 65063 13%
c - 5718.35  0 64 345 1234286 37470023 330287  7% 30 1196410 65063 13%
c 
c   seconds    reductions            redundant     irredundant
c           MB        restarts               trail         variables
c            level           conflicts           glue           remaining
c 
c B 5778.54  0 39 345 1234353 37675504 507584  7% 26 1196410 65063 13%
c - 5780.65  0 41 346 1234359 37685706 317630  7% 26 1196410 65063 13%
c - 5837.60  0 28 347 1234396 37902013 303445  7% 20 1196410 65063 13%
c W 5853.93  0 26 347 1234396 37950506 342390  7% 20 1196410 65063 13%
c - 5909.54  0 31 348 1234397 38118945 323860  7% 22 1196410 65063 13%
c O 5946.22  0 31 348 1234397 38226509 415054  7% 22 1196410 65063 13%
c - 5980.40  0 29 349 1234398 38336501 330489  7% 21 1196410 65063 13%
c s 5980.63  0 29 349 1234398 38336501 330102  7% 21 1196410 65063 13%
c w 5981.70  0 29 349 1234398 38336501 329964  7% 21 1196410 65063 13%
c t 5981.72  0 29 349 1234398 38336501 329951  7% 21 1196410 65063 13%
c B 6026.62  0 30 349 1234398 38503510 472769  8% 22 1196410 65063 13%
c - 6038.81  0 34 350 1234398 38554679 333119  7% 24 1196410 65063 13%
c - 6104.85  0 35 351 1234398 38773480 336953  7% 25 1196410 65063 13%
c W 6109.15  0 35 351 1234398 38781513 343437  7% 25 1196410 65063 13%
c - 6170.56  0 29 352 1234461 38992904 326708  7% 22 1196410 65063 13%
c I 6193.55  0 27 352 1234479 39060514 382155  7% 22 1196410 65063 13%
c - 6218.09  0 36 353 1234524 39212952 344467  8% 22 1196410 65063 13%
c B 6247.07  0 33 353 1234552 39340517 463364  8% 22 1196410 65063 13%
c - 6271.27  0 30 354 1234586 39433623 344208  7% 21 1196410 65063 13%
c W 6323.55  0 25 354 1234645 39621518 493731  7% 19 1196410 65063 13%
c 
c   seconds    reductions            redundant     irredundant
c           MB        restarts               trail         variables
c            level           conflicts           glue           remaining
c 
c - 6333.31  0 26 355 1234651 39654920 323947  7% 20 1196410 65063 13%
c - 6408.08  0 32 356 1234653 39876839 334104  8% 22 1196410 65063 13%
c O 6415.94  0 33 356 1234664 39903519 358149  8% 22 1196410 65063 13%
c - 6491.76  0 29 357 1234726 40099379 323399  8% 22 1196410 65063 13%
c B 6521.23  0 28 357 1234760 40186522 395496  8% 22 1196410 65063 13%
c - 6572.44  0 33 358 1234780 40322543 333923  8% 25 1196410 65063 13%
c s 6572.60  0 33 358 1234780 40322543 333880  8% 25 1196410 65063 13%
c w 6573.72  0 33 358 1234780 40322543 333606  8% 25 1196410 65063 13%
c t 6573.74  0 33 358 1234780 40322543 333596  8% 25 1196410 65063 13%
c W 6634.91  0 30 358 1234831 40470523 453999  8% 24 1196410 65063 13%
c - 6661.97  0 29 359 1234843 40546330 333036  8% 23 1196410 65063 13%
c I 6732.02  0 27 359 1234907 40755524 503538  8% 21 1196410 65063 13%
c - 6733.80  0 53 360 1234907 40770741 329702  7% 26 1196410 65063 13%
c - 6773.36  0 151 361 1234909 40995775 344002  6% 57 1196410 65063 13%
c B 6785.34  0 146 361 1234909 41041529 387296  6% 57 1196410 65063 13%
c - 6827.46  0 76 362 1234916 41221434 357299  7% 34 1196410 65063 13%
c W 6853.14  0 45 362 1234957 41328531 449183  6% 26 1196410 65063 13%
c - 6881.94  0 34 363 1234991 41447715 328095  7% 23 1196410 65063 13%
c O 6930.38  0 30 363 1235036 41616532 468129  7% 22 1196410 65063 13%
c - 6939.68  0 35 364 1235036 41674621 330132  7% 22 1196410 65063 13%
c 
c   seconds    reductions            redundant     irredundant
c           MB        restarts               trail         variables
c            level           conflicts           glue           remaining
c 
c - 7007.58  0 31 365 1235114 41902149 334939  8% 23 1196410 65063 13%
c B 7008.83  0 31 365 1235114 41905533 337887  8% 23 1196410 65063 13%
c - 7061.69  0 28 366 1235163 42130301 328410  7% 22 1196410 65063 13%
c s 7061.89  0 28 366 1235163 42130301 328290  7% 22 1196410 65063 13%
c w 7062.98  0 28 366 1235163 42130301 328213  7% 22 1196410 65063 13%
c t 7063.00  0 28 366 1235163 42130301 328205  7% 22 1196410 65063 13%
c W 7082.32  0 34 366 1235164 42195534 389307  7% 24 1196410 65063 13%
c - 7142.46  0 33 367 1235199 42359078 333715  7% 26 1196410 65063 13%
c I 7194.42  0 30 367 1235237 42486535 438292  7% 24 1196410 65063 13%
c - 7214.47  0 33 368 1235276 42588475 340915  7% 23 1196410 65063 13%
c B 7265.95  0 35 368 1235313 42778538 504457  7% 26 1196410 65063 13%
c - 7272.74  0 40 369 1235323 42818498 335587  7% 25 1196410 65063 13%
c - 7323.82  0 31 370 1235400 43049144 332977  7% 22 1196410 65063 13%
c W 7330.09  0 30 370 1235413 43071540 351101  6% 22 1196410 65063 13%
c - 7385.50  0 30 371 1235419 43280413 345009  6% 22 1196410 65063 13%
c O 7406.13  0 28 371 1235420 43365541 417833  6% 21 1196410 65063 13%
c - 7443.29  0 29 372 1235420 43512304 351140  7% 21 1196410 65063 13%
c B 7484.74  0 29 372 1235421 43660542 471877  6% 21 1196410 65063 13%
c - 7505.02  0 35 373 1235421 43744818 359546  6% 23 1196410 65063 13%
c W 7569.32  0 34 373 1235421 43956543 553255  7% 23 1196410 65063 13%
c 
c   seconds    reductions            redundant     irredundant
c           MB        restarts               trail         variables
c            level           conflicts           glue           remaining
c 
c - 7576.18  0 33 374 1235421 43977958 371754  7% 23 1196410 65063 13%
c - 7636.39  0 37 375 1235422 44211721 367896  6% 25 1196410 65063 13%
c s 7636.66  0 37 375 1235422 44211721 367374  6% 25 1196410 65063 13%
c w 7637.96  0 37 375 1235422 44211721 367225  6% 25 1196410 65063 13%
c t 7637.98  0 37 375 1235422 44211721 367209  6% 25 1196410 65063 13%
c I 7652.63  0 36 375 1235422 44253545 403735  6% 24 1196410 65063 13%
c - 7683.72  0 186 376 1235422 44446106 378251  7% 46 1196410 65063 13%
c B 7707.72  0 205 376 1235422 44551547 479905  7% 51 1196410 65063 13%
c - 7739.70  0 81 377 1235422 44681115 373840  7% 30 1196410 65063 13%
c W 7792.05  0 41 377 1235422 44850548 524834  7% 24 1196410 65063 13%
c - 7816.52  0 34 378 1235422 44916746 366890  7% 23 1196410 65063 13%
c O 7911.97  0 29 378 1235422 45150555 563080  7% 22 1196410 65063 13%
c - 7913.16  0 29 379 1235422 45153000 368620  7% 22 1196410 65063 13%
c - 7992.21  0 31 380 1235423 45389879 357705  7% 22 1196410 65063 13%
c B 8012.43  0 30 380 1235423 45451556 409058  7% 22 1196410 65063 13%
c - 8079.92  0 30 381 1235423 45627380 368506  7% 23 1196410 65063 13%
c W 8119.66  0 33 381 1235423 45753557 481219  7% 23 1196410 65063 13%
c - 8154.80  0 32 382 1235423 45865506 374185  7% 23 1196410 65063 13%
c I 8226.38  0 32 382 1235423 46056558 544680  7% 22 1196410 65063 13%
c - 8233.81  0 89 383 1235423 46104254 380192  6% 37 1196410 65063 13%
c 
c   seconds    reductions            redundant     irredundant
c           MB        restarts               trail         variables
c            level           conflicts           glue           remaining
c 
c s 8234.06  0 89 383 1235423 46104254 379812  6% 37 1196410 65063 13%
c w 8235.37  0 89 383 1235423 46104254 379655  6% 37 1196410 65063 13%
c t 8235.39  0 89 383 1235423 46104254 379643  6% 37 1196410 65063 13%
c - 8292.47  0 87 384 1235423 46343627 363665  6% 43 1196410 65063 13%
c B 8294.92  0 86 384 1235423 46360560 379306  6% 42 1196410 65063 13%
c - 8344.15  0 66 385 1235423 46583624 371665  7% 29 1196410 65063 13%
c W 8366.27  0 52 385 1235423 46665562 448633  7% 27 1196410 65063 13%
c - 8424.93  0 39 386 1235423 46824242 379129  7% 24 1196410 65063 13%
c O 8467.40  0 36 386 1235423 46971563 513105  7% 24 1196410 65063 13%
c - 8493.68  0 31 387 1235423 47065485 384720  6% 22 1196410 65063 13%
c B 8551.24  0 34 387 1235423 47278564 576035  7% 23 1196410 65063 13%
c - 8562.25  0 32 388 1235423 47307350 382519  7% 22 1196410 65063 13%
c - 8638.90  0 28 389 1235507 47549838 362613  7% 20 1196410 65063 13%
c W 8651.12  0 30 389 1235517 47586568 395215  7% 21 1196410 65063 13%
c - 8720.96  0 31 390 1235563 47792950 368293  7% 23 1196410 65063 13%
c I 8748.42  0 33 390 1235601 47895570 459288  7% 23 1196410 65063 13%
c - 8776.09  0 30 391 1235643 48036685 375419  8% 20 1196410 65063 13%
c s 8776.35  0 30 391 1235643 48036685 375160  8% 20 1196410 65063 13%
c w 8777.43  0 30 391 1235643 48036685 374995  8% 20 1196410 65063 13%
c t 8777.45  0 30 391 1235643 48036685 374979  8% 20 1196410 65063 13%
c 
c   seconds    reductions            redundant     irredundant
c           MB        restarts               trail         variables
c            level           conflicts           glue           remaining
c 
c B 8813.43  0 28 391 1235677 48205573 522196  7% 20 1196410 65063 13%
c - 8830.61  0 89 392 1235678 48281044 369222  7% 32 1196410 65063 13%
c W 8904.71  0 47 392 1235739 48516576 576518  8% 25 1196410 65063 13%
c - 8908.77  0 45 393 1235740 48526029 374995  8% 25 1196410 65063 13%
c - 8998.32  0 33 394 1235805 48771635 372288  8% 22 1196410 65063 13%
c O 9018.95  0 33 394 1235805 48828578 425156  8% 22 1196410 65063 13%
c - 9089.94  0 28 395 1235868 49017863 368832  8% 21 1196410 65063 13%
c B 9134.87  0 27 395 1235914 49141580 469258  7% 21 1196410 65063 13%
c - 9178.87  0 27 396 1235932 49264716 367951  7% 21 1196410 65063 13%
c W 9247.23  0 28 396 1235934 49455582 529213  7% 21 1196410 65063 13%
c - 9271.73  0 27 397 1235934 49512192 364672  7% 21 1196410 65063 13%
c - 9370.09  0 27 398 1235964 49760290 375314  7% 21 1196410 65063 13%
c I 9374.35  0 27 398 1235965 49770583 383658  7% 21 1196410 65063 13%
c - 9433.94  0 31 399 1236043 50009013 363437  7% 22 1196410 65063 13%
c B 9449.59  0 31 399 1236060 50086584 431717  6% 21 1196410 65063 13%
c - 9493.70  0 33 400 1236102 50258359 370329  8% 23 1196410 65063 13%
c s 9494.01  0 33 400 1236102 50258359 370078  8% 23 1196410 65063 13%
c w 9495.29  0 33 400 1236102 50258359 369930  8% 23 1196410 65063 13%
c t 9495.31  0 33 400 1236102 50258359 369908  8% 23 1196410 65063 13%
c W 9540.20  0 29 400 1236146 50403585 493428  7% 22 1196410 65063 13%
c 
c   seconds    reductions            redundant     irredundant
c           MB        restarts               trail         variables
c            level           conflicts           glue           remaining
c 
c - 9582.75  0 29 401 1236186 50508328 360841  7% 22 1196410 65063 13%
c O 9668.27  0 28 401 1236189 50721587 536410  7% 23 1196410 65063 13%
c - 9678.84  0 30 402 1236192 50758920 362428  7% 23 1196410 65063 13%
c - 9760.69  0 27 403 1236281 51010135 357655  7% 21 1196410 65063 13%
c B 9767.18  0 31 403 1236286 51040588 386273  7% 22 1196410 65063 13%
c - 9852.25  0 30 404 1236338 51261974 358183  8% 24 1196410 65063 13%
c W 9895.08  0 29 404 1236377 51360589 431195  7% 24 1196410 65063 13%
c - 9937.02  0 26 405 1236419 51514439 361008  7% 21 1196410 65063 13%
c I 9981.08  0 26 405 1236443 51681590 497263  7% 20 1196410 65063 13%
c - 9988.94  0 66 406 1236444 51767526 364885  7% 22 1196410 65063 13%
c B 10038.45  0 67 406 1236445 52003594 582887  7% 29 1196410 65063 13%
c - 10041.21  0 74 407 1236445 52021237 378618  7% 30 1196410 65063 13%
c - 10097.71  0 70 408 1236446 52275569 390408  8% 32 1196410 65063 13%
c s 10097.97  0 70 408 1236446 52275569 390252  8% 32 1196410 65063 13%
c w 10099.13  0 70 408 1236446 52275569 390162  8% 32 1196410 65063 13%
c t 10099.15  0 70 408 1236446 52275569 390150  8% 32 1196410 65063 13%
c W 10113.15  0 55 408 1236446 52326596 436623  8% 28 1196410 65063 13%
c - 10178.02  0 35 409 1236446 52530524 384009  8% 24 1196410 65063 13%
c O 10220.60  0 31 409 1236467 52650597 488477  8% 22 1196410 65063 13%
c - 10270.76  0 29 410 1236509 52786104 384076  8% 21 1196410 65063 13%
c 
c   seconds     reductions            redundant     irredundant
c            MB        restarts               trail         variables
c             level           conflicts           glue           remaining
c 
c B 10335.34  0 35 410 1236571 52975599 551247  8% 25 1196410 65063 13%
c - 10363.47  0 34 411 1236573 53042306 384070  8% 24 1196410 65063 13%
c - 10467.33  0 37 412 1236651 53299134 396343  8% 26 1196410 65063 13%
c W 10469.42  0 37 412 1236651 53301604 398503  8% 26 1196410 65063 13%
c - 10586.25  0 33 413 1236701 53556583 398649  8% 25 1196410 65063 13%
c I 10620.38  0 31 413 1236701 53628605 459295  8% 24 1196410 65063 13%
c - 10657.55  0 38 414 1236762 53814657 405452  7% 23 1196410 65063 13%
c B 10698.05  0 31 414 1236798 53956608 526283  7% 22 1196410 65063 13%
c - 10726.07  0 30 415 1236828 54073353 387418  7% 22 1196410 65063 13%
c W 10785.92  0 29 415 1236890 54285612 573769  7% 21 1196410 65063 13%
c - 10798.69  0 29 416 1236891 54332673 382348  7% 21 1196410 65063 13%
c - 10887.34  0 30 417 1236955 54592615 376020  7% 23 1196410 65063 13%
c s 10887.57  0 30 417 1236955 54592615 375935  7% 23 1196410 65063 13%
c w 10888.82  0 30 417 1236955 54592615 375857  7% 23 1196410 65063 13%
c t 10888.84  0 30 417 1236955 54592615 375846  7% 23 1196410 65063 13%
c O 10900.17  0 29 417 1236956 54615617 393481  7% 23 1196410 65063 13%
c - 10950.83  0 32 418 1236957 54853182 387686  7% 20 1196410 65063 13%
c B 10980.78  0 28 418 1236957 54946618 464923  7% 20 1196410 65063 13%
c - 11054.55  0 30 419 1237005 55114371 391951  7% 23 1196410 65063 13%
c W 11121.24  0 25 419 1237052 55278620 520381  7% 20 1196410 65063 13%
c 
c   seconds     reductions            redundant     irredundant
c            MB        restarts               trail         variables
c             level           conflicts           glue           remaining
c 
c - 11154.68  0 25 420 1237083 55376187 383603  7% 20 1196410 65063 13%
c I 11251.18  0 25 420 1237146 55611622 574669  8% 20 1196410 65063 13%
c - 11255.76  0 56 421 1237147 55638623 377667  7% 26 1196410 65063 13%
c - 11321.70  0 33 422 1237211 55901683 385312  8% 23 1196410 65063 13%
c B 11334.03  0 33 422 1237212 55945625 424655  8% 23 1196410 65063 13%
c - 11418.54  0 32 423 1237258 56165367 374681  8% 24 1196410 65063 13%
c W 11459.53  0 30 423 1237290 56280626 470232  8% 23 1196410 65063 13%
c - 11524.48  0 27 424 1237338 56429675 373937  8% 22 1196410 65063 13%
c O 11584.88  0 34 424 1237379 56616627 538832  8% 24 1196410 65063 13%
c - 11605.09  0 32 425 1237402 56694604 394616  8% 23 1196410 65063 13%
c s 11605.30  0 32 425 1237402 56694604 394549  8% 23 1196410 65063 13%
c w 11606.46  0 32 425 1237402 56694604 394502  8% 23 1196410 65063 13%
c t 11606.48  0 32 425 1237402 56694604 394477  8% 23 1196410 65063 13%
c B 11687.60  0 31 425 1237466 56953629 625452  8% 23 1196410 65063 13%
c - 11691.21  0 31 426 1237466 56960157 394843  8% 23 1196410 65063 13%
c - 11825.93  0 28 427 1237468 57226334 390340  8% 23 1196410 65063 13%
c W 11859.80  0 28 427 1237468 57291632 443905  8% 23 1196410 65063 13%
c - 11948.62  0 29 428 1237469 57493133 405991  8% 23 1196410 65063 13%
c I 12018.67  0 28 428 1237469 57630635 522959  8% 23 1196410 65063 13%
c - 12037.51  0 184 429 1237469 57760556 423131  5% 55 1196410 65063 13%
c 
c   seconds      reductions            redundant     irredundant
c            MB         restarts               trail         variables
c              level           conflicts           glue           remaining
c 
c B 12073.61  0 161 429 1237470 57970637 619321  5% 48 1196410 65063 13%
c - 12088.52  0 119 430 1237470 58028602 426800  6% 40 1196410 65063 13%
c - 12180.06  0 50 431 1237470 58297273 413598  8% 29 1196410 65063 13%
c W 12186.32  0 49 431 1237470 58311638 426304  8% 29 1196410 65063 13%
c - 12313.62  0 35 432 1237470 58566566 424546  8% 25 1196410 65063 13%
c O 12349.70  0 36 432 1237470 58653639 499171  8% 26 1196410 65063 13%
c - 12405.33  0 35 433 1237470 58836482 439735  8% 23 1196410 65063 13%
c B 12459.72  0 34 433 1237484 58996640 585890  8% 23 1196410 65063 13%
c - 12496.67  0 34 434 1237528 59107022 430065  7% 23 1196410 65063 13%
c s 12497.08  0 34 434 1237528 59107022 429447  7% 23 1196410 65063 13%
c w 12498.30  0 34 434 1237528 59107022 429247  7% 23 1196410 65063 13%
c t 12498.32  0 34 434 1237528 59107022 429223  7% 23 1196410 65063 13%
c W 12596.25  0 29 434 1237596 59340641 622757  8% 23 1196410 65063 13%
c - 12613.35  0 31 435 1237597 59378188 411294  8% 24 1196410 65063 13%
c - 12748.56  0 31 436 1237670 59649974 404516  8% 25 1196410 65063 13%
c I 12766.65  0 31 436 1237687 59685642 434168  8% 24 1196410 65063 13%
c - 12829.56  0 30 437 1237725 59922384 409779  8% 23 1196410 65063 13%
c B 12874.04  0 30 437 1237725 60031643 499029  8% 24 1196410 65063 13%
c - 12920.89  0 29 438 1237787 60195419 410487  7% 22 1196410 65063 13%
c W 12988.88  0 28 438 1237849 60378645 565827  8% 22 1196410 65063 13%
c 
c   seconds     reductions            redundant     irredundant
c            MB        restarts               trail         variables
c             level           conflicts           glue           remaining
c 
c - 13028.69  0 27 439 1237852 60469076 399267  8% 22 1196410 65063 13%
c O 13093.95  0 29 439 1237930 60726647 624578  8% 21 1196410 65063 13%
c - 13101.04  0 29 440 1237940 60743359 409715  8% 21 1196410 65063 13%
c - 13202.23  0 32 441 1237980 61018262 415635  8% 24 1196410 65063 13%
c B 13210.81  0 35 441 1237980 61075648 470298  8% 23 1196410 65063 13%
c - 13257.29  0 35 442 1237981 61293788 423169  8% 22 1196410 65063 13%
c s 13257.66  0 35 442 1237981 61293788 422877  8% 22 1196410 65063 13%
c w 13258.92  0 35 442 1237981 61293788 422739  8% 22 1196410 65063 13%
c t 13258.93  0 35 442 1237981 61293788 422724  8% 22 1196410 65063 13%
c W 13304.55  0 34 442 1238012 61425650 542753  8% 23 1196410 65063 13%
c - 13363.97  0 29 443 1238052 61569938 417836  8% 22 1196410 65063 13%
c I 13441.07  0 30 443 1238108 61776651 593792  7% 21 1196410 65063 13%
c - 13454.49  0 83 444 1238123 61846711 419951  7% 39 1196410 65063 13%
c - 13517.74  0 35 445 1238215 62124109 403500  7% 23 1196410 65063 13%
c B 13518.74  0 35 445 1238217 62128653 407608  7% 23 1196410 65063 13%
c - 13585.35  0 30 446 1238236 62402129 392215  7% 22 1196410 65063 13%
c W 13613.46  0 29 446 1238266 62481657 457515  7% 22 1196410 65063 13%
c - 13689.72  0 31 447 1238329 62680774 409660  7% 22 1196410 65063 13%
c O 13748.65  0 28 447 1238363 62835658 541915  7% 21 1196410 65063 13%
c - 13785.78  0 30 448 1238394 62960041 415053  7% 20 1196410 65063 13%
c 
c   seconds     reductions            redundant     irredundant
c            MB        restarts               trail         variables
c             level           conflicts           glue           remaining
c 
c B 13840.64  0 29 448 1238472 63190660 616105  6% 21 1196410 65063 13%
c - 13853.24  0 31 449 1238488 63239932 411759  7% 21 1196410 65063 13%
c - 13938.98  0 28 450 1238492 63520445 412045  7% 21 1196410 65063 13%
c s 13939.32  0 28 450 1238492 63520445 411786  7% 21 1196410 65063 13%
c w 13940.52  0 28 450 1238492 63520445 411667  7% 21 1196410 65063 13%
c t 13940.53  0 28 450 1238492 63520445 411655  7% 21 1196410 65063 13%
c W 13951.56  0 29 450 1238492 63546662 435910  7% 22 1196410 65063 13%
c - 14050.07  0 36 451 1238493 63801583 425511  7% 26 1196410 65063 13%
c I 14082.89  0 39 451 1238493 63903663 518074  7% 26 1196410 65063 13%
c - 14117.51  0 157 452 1238493 64083344 441869  7% 39 1196410 65063 13%
c B 14159.44  0 173 452 1238493 64261665 612242  7% 43 1196410 65063 13%
c - 14194.92  0 84 453 1238531 64365727 447535  7% 31 1196410 65063 13%
c W 14289.83  0 35 453 1238617 64620667 659889  7% 24 1196410 65063 13%
c - 14300.95  0 34 454 1238619 64648734 414398  7% 25 1196410 65063 13%
c - 14429.08  0 31 455 1238683 64932365 424665  7% 24 1196410 65063 13%
c O 14446.49  0 33 455 1238705 64980668 466148  7% 25 1196410 65063 13%
c - 14549.14  0 31 456 1238748 65216618 407814  7% 25 1196410 65063 13%
c B 14600.95  0 29 456 1238754 65341669 508854  7% 23 1196410 65063 13%
c - 14662.91  0 30 457 1238811 65501495 425594  7% 22 1196410 65063 13%
c ] 14673.70  0 30 457 1238814 65535015 454789  7% 22 1196410 65063 13%
c 
c   seconds     reductions            redundant     irredundant
c            MB        restarts               trail         variables
c             level           conflicts           glue           remaining
c 
c { 14673.70  0 34 457 1238814 65535015 454789  6% 16 1196410 65063 13%
c # 14690.76  0 34 457 1248406 65703670 612056  6% 16 1196410 65063 13%
c - 14700.02  0 36 458 1258001 65786999 441986  6% 17 1196410 65063 13%
c B 14727.77  0 35 458 1272489 66066672 702888  6% 16 1196410 65063 13%
c - 14728.61  0 35 459 1272742 66073125 444839  6% 16 1196410 65063 13%
c s 14729.29  0 35 459 1272742 66073125 444545  6% 16 1196410 65063 13%
c w 14730.28  0 35 459 1272742 66073125 444429  6% 16 1196410 65063 13%
c t 14730.30  0 35 459 1272742 66073125 444416  6% 16 1196410 65063 13%
c - 14758.29  0 36 460 1290630 66359875 442092  6% 17 1196410 65063 13%
c W 14767.25  0 35 460 1295709 66430673 509221  7% 17 1196410 65063 13%
c - 14788.55  0 35 461 1305241 66647245 445513  6% 17 1196410 65063 13%
c F 14803.37  0 36 461 1313176 66795675 584574  6% 17 1196410 65063 13%
c - 14817.84  0 35 462 1317503 66935240 449655  6% 16 1196410 65063 13%
c B 14840.24  0 35 462 1328572 67161676 660297  6% 16 1196410 65063 13%
c - 14846.19  0 35 463 1331442 67223857 451939  6% 16 1196410 65063 13%
c - 14875.17  0 34 464 1346561 67513097 452094  6% 15 1196410 65063 13%
c W 14877.78  0 34 464 1347229 67528678 466107  6% 15 1196410 65063 13%
c - 14907.87  0 35 465 1365760 67802966 457723  6% 16 1196410 65063 13%
c # 14916.98  0 35 465 1369980 67896679 544669  6% 16 1196410 65063 13%
c - 14937.97  0 35 466 1379785 68093454 459658  6% 16 1196410 65063 13%
c 
c   seconds     reductions            redundant     irredundant
c            MB        restarts               trail         variables
c             level           conflicts           glue           remaining
c 
c B 14955.88  0 35 466 1390364 68265680 618748  6% 16 1196410 65063 13%
c - 14968.85  0 35 467 1397146 68384566 461475  6% 16 1196410 65063 13%
c s 14969.49  0 35 467 1397146 68384566 461325  6% 16 1196410 65063 13%
c w 14970.54  0 35 467 1397146 68384566 461200  6% 16 1196410 65063 13%
c t 14970.56  0 35 467 1397146 68384566 461168  6% 16 1196410 65063 13%
c W 15001.01  0 36 467 1416809 68635682 694929  6% 17 1196410 65063 13%
c - 15005.96  0 36 468 1419802 68676300 462664  7% 17 1196410 65063 13%
c - 15035.30  0 36 469 1432952 68968658 463521  6% 16 1196410 65063 13%
c F 15039.25  0 36 469 1434200 69006684 499051  6% 16 1196410 65063 13%
c - 15068.82  0 35 470 1450384 69261639 466549  6% 16 1196410 65063 13%
c B 15081.75  0 35 470 1455501 69378686 574909  6% 16 1196410 65063 13%
c - 15102.54  0 36 471 1470561 69555243 467533  7% 17 1196410 65063 13%
c W 15122.08  0 35 471 1477330 69751688 649719  6% 16 1196410 65063 13%
c - 15132.51  0 35 472 1481229 69849472 467455  6% 16 1196410 65063 13%
c # 15162.13  0 35 472 1498862 70125689 725431  6% 16 1196410 65063 13%
c - 15165.31  0 35 473 1499294 70144326 472193  6% 16 1196410 65063 13%
c - 15196.33  0 35 474 1519841 70439801 473200  6% 17 1196410 65063 13%
c B 15202.02  0 35 474 1522337 70500690 530050  6% 16 1196410 65063 13%
c - 15225.98  0 34 475 1532863 70735898 474005  6% 16 1196410 65063 13%
c W 15240.75  0 34 475 1539132 70876692 604102  6% 15 1196410 65063 13%
c 
c   seconds     reductions            redundant     irredundant
c            MB        restarts               trail         variables
c             level           conflicts           glue           remaining
c 
c - 15260.45  0 36 476 1556106 71032620 477540  6% 17 1196410 65063 13%
c s 15261.07  0 36 476 1556106 71032620 477392  6% 17 1196410 65063 13%
c w 15262.18  0 36 476 1556106 71032620 476960  6% 17 1196410 65063 13%
c t 15262.19  0 36 476 1556106 71032620 476928  6% 17 1196410 65063 13%
c F 15284.83  0 36 476 1565020 71253695 682547  6% 16 1196410 65063 13%
c - 15293.50  0 37 477 1570913 71329964 477237  6% 17 1196410 65063 13%
c - 15325.60  0 36 478 1588139 71627931 477577  6% 17 1196410 65063 13%
c B 15326.06  0 36 478 1588274 71631696 481171  6% 17 1196410 65063 13%
c - 15357.52  0 36 479 1602753 71926522 480554  6% 16 1196410 65063 13%
c W 15367.97  0 35 479 1608920 72010699 558569  6% 16 1196410 65063 13%
c - 15391.40  0 35 480 1620413 72225736 484801  6% 16 1196410 65063 13%
c # 15409.33  0 35 480 1631194 72390701 639287  6% 16 1196410 65063 13%
c - 15423.27  0 34 481 1635950 72525575 487578  6% 16 1196410 65063 13%
c B 15452.23  0 35 481 1648299 72771703 715075  6% 15 1196410 65063 13%
c - 15459.82  0 35 482 1653012 72826036 489406  6% 16 1196410 65063 13%
c - 15494.13  0 35 483 1670171 73127120 493121  6% 16 1196410 65063 13%
c W 15498.67  0 35 483 1673106 73153705 518175  6% 16 1196410 65063 13%
c - 15529.78  0 35 484 1686822 73428828 496277  6% 16 1196410 65063 13%
c s 15530.47  0 35 484 1686822 73428828 496093  6% 16 1196410 65063 13%
c w 15531.55  0 35 484 1686822 73428828 495889  6% 16 1196410 65063 13%
c 
c   seconds     reductions            redundant     irredundant
c            MB        restarts               trail         variables
c             level           conflicts           glue           remaining
c 
c t 15531.57  0 35 484 1686822 73428828 495857  6% 16 1196410 65063 13%
c F 15543.74  0 36 484 1697367 73536706 596960  6% 17 1196410 65063 13%
c - 15566.50  0 36 485 1709584 73731159 496435  7% 17 1196410 65063 13%
c B 15586.38  0 35 485 1716493 73920708 672166  6% 16 1196410 65063 13%
c - 15600.47  0 34 486 1721982 74034113 495484  6% 16 1196410 65063 13%
c W 15635.19  0 35 486 1737374 74305710 747671  6% 16 1196410 65063 13%
c - 15639.61  0 35 487 1739240 74337692 498939  6% 16 1196410 65063 13%
c - 15674.13  0 35 488 1758596 74641893 502363  6% 16 1196410 65063 13%
c # 15679.42  0 35 488 1762090 74691711 548524  6% 16 1196410 65063 13%
c - 15705.77  0 35 489 1775148 74946721 503128  6% 16 1196410 65063 13%
c B 15718.74  0 34 489 1780990 75078713 624563  6% 16 1196410 65063 13%
c - 15737.99  0 35 490 1793628 75252170 504169  6% 16 1196410 65063 13%
c W 15763.32  0 36 490 1806463 75466714 702907  6% 16 1196410 65063 13%
c - 15773.78  0 35 491 1811461 75558242 506135  6% 16 1196410 65063 13%
c F 15808.04  0 35 491 1827809 75855715 781637  6% 16 1196410 65063 13%
c - 15809.53  0 35 492 1828329 75864937 508574  6% 16 1196410 65063 13%
c - 15845.52  0 36 493 1848226 76172259 511175  6% 16 1196410 65063 13%
c s 15846.16  0 36 493 1848226 76172259 511004  6% 16 1196410 65063 13%
c w 15847.25  0 36 493 1848226 76172259 510759  6% 16 1196410 65063 13%
c t 15847.27  0 36 493 1848226 76172259 510702  6% 16 1196410 65063 13%
c 
c   seconds     reductions            redundant     irredundant
c            MB        restarts               trail         variables
c             level           conflicts           glue           remaining
c 
c B 15855.27  0 36 493 1851707 76245717 579517  6% 16 1196410 65063 13%
c - 15882.01  0 34 494 1863408 76480200 512156  5% 16 1196410 65063 13%
c W 15901.57  0 35 494 1873240 76636719 657715  6% 16 1196410 65063 13%
c - 15918.87  0 35 495 1879805 76788767 514582  6% 16 1196410 65063 13%
c # 15945.76  0 34 495 1895228 77028721 735708  6% 16 1196410 65063 13%
c - 15953.27  0 35 496 1898724 77097955 514936  6% 16 1196410 65063 13%
c - 15987.96  0 36 497 1922687 77407768 519254  7% 17 1196410 65063 13%
c B 15989.67  0 36 497 1923136 77421728 532177  7% 17 1196410 65063 13%
c - 16020.54  0 35 498 1938521 77718203 517126  7% 17 1196410 65063 13%
c W 16031.77  0 36 498 1941457 77815731 607847  6% 17 1196410 65063 13%
c - 16055.10  0 35 499 1950278 78029262 516540  6% 16 1196410 65063 13%
c F 16075.49  0 35 499 1962008 78210732 686302  6% 16 1196410 65063 13%
c - 16090.71  0 35 500 1968440 78340944 522785  6% 16 1196410 65063 13%
c B 16119.78  0 36 500 1984934 78606738 771192  6% 17 1196410 65063 13%
c - 16125.71  0 36 501 1987081 78653249 526367  6% 16 1196410 65063 13%
c s 16126.40  0 36 501 1987081 78653249 526138  6% 16 1196410 65063 13%
c w 16127.54  0 36 501 1987081 78653249 525883  6% 16 1196410 65063 13%
c t 16127.56  0 36 501 1987081 78653249 525832  6% 16 1196410 65063 13%
c - 16161.81  0 35 502 2003377 78966178 524628  6% 16 1196410 65063 13%
c W 16167.11  0 35 502 2005037 79003741 559655  6% 16 1196410 65063 13%
c 
c   seconds     reductions            redundant     irredundant
c            MB        restarts               trail         variables
c             level           conflicts           glue           remaining
c 
c - 16198.45  0 35 503 2021900 79279731 527036  6% 16 1196410 65063 13%
c # 16212.70  0 35 503 2032150 79401742 641600  6% 17 1196410 65063 13%
c - 16234.58  0 37 504 2041152 79593909 531016  6% 17 1196410 65063 13%
c B 16257.85  0 36 504 2051291 79800745 722450  6% 16 1196410 65063 13%
c - 16270.69  0 35 505 2057000 79908707 529985  6% 16 1196410 65063 13%
c W 16306.07  0 35 505 2071481 80200747 801006  6% 16 1196410 65063 13%
c - 16309.25  0 35 506 2072713 80224129 532126  6% 16 1196410 65063 13%
c - 16345.72  0 35 507 2092097 80540174 534245  6% 16 1196410 65063 13%
c F 16354.40  0 35 507 2097555 80601752 589954  6% 16 1196410 65063 13%
c - 16385.08  0 37 508 2117258 80856843 536292  6% 17 1196410 65063 13%
c B 16400.77  0 35 508 2123478 81003754 672396  6% 16 1196410 65063 13%
c - 16422.65  0 36 509 2133194 81174136 536978  6% 16 1196410 65063 13%
c s 16423.40  0 36 509 2133194 81174136 536775  6% 16 1196410 65063 13%
c w 16424.56  0 36 509 2133194 81174136 536552  6% 16 1196410 65063 13%
c t 16424.58  0 36 509 2133194 81174136 536517  6% 16 1196410 65063 13%
c W 16451.51  0 35 509 2147138 81406755 753760  6% 16 1196410 65063 13%
c - 16464.61  0 36 510 2155104 81492052 540491  6% 17 1196410 65063 13%
c - 16502.05  0 35 511 2170609 81810594 540025  6% 16 1196410 65063 13%
c # 16502.06  0 35 511 2170609 81810758 540159  6% 16 1196410 65063 13%
c - 16539.20  0 37 512 2195235 82129757 544365  6% 17 1196410 65063 13%
c 
c   seconds     reductions            redundant     irredundant
c            MB        restarts               trail         variables
c             level           conflicts           glue           remaining
c 
c B 16548.11  0 35 512 2199732 82215759 623653  6% 17 1196410 65063 13%
c - 16576.14  0 36 513 2212400 82449542 544051  6% 16 1196410 65063 13%
c W 16596.67  0 35 513 2220343 82621760 701787  6% 16 1196410 65063 13%
c - 16615.66  0 35 514 2228966 82769951 544311  6% 16 1196410 65063 13%
c F 16645.38  0 36 514 2248648 83028761 786771  6% 17 1196410 65063 13%
c - 16652.95  0 36 515 2254725 83090984 551286  7% 17 1196410 65063 13%
c - 16691.28  0 36 516 2267360 83412639 551609  6% 16 1196410 65063 13%
c B 16694.18  0 36 516 2268548 83436762 573912  6% 16 1196410 65063 13%
c - 16729.84  0 35 517 2287743 83734918 554587  6% 16 1196410 65063 13%
c W 16744.13  0 36 517 2295055 83845763 657649  6% 16 1196410 65063 13%
c - 16768.94  0 35 518 2307898 84057820 552898  6% 16 1196410 65063 13%
c s 16769.63  0 35 518 2307898 84057820 552694  6% 16 1196410 65063 13%
c w 16770.73  0 35 518 2307898 84057820 552465  6% 16 1196410 65063 13%
c t 16770.74  0 35 518 2307898 84057820 552401  6% 16 1196410 65063 13%
c # 16796.35  0 36 518 2319872 84255765 737182  6% 16 1196410 65063 13%
c - 16812.49  0 36 519 2326157 84381347 556811  6% 16 1196410 65063 13%
c B 16848.84  0 36 519 2341041 84666767 821629  6% 16 1196410 65063 13%
c - 16854.63  0 36 520 2343421 84705496 558620  6% 16 1196410 65063 13%
c - 16895.51  0 35 521 2364657 85030268 558184  6% 16 1196410 65063 13%
c W 16902.00  0 35 521 2366539 85078771 602894  6% 16 1196410 65063 13%
c 
c   seconds     reductions            redundant     irredundant
c            MB        restarts               trail         variables
c             level           conflicts           glue           remaining
c 
c - 16938.09  0 35 522 2381864 85355665 562831  6% 16 1196410 65063 13%
c F 16955.57  0 35 522 2389634 85491773 688264  6% 16 1196410 65063 13%
c - 16979.19  0 36 523 2402141 85681684 565357  6% 16 1196410 65063 13%
c B 17005.80  0 36 523 2418494 85905774 776854  7% 18 1196410 65063 13%
c - 17017.22  0 35 524 2423631 86008326 567423  7% 18 1196410 65063 13%
c W 17054.27  0 37 524 2436034 86320776 861221  6% 17 1196410 65063 13%
c - 17056.68  0 37 525 2436894 86335592 566809  6% 17 1196410 65063 13%
c - 17099.54  0 36 526 2453827 86663482 565775  6% 16 1196410 65063 13%
c s 17100.31  0 36 526 2453827 86663482 565592  6% 16 1196410 65063 13%
c w 17101.46  0 36 526 2453827 86663482 565374  6% 16 1196410 65063 13%
c t 17101.48  0 36 526 2453827 86663482 565314  6% 16 1196410 65063 13%
c # 17109.72  0 36 526 2458538 86736778 633618  6% 16 1196410 65063 13%
c - 17144.26  0 35 527 2471785 86991995 567967  6% 16 1196410 65063 13%
c B 17164.65  0 34 527 2480230 87153779 716822  6% 16 1196410 65063 13%
c - 17187.67  0 35 528 2490506 87321132 570326  6% 16 1196410 65063 13%
c W 17217.71  0 36 528 2510020 87571780 803065  7% 17 1196410 65063 13%
c - 17227.27  0 35 529 2512417 87650891 573756  6% 17 1196410 65063 13%
c - 17270.71  0 36 530 2529417 87981273 573538  6% 16 1196410 65063 13%
c F 17271.93  0 36 530 2529939 87990782 582494  6% 16 1196410 65063 13%
c - 17312.93  0 36 531 2549628 88312279 578064  6% 16 1196410 65063 13%
c 
c   seconds     reductions            redundant     irredundant
c            MB        restarts               trail         variables
c             level           conflicts           glue           remaining
c 
c B 17324.78  0 36 531 2555733 88410783 669622  6% 16 1196410 65063 13%
c - 17352.59  0 35 532 2568704 88643909 580362  6% 16 1196410 65063 13%
c W 17379.33  0 36 532 2580143 88831784 756188  6% 16 1196410 65063 13%
c - 17398.33  0 36 533 2591188 88976162 584179  6% 17 1196410 65063 13%
c # 17431.32  0 36 533 2606521 89253789 842319  6% 16 1196410 65063 13%
c - 17437.90  0 35 534 2608899 89309039 583306  6% 16 1196410 65063 13%
c - 17479.50  0 36 535 2630300 89642539 585158  6% 16 1196410 65063 13%
c s 17480.28  0 36 535 2630300 89642539 584967  6% 16 1196410 65063 13%
c w 17481.40  0 36 535 2630300 89642539 584797  6% 16 1196410 65063 13%
c t 17481.42  0 36 535 2630300 89642539 584748  6% 16 1196410 65063 13%
c B 17485.82  0 36 535 2632039 89676790 616810  6% 16 1196410 65063 13%
c - 17525.99  0 35 536 2648588 89976666 585129  6% 16 1196410 65063 13%
c W 17544.63  0 36 536 2656590 90100792 700323  6% 16 1196410 65063 13%
c - 17573.07  0 36 537 2670139 90311413 589265  6% 16 1196410 65063 13%
c F 17601.20  0 36 537 2682311 90525795 789591  6% 16 1196410 65063 13%
c - 17618.84  0 35 538 2689371 90646782 592476  6% 16 1196410 65063 13%
c B 17653.22  0 35 538 2710722 90951796 882020  7% 18 1196410 65063 13%
c - 17657.14  0 35 539 2712156 90982776 594390  7% 18 1196410 65063 13%
c - 17695.83  0 36 540 2722587 91319392 581089  7% 17 1196410 65063 13%
c W 17704.27  0 37 540 2724971 91378797 636832  6% 17 1196410 65063 13%
c 
c   seconds     reductions            redundant     irredundant
c            MB        restarts               trail         variables
c             level           conflicts           glue           remaining
c 
c - 17738.84  0 36 541 2738859 91656631 587147  6% 16 1196410 65063 13%
c # 17758.55  0 35 541 2746801 91806799 725695  6% 16 1196410 65063 13%
c - 17783.11  0 35 542 2756721 91994494 588014  5% 16 1196410 65063 13%
c B 17812.35  0 36 542 2776974 92235800 813919  6% 17 1196410 65063 13%
c - 17823.50  0 36 543 2783373 92332980 596494  7% 18 1196410 65063 13%
c s 17824.39  0 36 543 2783373 92332980 596331  7% 18 1196410 65063 13%
c w 17825.59  0 36 543 2783373 92332980 596195  7% 18 1196410 65063 13%
c t 17825.60  0 36 543 2783373 92332980 596143  7% 18 1196410 65063 13%
c W 17865.07  0 36 543 2796433 92665802 909659  7% 17 1196410 65063 13%
c - 17866.41  0 36 544 2797229 92672090 591723  7% 17 1196410 65063 13%
c - 17905.86  0 36 545 2811363 93011823 592412  6% 17 1196410 65063 13%
c F 17915.36  0 35 545 2814509 93096803 670584  6% 16 1196410 65063 13%
c - 17948.17  0 36 546 2829994 93352179 596174  6% 17 1196410 65063 13%
c B 17970.09  0 35 546 2838158 93528804 757961  6% 16 1196410 65063 13%
c - 17993.53  0 35 547 2848141 93693161 597826  6% 16 1196410 65063 13%
c W 18028.47  0 37 547 2864966 93961808 847714  6% 16 1196410 65063 13%
c - 18039.37  0 37 548 2869786 94034764 603199  6% 16 1196410 65063 13%
c - 18084.33  0 35 549 2890239 94376991 606252  6% 16 1196410 65063 13%
c # 18086.82  0 35 549 2891023 94395809 623991  6% 16 1196410 65063 13%
c - 18132.84  0 35 550 2908707 94719841 606382  6% 16 1196410 65063 13%
c 
c   seconds     reductions            redundant     irredundant
c            MB        restarts               trail         variables
c             level           conflicts           glue           remaining
c 
c B 18146.54  0 36 550 2917896 94830811 710479  6% 16 1196410 65063 13%
c - 18175.80  0 37 551 2931762 95063314 613456  6% 17 1196410 65063 13%
c W 18203.47  0 36 551 2941190 95266812 802567  6% 16 1196410 65063 13%
c - 18223.84  0 35 552 2949671 95407410 612355  6% 16 1196410 65063 13%
c s 18224.72  0 35 552 2949671 95407410 612168  6% 16 1196410 65063 13%
c w 18225.92  0 35 552 2949671 95407410 612040  6% 16 1196410 65063 13%
c t 18225.94  0 35 552 2949671 95407410 611981  6% 16 1196410 65063 13%
c F 18265.89  0 33 552 2968059 95703815 884836  5% 16 1196410 65063 13%
c - 18273.29  0 34 553 2970887 95752130 610924  5% 16 1196410 65063 13%
c - 18321.94  0 36 554 2991669 96097474 617013  6% 16 1196410 65063 13%
c B 18327.38  0 36 554 2995685 96141819 658391  6% 17 1196410 65063 13%
c - 18367.66  0 36 555 3011893 96443441 620144  6% 16 1196410 65063 13%
c W 18387.60  0 36 555 3024412 96580821 748210  6% 17 1196410 65063 13%
c - 18414.97  0 37 556 3038914 96790031 622683  7% 18 1196410 65063 13%
c # 18443.54  0 37 556 3049496 97020823 840189  6% 17 1196410 65063 13%
c - 18458.74  0 37 557 3054324 97137244 624389  6% 16 1196410 65063 13%
c B 18500.47  0 36 557 3073175 97461826 929590  6% 16 1196410 65063 13%
c - 18504.18  0 37 558 3074379 97485081 628989  6% 16 1196410 65063 13%
c - 18550.71  0 36 559 3096048 97833542 628061  6% 16 1196410 65063 13%
c W 18562.34  0 37 559 3102816 97903828 694542  6% 17 1196410 65063 13%
c 
c   seconds     reductions            redundant     irredundant
c            MB        restarts               trail         variables
c             level           conflicts           glue           remaining
c 
c - 18597.29  0 36 560 3123255 98182626 632558  7% 18 1196410 65063 13%
c s 18598.19  0 36 560 3123255 98182626 632403  7% 18 1196410 65063 13%
c w 18599.40  0 36 560 3123255 98182626 632291  7% 18 1196410 65063 13%
c t 18599.42  0 36 560 3123255 98182626 632234  7% 18 1196410 65063 13%
c F 18617.98  0 35 560 3130619 98346830 787656  7% 18 1196410 65063 13%
c - 18640.28  0 36 561 3136271 98532333 626996  7% 17 1196410 65063 13%
c B 18672.42  0 36 561 3148342 98790832 868829  6% 16 1196410 65063 13%
c - 18685.79  0 36 562 3153738 98882668 629801  6% 16 1196410 65063 13%
c - 18735.26  0 36 563 3174708 99233621 628943  6% 16 1196410 65063 13%
c W 18736.99  0 36 563 3174880 99235834 631038  6% 16 1196410 65063 13%
c - 18786.99  0 35 564 3196365 99585198 628062  5% 16 1196410 65063 13%
c # 18800.96  0 36 564 3203304 99681835 718538  6% 16 1196410 65063 13%
c - 18837.39  0 37 565 3220276 99937400 638288  6% 17 1196410 65063 13%
c B 18861.31  0 37 565 3231348 100128837 818782  6% 17 1196410 65063 13%
c - 18883.18  0 37 566 3241679 100290224 642969  7% 17 1196410 65063 13%
c W 18921.91  0 35 566 3255297 100576841 910153  6% 16 1196410 65063 13%
c - 18932.74  0 36 567 3259457 100643672 641867  6% 16 1196410 65063 13%
c - 18979.72  0 38 568 3284800 100997742 646230  6% 17 1196410 65063 13%
c s 18980.67  0 38 568 3284800 100997742 646080  6% 17 1196410 65063 13%
c w 18981.98  0 38 568 3284800 100997742 645953  6% 17 1196410 65063 13%
c 
c   seconds     reductions             redundant     irredundant
c            MB        restarts                trail         variables
c             level            conflicts           glue           remaining
c 
c t 18982.00  0 38 568 3284800 100997742 645902  6% 17 1196410 65063 13%
c F 18985.24  0 38 568 3287013 101025843 672674  7% 18 1196410 65063 13%
c - 19028.16  0 35 569 3301248 101352436 644730  6% 16 1196410 65063 13%
c B 19044.43  0 35 569 3307287 101475844 759576  6% 16 1196410 65063 13%
c - 19081.00  0 36 570 3321589 101707754 647491  6% 16 1196410 65063 13%
c W 19113.31  0 35 570 3334366 101926848 850007  5% 16 1196410 65063 13%
c - 19133.90  0 36 571 3343944 102063695 648834  6% 16 1196410 65063 13%
c # 19175.05  0 36 571 3362066 102378855 942584  6% 16 1196410 65063 13%
c - 19181.49  0 37 572 3366798 102420259 652082  6% 17 1196410 65063 13%
c - 19234.32  0 36 573 3385659 102777446 651806  6% 16 1196410 65063 13%
c B 19242.20  0 35 573 3388529 102831856 702789  6% 16 1196410 65063 13%
c - 19290.38  0 36 574 3405968 103135256 656585  6% 16 1196410 65063 13%
c W 19313.48  0 37 574 3416177 103285857 796941  6% 16 1196410 65063 13%
c - 19342.55  0 36 575 3431397 103493691 660123  6% 17 1196410 65063 13%
c F 19377.88  0 36 575 3444445 103740858 889982  6% 16 1196410 65063 13%
c - 19395.05  0 36 576 3451777 103852751 659479  6% 16 1196410 65063 13%
c B 19447.58  0 37 576 3471163 104196860 980400  6% 16 1196410 65063 13%
c - 19450.91  0 37 577 3472268 104212435 661308  6% 16 1196410 65063 13%
c s 19452.02  0 37 577 3472268 104212435 661126  6% 16 1196410 65063 13%
c w 19453.41  0 37 577 3472268 104212435 660999  6% 16 1196410 65063 13%
c 
c   seconds     reductions             redundant     irredundant
c            MB        restarts                trail         variables
c             level            conflicts           glue           remaining
c 
c t 19453.43  0 37 577 3472268 104212435 660931  6% 16 1196410 65063 13%
c - 19500.41  0 36 578 3496553 104572740 664897  6% 17 1196410 65063 13%
c W 19513.41  0 37 578 3500362 104653861 740750  6% 17 1196410 65063 13%
c - 19554.87  0 35 579 3515755 104933667 664506  6% 16 1196410 65063 13%
c # 19580.40  0 37 579 3529349 105111863 832361  6% 17 1196410 65063 13%
c - 19607.60  0 37 580 3540622 105295218 670676  6% 17 1196410 65063 13%
c B 19648.85  0 37 580 3557213 105570864 929155  6% 17 1196410 65063 13%
c - 19664.14  0 37 581 3561940 105657393 671772  6% 16 1196410 65063 13%
c - 19721.70  0 36 582 3582131 106020191 671290  6% 16 1196410 65063 13%
c W 19724.84  0 36 582 3582854 106030865 681311  6% 16 1196410 65063 13%
c - 19782.32  0 36 583 3604624 106383612 668036  6% 16 1196410 65063 13%
c F 19798.78  0 35 583 3611074 106491866 768859  6% 16 1196410 65063 13%
c - 19837.01  0 35 584 3626777 106747656 674783  6% 16 1196410 65063 13%
c B 19870.36  0 37 584 3639189 106953869 867806  6% 16 1196410 65063 13%
c - 19897.28  0 36 585 3648653 107112326 678174  6% 16 1196410 65063 13%
c s 19898.38  0 36 585 3648653 107112326 678015  6% 16 1196410 65063 13%
c w 19899.69  0 36 585 3648653 107112326 677897  6% 16 1196410 65063 13%
c t 19899.71  0 36 585 3648653 107112326 677846  6% 16 1196410 65063 13%
c W 19951.65  0 37 585 3666517 107416871 963224  6% 16 1196410 65063 13%
c - 19961.27  0 36 586 3669453 107477617 680026  6% 16 1196410 65063 13%
c 
c   seconds     reductions             redundant     irredundant
c            MB        restarts                trail         variables
c             level            conflicts           glue           remaining
c 
c - 20021.76  0 36 587 3691090 107843534 681276  6% 16 1196410 65063 13%
c # 20028.71  0 36 587 3693740 107880872 716161  6% 16 1196410 65063 13%
c - 20082.39  0 37 588 3715188 108210073 685043  6% 16 1196410 65063 13%
c B 20106.02  0 36 588 3723316 108345874 810889  6% 16 1196410 65063 13%
c - 20144.12  0 36 589 3736176 108577237 685361  6% 16 1196410 65063 13%
c W 20182.51  0 36 589 3752637 108811877 902698  6% 17 1196410 65063 13%
c - 20206.50  0 35 590 3760163 108945022 686452  6% 16 1196410 65063 13%
c F 20261.79  0 37 590 3780662 109278880 997531  6% 16 1196410 65063 13%
c - 20268.65  0 37 591 3783025 109313430 689287  6% 16 1196410 65063 13%
c - 20330.77  0 36 592 3804537 109682461 685140  5% 16 1196410 65063 13%
c B 20342.63  0 36 592 3809299 109746881 744868  6% 17 1196410 65063 13%
c - 20390.20  0 36 593 3829399 110052115 690061  6% 17 1196410 65063 13%
c W 20418.04  0 37 593 3838007 110215885 842968  6% 17 1196410 65063 13%
c - 20453.57  0 37 594 3849286 110422396 696517  6% 16 1196410 65063 13%
c s 20454.67  0 37 594 3849286 110422396 696304  6% 16 1196410 65063 13%
c w 20456.12  0 37 594 3849286 110422396 696204  6% 16 1196410 65063 13%
c t 20456.14  0 37 594 3849286 110422396 696150  6% 16 1196410 65063 13%
c # 20499.23  0 37 594 3864815 110685886 941558  6% 16 1196410 65063 13%
c - 20520.18  0 38 595 3871538 110793300 696904  6% 17 1196410 65063 13%
c B 20582.94  0 36 595 3893587 111156887 1034229  6% 16 1196410 65063 13%
c 
c   seconds     reductions             redundant     irredundant
c            MB        restarts                trail         variables
c             level            conflicts           glue           remaining
c 
c - 20585.30  0 36 596 3894409 111164825 697153  6% 17 1196410 65063 13%
c - 20650.05  0 36 597 3916516 111536974 698390  5% 16 1196410 65063 13%
c W 20664.47  0 37 597 3925694 111628889 785137  6% 17 1196410 65063 13%
c - 20707.08  0 37 598 3939339 111909745 705965  6% 16 1196410 65063 13%
c F 20739.32  0 37 598 3952262 112101890 885263  6% 17 1196410 65063 13%
c - 20769.66  0 37 599 3963203 112283141 706067  6% 16 1196410 65063 13%
c B 20819.77  0 37 599 3983847 112575891 980838  6% 17 1196410 65063 13%
c - 20830.23  0 37 600 3989916 112657160 711580  7% 18 1196410 65063 13%
c - 20893.26  0 37 601 4010144 113031802 710944  6% 17 1196410 65063 13%
c W 20897.51  0 36 601 4010689 113050894 728669  6% 17 1196410 65063 13%
c - 20965.09  0 36 602 4032531 113407068 711276  6% 16 1196410 65063 13%
c s 20966.50  0 36 602 4032531 113407068 711093  6% 16 1196410 65063 13%
c w 20967.90  0 36 602 4032531 113407068 710988  6% 16 1196410 65063 13%
c t 20967.92  0 36 602 4032531 113407068 710917  6% 16 1196410 65063 13%
c # 20990.22  0 37 602 4040134 113526896 823510  6% 16 1196410 65063 13%
c - 21036.53  0 37 603 4055777 113782957 712532  5% 17 1196410 65063 13%
c B 21071.89  0 37 603 4069374 114003899 918804  6% 17 1196410 65063 13%
c - 21092.63  0 36 604 4080544 114159470 715866  7% 17 1196410 65063 13%
c W 21135.27  0 37 604 4096834 114481901 1020846  7% 18 1196410 65063 13%
c - 21144.31  0 37 605 4099053 114536606 714881  6% 17 1196410 65063 13%
c 
c   seconds     reductions             redundant     irredundant
c            MB        restarts                trail         variables
c             level            conflicts           glue           remaining
c 
c - 21202.56  0 37 606 4122023 114914364 713378  6% 17 1196410 65063 13%
c F 21209.27  0 37 606 4123787 114960904 756747  6% 17 1196410 65063 13%
c - 21264.62  0 36 607 4144347 115292745 719049  7% 18 1196410 65063 13%
c B 21286.33  0 36 607 4150013 115440906 858265  7% 17 1196410 65063 13%
c - 21325.38  0 37 608 4161721 115671751 721187  6% 17 1196410 65063 13%
c W 21368.57  0 36 608 4175799 115921908 953800  6% 16 1196410 65063 13%
c - 21393.05  0 38 609 4184223 116051380 722863  6% 17 1196410 65063 13%
c # 21449.48  0 37 609 4207933 116403909 1055050  7% 18 1196410 65063 13%
c - 21454.19  0 37 610 4208612 116431632 729102  7% 18 1196410 65063 13%
c s 21455.68  0 37 610 4208612 116431632 728946  7% 18 1196410 65063 13%
c w 21457.18  0 37 610 4208612 116431632 728861  7% 18 1196410 65063 13%
c t 21457.20  0 37 610 4208612 116431632 728800  7% 18 1196410 65063 13%
c - 21525.60  0 37 611 4233500 116812508 720008  5% 16 1196410 65063 13%
c B 21538.72  0 36 611 4238292 116886911 788893  5% 16 1196410 65063 13%
c - 21596.04  0 36 612 4257089 117194007 724678  6% 16 1196410 65063 13%
c W 21630.79  0 37 612 4271825 117370914 888266  6% 17 1196410 65063 13%
c - 21662.24  0 37 613 4283204 117576129 729842  6% 17 1196410 65063 13%
c F 21702.40  0 37 613 4300469 117855915 994533  7% 18 1196410 65063 13%
c - 21718.29  0 37 614 4304252 117958875 734022  6% 17 1196410 65063 13%
c B 21776.92  0 37 614 4327408 118341916 1093563  6% 17 1196410 65063 13%
c 
c   seconds     reductions             redundant     irredundant
c            MB        restarts                trail         variables
c             level            conflicts           glue           remaining
c 
c - 21777.38  0 37 615 4327426 118342244 733584  6% 17 1196410 65063 13%
c - 21834.54  0 38 616 4352278 118726243 735452  6% 18 1196410 65063 13%
c W 21848.29  0 37 616 4358209 118828917 832834  7% 18 1196410 65063 13%
c - 21883.99  0 36 617 4369352 119110860 728287  7% 18 1196410 65063 13%
c # 21910.71  0 35 617 4376747 119316919 923260  7% 18 1196410 65063 13%
c - 21936.00  0 35 618 4382907 119496098 720428  6% 17 1196410 65063 13%
c B 21985.48  0 36 618 4400408 119805923 1008711  6% 16 1196410 65063 13%
c - 21997.89  0 35 619 4404579 119881961 728732  5% 16 1196410 65063 13%
c s 21999.42  0 35 619 4404579 119881961 728490  5% 16 1196410 65063 13%
c w 22000.75  0 35 619 4404579 119881961 728417  5% 16 1196410 65063 13%
c t 22000.77  0 35 619 4404579 119881961 728356  5% 16 1196410 65063 13%
c - 22067.81  0 37 620 4429813 120268446 727154  6% 17 1196410 65063 13%
c W 22073.24  0 37 620 4431152 120295924 752633  6% 17 1196410 65063 13%
c - 22141.06  0 38 621 4454596 120655555 736419  6% 17 1196410 65063 13%
c F 22161.98  0 39 621 4463336 120786926 859913  6% 17 1196410 65063 13%
c - 22196.00  0 37 622 4477891 121043287 746273  7% 18 1196410 65063 13%
c B 22230.30  0 37 622 4488725 121278927 966553  6% 17 1196410 65063 13%
c - 22257.30  0 38 623 4497527 121431643 744353  6% 17 1196410 65063 13%
c W 22316.49  0 38 623 4521586 121771928 1061812  6% 17 1196410 65063 13%
c - 22323.09  0 38 624 4525436 121820622 748294  6% 18 1196410 65063 13%
c 
c   seconds     reductions             redundant     irredundant
c            MB        restarts                trail         variables
c             level            conflicts           glue           remaining
c 
c - 22385.53  0 38 625 4545551 122210224 751834  6% 17 1196410 65063 13%
c # 22394.29  0 37 625 4548049 122265930 803930  6% 17 1196410 65063 13%
c - 22451.52  0 38 626 4571837 122600452 755600  7% 18 1196410 65063 13%
c B 22474.43  0 37 626 4578497 122760931 906878  7% 17 1196410 65063 13%
c - 22517.25  0 38 627 4591890 122991301 758835  6% 17 1196410 65063 13%
c s 22518.87  0 38 627 4591890 122991301 758613  6% 17 1196410 65063 13%
c w 22520.42  0 38 627 4591890 122991301 758520  6% 17 1196410 65063 13%
c t 22520.44  0 38 627 4591890 122991301 758458  6% 17 1196410 65063 13%
c W 22569.10  0 36 627 4607540 123256932 1004759  5% 17 1196410 65063 13%
c - 22594.04  0 37 628 4615512 123382775 755712  6% 17 1196410 65063 13%
c F 22662.74  0 36 628 4638651 123753933 1098822  6% 17 1196410 65063 13%
c - 22669.36  0 37 629 4640363 123774870 752530  6% 17 1196410 65063 13%
c - 22741.21  0 38 630 4663776 124167589 755044  5% 17 1196410 65063 13%
c B 22755.92  0 37 630 4668772 124251935 833051  6% 17 1196410 65063 13%
c - 22812.83  0 37 631 4689441 124560933 760365  6% 17 1196410 65063 13%
c W 22850.29  0 37 631 4702813 124750936 939019  6% 17 1196410 65063 13%
c - 22888.50  0 39 632 4715639 124954900 767529  6% 17 1196410 65063 13%
c # 22940.75  0 37 632 4735866 125250937 1042771  6% 17 1196410 65063 13%
c - 22956.03  0 37 633 4741398 125349496 768904  6% 17 1196410 65063 13%
c - 23028.99  0 36 634 4764104 125744715 767377  6% 16 1196410 65063 13%
c 
c   seconds     reductions             redundant     irredundant
c            MB        restarts                trail         variables
c             level            conflicts           glue           remaining
c 
c B 23030.11  0 36 634 4764477 125751938 774095  6% 16 1196410 65063 13%
c - 23107.43  0 35 635 4790235 126140552 765112  5% 16 1196410 65063 13%
c W 23129.82  0 37 635 4797635 126253939 871487  6% 16 1196410 65063 13%
c - 23173.46  0 35 636 4818844 126537011 774019  7% 18 1196410 65063 13%
c s 23175.16  0 35 636 4818844 126537011 773786  7% 18 1196410 65063 13%
c w 23176.72  0 35 636 4818844 126537011 773691  7% 18 1196410 65063 13%
c t 23176.74  0 35 636 4818844 126537011 773617  7% 18 1196410 65063 13%
c F 23213.90  0 36 636 4829204 126756942 978878  6% 17 1196410 65063 13%
c - 23246.07  0 36 637 4840619 126934093 771347  5% 17 1196410 65063 13%
c B 23308.08  0 37 637 4861554 127260943 1076420  6% 17 1196410 65063 13%
c - 23322.91  0 37 638 4866290 127331799 775653  6% 16 1196410 65063 13%
c - 23391.22  0 37 639 4894337 127730128 781462  6% 17 1196410 65063 13%
c W 23398.81  0 37 639 4896296 127765945 814461  6% 17 1196410 65063 13%
c - 23467.35  0 36 640 4919069 128129080 779843  5% 17 1196410 65063 13%
c # 23496.35  0 37 640 4929047 128271946 913310  6% 17 1196410 65063 13%
c - 23548.11  0 37 641 4945174 128528656 782869  6% 17 1196410 65063 13%
c B 23597.23  0 38 641 4960997 128778949 1016485  6% 17 1196410 65063 13%
c - 23626.71  0 37 642 4969650 128928856 783560  6% 17 1196410 65063 13%
c W 23694.74  0 38 642 4994643 129286951 1119524  6% 17 1196410 65063 13%
c - 23700.09  0 37 643 4997704 129329685 790710  6% 18 1196410 65063 13%
c 
c   seconds     reductions             redundant     irredundant
c            MB        restarts                trail         variables
c             level            conflicts           glue           remaining
c 
c - 23768.48  0 37 644 5018964 129731131 792367  6% 17 1196410 65063 13%
c s 23770.24  0 37 644 5018964 129731131 792144  6% 17 1196410 65063 13%
c w 23771.95  0 37 644 5018964 129731131 791901  6% 17 1196410 65063 13%
c t 23771.97  0 37 644 5018964 129731131 791820  6% 17 1196410 65063 13%
c F 23783.15  0 36 644 5022508 129795954 851358  6% 16 1196410 65063 13%
c - 23850.90  0 38 645 5046390 130133200 791818  6% 17 1196410 65063 13%
c B 23879.71  0 37 645 5057183 130305955 953471  6% 17 1196410 65063 13%
c - 23925.36  0 36 646 5069168 130535893 793231  6% 17 1196410 65063 13%
c W 23980.07  0 36 646 5086038 130816956 1054411  5% 17 1196410 65063 13%
c - 24005.91  0 37 647 5094618 130939211 794272  6% 17 1196410 65063 13%
c } 24033.17  0 38 647 5103360 131071015 917770  6% 17 1196410 65063 13%
c [ 24033.17  0 30 647 5103360 131071015 917770  7% 22 1196410 65063 13%
c W 24118.59  0 35 647 5103421 131328958 1150712  7% 23 1196410 65063 13%
c - 24125.09  0 35 648 5103428 131343151 780724  7% 23 1196410 65063 13%
c - 24284.72  0 36 649 5103548 131747714 753807  7% 25 1196410 65063 13%
c I 24319.01  0 35 649 5103549 131841959 836062  7% 24 1196410 65063 13%
c - 24397.29  0 105 650 5103550 132152900 759310  5% 42 1196410 65063 13%
c B 24472.07  0 53 650 5103612 132355960 947370  7% 29 1196410 65063 13%
c - 24565.17  0 33 651 5103675 132558709 764259  7% 22 1196410 65063 13%
c W 24749.82  0 30 651 5103747 132870961 1039719  8% 22 1196410 65063 13%
c 
c   seconds     reductions             redundant     irredundant
c            MB        restarts                trail         variables
c             level            conflicts           glue           remaining
c 
c - 24822.18  0 28 652 5103785 132965142 741352  8% 22 1196410 65063 13%
c - 25102.47  0 32 653 5103852 133372198 750586  7% 25 1196410 65063 13%
c s 25102.64  0 32 653 5103852 133372198 750586  7% 25 1196410 65063 13%
c w 25104.98  0 32 653 5103852 133372198 750570  7% 25 1196410 65063 13%
c t 25105.00  0 32 653 5103852 133372198 750554  7% 25 1196410 65063 13%
c O 25112.94  0 32 653 5103861 133386963 763695  7% 25 1196410 65063 13%
c - 25326.06  0 32 654 5103962 133779878 738628  7% 25 1196410 65063 13%
c B 25398.89  0 29 654 5103995 133903966 839841  7% 24 1196410 65063 13%
c - 25546.44  0 32 655 5104060 134188184 753071  8% 24 1196410 65063 13%
c W 25693.68  0 30 655 5104061 134421967 947662  8% 24 1196410 65063 13%
c - 25817.34  0 31 656 5104062 134597110 740321  8% 23 1196410 65063 13%
c I 26093.50  0 27 656 5104062 134940969 1019687  8% 23 1196410 65063 13%
c - 26110.68  0 128 657 5104062 135006660 758853  7% 52 1196410 65063 13%
c - 26311.98  0 111 658 5104063 135416833 767970  7% 65 1196410 65063 13%
c B 26343.01  0 108 658 5104063 135460971 808590  7% 65 1196410 65063 13%
c - 26481.01  0 79 659 5104063 135827631 783971  7% 41 1196410 65063 13%
c W 26546.82  0 87 659 5104063 135981972 931618  7% 42 1196410 65063 13%
c - 26661.86  0 42 660 5104064 136239051 768048  7% 27 1196410 65063 13%
c 2 26691.33  0 40 660 5104064 136305246 827675  7% 27 1196410 65063 13%
c O 26799.56  0 36 660 5104064 136503974 1008821  7% 25 1196410 65063 13%
c 
c   seconds     reductions             redundant     irredundant
c            MB        restarts                trail         variables
c             level            conflicts           glue           remaining
c 
c - 26866.45  0 30 661 5104064 136651094 777028  7% 21 1196410 65063 13%
c s 26866.56  0 30 661 5104064 136651094 777028  7% 21 1196410 65063 13%
c w 26868.85  0 30 661 5104064 136651094 776856  7% 21 1196410 65063 13%
c t 26868.87  0 30 661 5104064 136651094 776853  7% 21 1196410 65063 13%
c B 27014.82  0 35 661 5104064 137026975 1135547  8% 22 1196410 65063 13%
c - 27036.13  0 41 662 5104064 137063761 783739  8% 24 1196410 65063 13%
c - 27282.26  0 53 663 5104064 137477053 793677  8% 31 1196410 65063 13%
c W 27338.11  0 46 663 5104064 137550977 863034  8% 29 1196410 65063 13%
c - 27654.02  0 31 664 5104064 137890966 781447  8% 24 1196410 65063 13%
c I 27827.72  0 27 664 5104064 138075978 931638  8% 22 1196410 65063 13%
c - 27902.18  0 215 665 5104065 138305503 802503  5% 73 1196410 65063 13%
c B 28028.04  0 234 665 5104065 138601979 1090538  5% 83 1196410 65063 13%
c - 28067.36  0 105 666 5104065 138720667 809324  6% 44 1196410 65063 13%
c W 28227.10  0 38 666 5104065 139128980 1192355  7% 24 1196410 65063 13%
c - 28230.79  0 38 667 5104065 139136451 787147  7% 24 1196410 65063 13%
c - 28405.06  0 31 668 5104065 139552858 792824  6% 21 1196410 65063 13%
c O 28436.39  0 30 668 5104065 139656984 885676  6% 20 1196410 65063 13%
c - 28559.55  0 30 669 5104065 139969888 768666  7% 22 1196410 65063 13%
c s 28560.39  0 30 669 5104065 139969888 768190  7% 22 1196410 65063 13%
c w 28562.49  0 30 669 5104065 139969888 766674  7% 22 1196410 65063 13%
c 
c   seconds     reductions             redundant     irredundant
c            MB        restarts                trail         variables
c             level            conflicts           glue           remaining
c 
c t 28562.51  0 30 669 5104065 139969888 766640  7% 22 1196410 65063 13%
c B 28648.28  0 30 669 5104065 140185986 954907  7% 22 1196410 65063 13%
c - 28745.85  0 54 670 5104065 140387541 774625  7% 32 1196410 65063 13%
c W 28926.98  0 55 670 5104065 140715987 1086649  7% 31 1196410 65063 13%
c - 28994.35  0 44 671 5104065 140805819 800838  7% 29 1196410 65063 13%
c - 29182.52  0 37 672 5104065 141224720 802300  7% 25 1196410 65063 13%
c I 29194.20  0 37 672 5104065 141246992 823270  7% 25 1196410 65063 13%
c - 29297.69  0 207 673 5104065 141644246 801464  6% 69 1196410 65063 13%
c B 29338.54  0 210 673 5104065 141778996 931453  6% 69 1196410 65063 13%
c - 29430.35  0 89 674 5104065 142064393 812055  8% 34 1196410 65063 13%
c W 29527.03  0 56 674 5104065 142311998 1051105  8% 28 1196410 65063 13%
c - 29592.52  0 49 675 5104065 142485163 806153  8% 27 1196410 65063 13%
c O 29780.87  0 30 675 5104181 142846001 1117988  7% 23 1196410 65063 13%
c - 29818.84  0 29 676 5104191 142906558 766904  7% 22 1196410 65063 13%
c - 30119.06  0 26 677 5104316 143328579 748329  7% 21 1196410 65063 13%
c B 30151.74  0 28 677 5104318 143381003 793540  8% 21 1196410 65063 13%
c - 30379.90  0 24 678 5104383 143751222 738240  8% 20 1196410 65063 13%
c s 30380.71  0 24 678 5104383 143751222 738148  8% 20 1196410 65063 13%
c w 30382.60  0 24 678 5104383 143751222 737975  8% 20 1196410 65063 13%
c t 30382.62  0 24 678 5104383 143751222 737943  8% 20 1196410 65063 13%
c 
c   seconds     reductions             redundant     irredundant
c            MB        restarts                trail         variables
c             level            conflicts           glue           remaining
c 
c W 30482.79  0 30 678 5104443 143917006 874160  8% 22 1196410 65063 13%
c - 30629.65  0 31 679 5104502 144174486 752200  8% 24 1196410 65063 13%
c I 30836.39  0 28 679 5104574 144454008 972276  8% 23 1196410 65063 13%
c - 30877.54  0 130 680 5104575 144598374 761421  7% 48 1196410 65063 13%
c B 31076.67  0 45 680 5104610 144992011 1128476  8% 29 1196410 65063 13%
c - 31097.41  0 41 681 5104624 145022885 772032  8% 27 1196410 65063 13%
c - 31410.92  0 28 682 5104734 145448019 723228  7% 22 1196410 65063 13%
c W 31465.25  0 31 682 5104765 145531014 791460  7% 24 1196410 65063 13%
c - 31656.27  0 31 683 5104831 145873776 748178  8% 23 1196410 65063 13%
c O 31798.91  0 27 683 5104876 146071016 913071  8% 22 1196410 65063 13%
c - 31957.63  0 27 684 5104954 146300157 736890  7% 22 1196410 65063 13%
c B 32152.00  0 30 684 5105021 146612018 1000481  7% 24 1196410 65063 13%
c - 32224.05  0 32 685 5105064 146727161 744919  8% 25 1196410 65063 13%
c W 32509.16  0 30 685 5105087 147154019 1087198  8% 25 1196410 65063 13%
c - 32510.00  0 30 686 5105087 147154789 727615  8% 25 1196410 65063 13%
c s 32510.78  0 30 686 5105087 147154789 727362  8% 25 1196410 65063 13%
c w 32512.87  0 30 686 5105087 147154789 727240  8% 25 1196410 65063 13%
c t 32512.89  0 30 686 5105087 147154789 727188  8% 25 1196410 65063 13%
c - 32795.35  0 30 687 5105088 147583040 710380  8% 25 1196410 65063 13%
c I 32861.53  0 32 687 5105088 147697020 804667  8% 26 1196410 65063 13%
c 
c   seconds     reductions             redundant     irredundant
c            MB        restarts                trail         variables
c             level            conflicts           glue           remaining
c 
c - 32921.47  0 49 688 5105151 148011914 753714  5% 24 1196410 65063 13%
c B 32968.71  0 34 688 5105215 148241021 947147  6% 20 1196410 65063 13%
c - 33009.05  0 47 689 5105277 148441413 765873  7% 24 1196410 65063 13%
c W 33179.63  0 41 689 5105343 148786025 1072833  7% 30 1196410 65063 13%
c - 33238.14  0 39 690 5105343 148871534 753930  8% 29 1196410 65063 13%
c - 33593.59  0 36 691 5105470 149302281 740721  7% 29 1196410 65063 13%
c O 33615.43  0 36 691 5105470 149332026 764228  7% 29 1196410 65063 13%
c - 33772.72  0 28 692 5105596 149733649 754065  7% 22 1196410 65063 13%
c B 33835.51  0 29 692 5105598 149879027 881104  7% 21 1196410 65063 13%
c - 34013.24  0 29 693 5105599 150165641 779581  8% 21 1196410 65063 13%
c W 34179.86  0 30 693 5105677 150427028 1007220  7% 23 1196410 65063 13%
c - 34286.66  0 30 694 5105726 150598256 772583  7% 23 1196410 65063 13%
c I 34493.85  0 28 694 5105835 150976029 1073095  7% 22 1196410 65063 13%
c - 34503.29  0 39 695 5105852 151031493 760955  6% 23 1196410 65063 13%
c s 34504.34  0 39 695 5105852 151031493 760843  6% 23 1196410 65063 13%
c w 34506.25  0 39 695 5105852 151031493 760753  6% 23 1196410 65063 13%
c t 34506.28  0 39 695 5105852 151031493 760731  6% 23 1196410 65063 13%
c - 34665.08  0 34 696 5105923 151465355 769286  7% 24 1196410 65063 13%
c B 34693.87  0 34 696 5105948 151526031 820052  7% 24 1196410 65063 13%
c - 34989.58  0 30 697 5106044 151899840 752666  7% 23 1196410 65063 13%
c 
c   seconds     reductions             redundant     irredundant
c            MB        restarts                trail         variables
c             level            conflicts           glue           remaining
c 
c W 35103.86  0 39 697 5106106 152077033 909726  7% 23 1196410 65063 13%
c - 35235.01  0 35 698 5106110 152334950 784656  7% 22 1196410 65063 13%
c O 35427.34  0 37 698 5106111 152629034 1057773  7% 22 1196410 65063 13%
c - 35493.02  0 37 699 5106111 152770682 802806  8% 21 1196410 65063 13%
c B 35762.99  0 40 699 5106112 153182035 1198333  8% 24 1196410 65063 13%
c - 35774.74  0 54 700 5106112 153207036 815975  8% 25 1196410 65063 13%
c - 36014.65  0 96 701 5106112 153644014 812566  7% 37 1196410 65063 13%
c W 36053.36  0 101 701 5106112 153736037 901692  8% 38 1196410 65063 13%
c 
c caught signal 15 (SIGTERM)
c 
c --- [ result ] -------------------------------------------------------------
c 
c UNKNOWN
c 
c --- [ run-time profiling ] -------------------------------------------------
c 
c process time taken by individual solving procedures
c (percentage relative to process time for solving)
c 
c     35675.99   98.93% search
c     24157.23   66.99% stable
c     11238.47   31.16% unstable
c       385.79    1.07% simplify
c       280.16    0.78% walk
c       138.52    0.38% probe
c        77.73    0.22% vivify
c        60.28    0.17% ternary
c        37.36    0.10% subsume
c         5.97    0.02% elim
c         1.00    0.00% parse
c         0.13    0.00% lucky
c   =================================
c     36061.78  100.00% solve
c 
c last line shows process time for solving
c (percentage relative to total process time)
c 
c --- [ statistics ] ---------------------------------------------------------
c 
c chronological:          30149256        19.61 %  of conflicts
c conflicts:             153754954      4263.65    per second
c decisions:             367950102     10203.33    per second
c eliminated:               420667        81.17 %  of all variables
c learned:               151000806        98.21 %  per conflict
c learned_lits:        14951670561       100.00 %  learned literals
c minimized:                     0         0.00 %  learned literals
c shrunken:             5379596856        35.98 %  learned literals
c minishrunken:         1881388457        12.58 %  learned literals
c otfs:                     187223         0.12 %  of conflict
c propagations:       107759531423         2.99 M  per second
c reduced:               138705786        90.21 %  per conflict
c rephased:                    554    277536.02    interval
c restarts:                5106112        30.11    interval
c stabilizing:                   9        43.17 %  of conflicts
c substituted:               32527         6.28 %  of all variables
c subsumed:               13184967         8.32 %  of all clauses
c strengthened:             986202         0.62 %  of all clauses
c ternary:                      20         0.00 %  of resolved
c vivified:                  61746         0.04 %  of all clauses
c walked:                      184    835624.75    interval
c weakened:                1564525         2.41    average size
c 
c seconds are measured in process time for solving
c 
c --- [ resources ] ----------------------------------------------------------
c 
c total process time since initialization:     36062.78    seconds
c total real time since initialization:        37386.31    seconds
c maximum resident set size of process:       897952.00    MB
c 
c raising signal 15 (SIGTERM)
