c --- [ banner ] -------------------------------------------------------------
c 
c CaDiCaL SAT Solver
c Copyright (c) 2016-2024
c A. Biere, M. Fleury, N. Froleyks, K. Fazekas, F. Pollitt, T. Faller
c JKU Linz, University of Freiburg, TU Wien
c 
c Version 2.1.3 f13d74439a5b5c963ac5b02d05ce93a8098018b8
c Apple clang version 17.0.0 (clang-1700.0.13.5) -Wall -Wextra -O3 -DNDEBUG -DNCLOSEFROM
c Fri Oct 24 16:32:22 KST 2025 Darwin baegjaehyeon-ui-MacBookAir.local 24.6.0 arm64
c 
c --- [ parsing input ] ------------------------------------------------------
c 
c reading DIMACS file from 'lambda_15_10_relaxed.cnf'
c opening file to read 'lambda_15_10_relaxed.cnf'
c found 'p cnf 518257 3429713' header
c parsed 3429713 clauses in 0.91 seconds process time
c 
c --- [ options ] ------------------------------------------------------------
c 
c all options are set to their default value
c 
c --- [ solving ] ------------------------------------------------------------
c 
c time measured in process time since initialization
c 
c  seconds  reductions  redundant   irredundant
c         MB    restarts       trail        variables
c          level   conflicts       glue           remaining
c 
c *  0.91  0  0 0   0    0    0  0% 0 3429712 517896 100%
c {  0.98  0  0 0   0    0    0  0% 0 3429712 517896 100%
c -  1.21  0 92 1   1  301  274  2% 25 3413456 517896 100%
c }  1.33  0 55 1   1 1001  905  3% 22 3413456 517896 100%
c [  1.33  0  0 1   1 1001  905  0% 0 3413456 517896 100%
c O  1.34  0 293 1   1 1002  906 19% 12 3413456 517896 100%
c -  1.82  0 62 2   1 1821 1397  4% 13 3413456 517896 100%
c ]  1.99  0 54 2   2 3001 2466  3% 19 3413456 517896 100%
c {  1.99  0 55 2   2 3001 2466  3% 22 3413456 517896 100%
c F  1.99  0 55 2   2 3003 2468  3% 22 3413456 517896 100%
c -  2.37  0 47 3   4 4102 2605  3% 20 3413456 517896 100%
c 2  3.42  0 43 3   4 5001 3467  3% 20 3380945 517896 100%
c s  4.41  0 41 3  14 5458 3888  3% 19 3380945 517896 100%
c t  5.03  0 41 3  14 5458 3887  3% 19 3377149 517896 100%
c e  6.48  0 41 3  14 5458 3886  3% 19 3309796 226477 44%
c s  7.00  0 41 3  14 5458 3879  3% 19 3309796 226477 44%
c ^  7.43  0 41 3  14 5458 3879  3% 19 3309796 226477 44%
c #  8.24  0 40 3  21 6005 4401  4% 19 3309796 226477 44%
c }  8.36  0 39 3  25 7006 5372  4% 19 3309796 226477 44%
c [  8.36  0 54 3  25 7006 5372  8% 19 3309796 226477 44%
c 
c  seconds  reductions  redundant    irredundant
c         MB    restarts       trail         variables
c          level   conflicts       glue            remaining
c 
c -  8.67  0 55 4  26 7142 3545  8% 19 3309796 226477 44%
c I  9.18  0 45 4  27 10008 6258  6% 20 3309796 226477 44%
c -  9.57  0 60 5  28 10923 4566  6% 23 3309796 226477 44%
c 2 11.14  0 61 5  30 15002 8447  5% 25 2957702 226477 44%
c ] 11.41  0 61 5  30 15006 8451  5% 25 2957702 226477 44%
c { 11.41  0 39 5  30 15006 8451  4% 19 2957702 226477 44%
c B 11.41  0 40 5  30 15010 8455  4% 19 2957702 226477 44%
c - 11.68  0 39 6  35 15461 5635  4% 19 2957702 226477 44%
c - 12.40  0 33 7  42 20652 6315  4% 18 2957702 226477 44%
c s 12.51  0 33 7  42 20936 6538  4% 17 2957702 226477 44%
c w 12.95  0 33 7  42 20936 6537  4% 17 2957702 226477 44%
c t 13.02  0 33 7  42 20936 6537  4% 17 2945265 226477 44%
c e 13.55  0 33 7  42 20936 6528  4% 17 2947078 224612 43%
c s 13.59  0 33 7  42 20936 6518  4% 17 2947078 224612 43%
c ^ 13.82  0 33 7  42 20936 6518  4% 17 2947078 224612 43%
c W 13.99  0 33 7  44 21015 6592  4% 17 2947078 224612 43%
c - 14.93  0 31 8  99 26585 7096  4% 17 2947078 224612 43%
c F 15.13  0 30 8  99 28018 8368  4% 17 2947078 224612 43%
c 2 15.97  0 30 8 147 30003 10071  4% 17 2939895 224612 43%
c } 16.41  0 30 8 180 31007 11014  4% 17 2939895 224612 43%
c 
c  seconds  reductions    redundant    irredundant
c         MB    restarts         trail         variables
c          level    conflicts        glue            remaining
c 
c [ 16.41  0 61 8 180 31007 11014  5% 25 2939895 224612 43%
c - 16.98  0 56 9 180 33253 8198  5% 23 2939895 224612 43%
c B 17.49  0 51 9 183 36019 10790  5% 23 2939895 224612 43%
c - 19.08  0 45 10 186 40658 8764  5% 22 2939895 224612 43%
c s 19.84  0 43 10 187 43219 10905  4% 22 2939895 224612 43%
c w 20.34  0 43 10 187 43219 10904  4% 22 2939895 224612 43%
c t 20.48  0 43 10 187 43219 10904  4% 22 2920512 224612 43%
c s 21.10  0 43 10 187 43219 10902  4% 22 2920512 224612 43%
c ^ 21.32  0 43 10 187 43219 10902  4% 22 2920512 224612 43%
c W 21.95  0 41 10 187 45021 12468  4% 22 2920512 224612 43%
c - 23.05  0 39 11 188 48803 9710  4% 22 2920512 224612 43%
c O 25.10  0 36 11 189 55022 15045  4% 21 2920512 224612 43%
c - 25.85  0 35 12 191 57678 10663  4% 21 2920512 224612 43%
c ] 26.87  0 34 12 195 63007 15119  4% 21 2920512 224612 43%
c { 26.87  0 30 12 195 63007 15119  4% 17 2920512 224612 43%
c B 27.24  0 30 12 286 66025 17893  4% 17 2920512 224612 43%
c - 27.65  0 30 13 344 67293 12288  4% 17 2920512 224612 43%
c s 28.23  0 30 13 416 72826 17376  4% 17 2920512 224612 43%
c w 28.78  0 30 13 416 72826 17373  4% 17 2920512 224612 43%
c t 28.93  0 30 13 416 72826 17373  4% 17 2895144 224612 43%
c 
c  seconds  reductions     redundant    irredundant
c         MB     restarts         trail         variables
c          level     conflicts        glue            remaining
c 
c e 29.85  0 30 13 416 72826 17311  4% 17 3178587 128944 25%
c s 30.45  0 30 13 416 72826 17304  4% 17 3178587 128944 25%
c ^ 30.79  0 30 13 416 72826 17304  4% 17 3178587 128944 25%
c 2 32.18  0 30 13 468 75003 19355  5% 17 2738775 128944 25%
c - 32.91  0 31 14 493 77647 12719  5% 17 2738775 128944 25%
c W 33.81  0 31 14 493 78026 13077  5% 17 2738775 128944 25%
c - 34.93  0 30 15 653 88617 13611  5% 16 2738775 128944 25%
c # 35.16  0 30 15 726 91027 15873  4% 16 2738775 128944 25%
c - 36.64  0 30 16 1447 100317 14970  5% 16 2738775 128944 25%
c B 38.74  0 30 16 1907 105030 19456  5% 16 2738775 128944 25%
c - 40.34  0 30 17 2452 112750 15875  5% 17 2738775 128944 25%
c s 42.01  0 30 17 2903 119064 21770  5% 17 2738775 128944 25%
c w 42.57  0 30 17 2903 119064 21770  5% 17 2738775 128944 25%
c t 42.80  0 30 17 2903 119064 21770  5% 17 2699869 128944 25%
c e 43.36  0 30 17 2903 119064 21388  5% 17 2912187 97428 19%
c s 43.73  0 30 17 2903 119064 21386  5% 17 2912187 97428 19%
c ^ 43.96  0 30 17 2903 119064 21386  5% 17 2912187 97428 19%
c W 45.70  0 30 17 2947 120031 22300  6% 17 2912187 97428 19%
c - 46.73  0 30 18 3244 125913 16297  6% 17 2912187 97428 19%
c } 46.86  0 30 18 3281 127009 17349  6% 17 2912187 97428 19%
c 
c  seconds  reductions       redundant    irredundant
c         MB     restarts           trail         variables
c          level      conflicts         glue           remaining
c 
c [ 46.86  0 34 18 3281 127009 17349 10% 21 2912187 97428 19%
c B 49.62  0 35 18 3286 136034 25931  9% 21 2912187 97428 19%
c - 50.59  0 47 19 3288 139959 17629  9% 25 2912187 97428 19%
c 2 51.12  0 47 19 3288 140005 17656  9% 25 2580053 97428 19%
c W 56.20  0 46 19 3290 153035 28228  8% 26 2580053 97428 19%
c - 56.74  0 46 20 3290 154746 17580  8% 26 2580053 97428 19%
c - 59.94  0 43 21 3292 169940 18728  7% 26 2580053 97428 19%
c I 60.18  0 43 21 3293 171037 19666  7% 26 2580053 97428 19%
c s 61.43  0 50 21 3297 177885 26142  7% 28 2580053 97428 19%
c w 61.91  0 50 21 3297 177885 26142  7% 28 2580053 97428 19%
c t 62.17  0 50 21 3297 177885 26142  7% 28 2543237 97428 19%
c e 62.89  0 50 21 3297 177885 26115  7% 28 3002548 64917 13%
c s 63.34  0 50 21 3297 177885 26114  7% 28 3002548 64917 13%
c 2 64.94  0 50 21 3297 180006 28088  8% 28 2387339 64917 13%
c - 66.47  0 49 22 3302 185856 20233  9% 27 2387339 64917 13%
c B 67.12  0 48 22 3304 190039 23990  8% 27 2387339 64917 13%
c - 69.11  0 55 23 3307 202266 21138  8% 30 2387339 64917 13%
c W 72.64  0 53 23 3312 210041 28132  8% 29 2387339 64917 13%
c - 74.65  0 51 24 3317 219386 21771  8% 29 2387339 64917 13%
c O 77.38  0 48 24 3320 231042 31656  8% 28 2387339 64917 13%
c 
c  seconds  reductions       redundant    irredundant
c         MB     restarts           trail         variables
c          level      conflicts         glue           remaining
c 
c - 78.54  0 46 25 3321 237222 22355  8% 27 2387339 64917 13%
c B 81.51  0 43 25 3322 253043 34938  8% 26 2387339 64917 13%
c ] 81.90  0 42 25 3322 255011 36650  8% 26 2387339 64917 13%
c { 81.90  0 30 25 3322 255011 36650  9% 17 2387339 64917 13%
c s 82.04  0 30 25 3362 255327 36956  9% 17 2387339 64917 13%
c w 82.51  0 30 25 3362 255327 36956  9% 17 2387339 64917 13%
c t 82.84  0 30 25 3362 255327 36956  9% 17 2297502 64917 13%
c s 83.14  0 30 25 3362 255327 36953  9% 17 2297502 64917 13%
c - 83.57  0 30 26 3380 255769 22842  9% 17 2297502 64917 13%
c - 86.17  0 30 27 4361 274895 23759  8% 17 2297502 64917 13%
c F 86.91  0 30 27 4413 276045 24834  8% 17 2297502 64917 13%
c - 90.06  0 30 28 5394 294729 25029  8% 17 2297502 64917 13%
c B 90.72  0 30 28 5749 300046 30089  8% 17 2297502 64917 13%
c - 92.70  0 30 29 6284 315271 26026  8% 17 2297502 64917 13%
c W 96.62  0 30 29 6627 325048 35364  8% 17 2297502 64917 13%
c - 98.94  0 30 30 7019 336523 27010  8% 17 2297502 64917 13%
c # 100.48  0 30 30 7575 351049 40650  8% 17 2297502 64917 13%
c - 101.54  0 30 31 8035 358482 27854  8% 17 2297502 64917 13%
c B 102.94  0 29 31 8146 378054 45821  8% 17 2297502 64917 13%
c - 103.48  0 29 32 8191 381151 28154  8% 17 2297502 64917 13%
c 
c  seconds   reductions       redundant    irredundant
c          MB     restarts           trail         variables
c           level      conflicts         glue           remaining
c 
c - 106.11  0 29 33 8502 404527 28844  7% 17 2297502 64917 13%
c W 109.01  0 29 33 8502 406056 29947  7% 17 2297502 64917 13%
c - 111.48  0 28 34 9684 428612 29608  7% 17 2297502 64917 13%
c F 112.17  0 28 34 10027 435058 35651  7% 17 2297502 64917 13%
c - 115.16  0 28 35 11208 453405 30866  7% 17 2297502 64917 13%
c B 117.27  0 29 35 11911 465060 41836  7% 17 2297502 64917 13%
c - 118.99  0 29 36 12650 478906 32025  7% 17 2297502 64917 13%
c W 123.62  0 28 36 12831 496061 47740  7% 16 2297502 64917 13%
c - 124.39  0 28 37 12841 505116 32538  7% 16 2297502 64917 13%
c } 124.76  0 28 37 12909 511013 37961  7% 16 2297502 64917 13%
c [ 124.76  0 42 37 12909 511013 37961  8% 26 2297502 64917 13%
c W 131.05  0 46 37 12909 528062 54126  8% 26 2297502 64917 13%
c - 131.62  0 46 38 12909 532035 34735  8% 26 2297502 64917 13%
c - 135.43  0 43 39 12922 559664 36257  8% 25 2297502 64917 13%
c I 135.64  0 43 39 12923 561064 37443  8% 25 2297502 64917 13%
c - 138.57  0 59 40 12934 587999 37163  7% 28 2297502 64917 13%
c B 139.46  0 58 40 12938 595070 43601  7% 28 2297502 64917 13%
c - 143.00  0 56 41 12940 617042 38335  7% 27 2297502 64917 13%
c W 148.70  0 53 41 12946 630073 49755  7% 27 2297502 64917 13%
c - 151.52  0 50 42 12954 646793 39415  7% 26 2297502 64917 13%
c 
c  seconds   reductions        redundant    irredundant
c          MB      restarts           trail         variables
c           level       conflicts         glue           remaining
c 
c O 155.01  0 47 42 12962 666075 56359  7% 25 2297502 64917 13%
c - 157.15  0 44 43 12969 677254 40684  7% 24 2297502 64917 13%
c s 157.35  0 44 43 12969 677254 40668  7% 24 2297502 64917 13%
c w 158.06  0 44 43 12969 677254 40665  7% 24 2297502 64917 13%
c t 159.61  0 44 43 12969 677254 40665  7% 24 1763828 64917 13%
c s 160.08  0 44 43 12969 677254 40642  7% 24 1763828 64917 13%
c B 164.63  0 40 43 12971 703078 62944  7% 23 1763828 64917 13%
c - 165.31  0 39 44 12972 708424 41004  7% 22 1763828 64917 13%
c - 169.65  0 37 45 12972 738753 41002  7% 22 1763828 64917 13%
c W 172.76  0 37 45 12973 741080 43063  7% 22 1763828 64917 13%
c - 177.78  0 36 46 12973 769754 43111  7% 21 1763828 64917 13%
c I 179.45  0 35 46 12973 780082 51979  7% 21 1763828 64917 13%
c - 181.77  0 64 47 12973 801431 44879  7% 25 1763828 64917 13%
c B 184.90  0 64 47 12982 820083 61659  7% 25 1763828 64917 13%
c - 186.69  0 60 48 12988 833779 43091  7% 24 1763828 64917 13%
c W 194.21  0 53 48 13002 861085 66618  7% 23 1763828 64917 13%
c - 195.29  0 51 49 13003 866805 41575  7% 23 1763828 64917 13%
c - 200.14  0 45 50 13011 900504 45018  7% 22 1763828 64917 13%
c O 200.46  0 45 50 13013 903086 47304  7% 22 1763828 64917 13%
c - 205.28  0 40 51 13027 934874 46892  7% 21 1763828 64917 13%
c 
c  seconds   reductions        redundant    irredundant
c          MB      restarts           trail         variables
c           level       conflicts         glue           remaining
c 
c B 206.89  0 38 51 13033 946089 56479  7% 21 1763828 64917 13%
c - 212.49  0 36 52 13035 969918 47255  7% 21 1763828 64917 13%
c W 218.51  0 34 52 13036 990092 63496  7% 20 1763828 64917 13%
c - 221.44  0 33 53 13037 1005637 46387  7% 20 1763828 64917 13%
c ] 224.39  0 32 53 13048 1023013 59999  7% 20 1763828 64917 13%
c { 224.39  0 28 53 13048 1023013 59999  7% 16 1763828 64917 13%
c # 225.71  0 29 53 13695 1035095 71364  7% 16 1763828 64917 13%
c - 226.48  0 29 54 13839 1042030 48436  7% 16 1763828 64917 13%
c - 232.19  0 30 55 17303 1079096 48906  7% 17 1763828 64917 13%
c B 232.44  0 30 55 17476 1081096 50814  7% 17 1763828 64917 13%
c - 237.14  0 31 56 20006 1116840 48751  7% 17 1763828 64917 13%
c s 237.27  0 31 56 20006 1116840 48706  7% 17 1763828 64917 13%
c w 237.92  0 31 56 20006 1116840 48693  7% 17 1763828 64917 13%
c t 238.92  0 31 56 20006 1116840 48693  7% 17 1696664 64917 13%
c s 239.48  0 31 56 20006 1116840 48625  7% 17 1696664 64917 13%
c W 243.47  0 31 56 20713 1128097 59310  7% 17 1696664 64917 13%
c - 247.68  0 31 57 21999 1155254 48592  7% 17 1696664 64917 13%
c F 250.08  0 31 57 22974 1176099 68415  8% 17 1696664 64917 13%
c - 252.45  0 31 58 23862 1194049 49649  8% 17 1696664 64917 13%
c B 256.18  0 31 58 25222 1225100 78941  8% 17 1696664 64917 13%
c 
c  seconds   reductions         redundant    irredundant
c          MB      restarts            trail         variables
c           level        conflicts         glue           remaining
c 
c - 257.46  0 31 59 25681 1233512 50601  8% 17 1696664 64917 13%
c - 263.01  0 32 60 27461 1273645 51464  8% 17 1696664 64917 13%
c W 265.59  0 32 60 27489 1275103 52851  8% 17 1696664 64917 13%
c - 270.65  0 32 61 28878 1314449 52184  8% 17 1696664 64917 13%
c # 272.01  0 32 61 29355 1326107 63201  8% 17 1696664 64917 13%
c - 275.69  0 32 62 30288 1355919 53024  8% 17 1696664 64917 13%
c B 278.39  0 31 62 30926 1378108 73871  8% 17 1696664 64917 13%
c - 281.72  0 32 63 31598 1398058 53805  8% 17 1696664 64917 13%
c W 288.52  0 31 63 32886 1431110 84569  8% 17 1696664 64917 13%
c - 289.85  0 31 64 33166 1440866 54499  8% 17 1696664 64917 13%
c - 295.01  0 31 65 34498 1484344 55222  8% 17 1696664 64917 13%
c F 295.07  0 31 65 34498 1485113 55917  8% 17 1696664 64917 13%
c - 299.09  0 31 66 35220 1528490 55213  7% 17 1696664 64917 13%
c B 299.73  0 31 66 35326 1540115 65761  7% 16 1696664 64917 13%
c - 301.99  0 30 67 35815 1573305 55102  7% 16 1696664 64917 13%
c W 306.37  0 30 67 36369 1596116 76231  7% 16 1696664 64917 13%
c - 308.21  0 30 68 37346 1618788 57361  6% 16 1696664 64917 13%
c s 308.39  0 30 68 37346 1618788 57330  6% 16 1696664 64917 13%
c w 309.04  0 30 68 37346 1618788 57313  6% 16 1696664 64917 13%
c t 310.22  0 30 68 37346 1618788 57313  6% 16 1587457 64917 13%
c 
c  seconds   reductions         redundant    irredundant
c          MB      restarts            trail         variables
c           level        conflicts         glue           remaining
c 
c s 310.75  0 30 68 37346 1618788 57276  6% 16 1587457 64917 13%
c # 314.03  0 31 68 38552 1653117 89170  6% 16 1587457 64917 13%
c - 315.62  0 31 69 39925 1664940 59133  6% 16 1587457 64917 13%
c B 322.08  0 32 69 45156 1711119 102912  7% 16 1587457 64917 13%
c - 322.28  0 32 70 45160 1711155 60577  7% 16 1587457 64917 13%
c - 326.54  0 32 71 46447 1758030 59337  6% 16 1587457 64917 13%
c W 330.10  0 32 71 47153 1770121 70213  6% 16 1587457 64917 13%
c - 333.88  0 33 72 49486 1805565 61191  6% 16 1587457 64917 13%
c F 336.48  0 33 72 51153 1830122 84267  7% 16 1587457 64917 13%
c - 338.45  0 32 73 51841 1853761 61010  6% 16 1587457 64917 13%
c B 341.20  0 31 73 52464 1891124 93669  6% 15 1587457 64917 13%
c - 342.08  0 31 74 52837 1902616 60646  6% 15 1587457 64917 13%
c - 345.79  0 31 75 55376 1952131 63290  6% 15 1587457 64917 13%
c W 348.11  0 31 75 55423 1953125 64178  6% 15 1587457 64917 13%
c - 355.22  0 32 76 62469 2002308 65710  6% 16 1587457 64917 13%
c # 356.85  0 32 76 63817 2016127 78793  7% 16 1587457 64917 13%
c } 362.26  0 33 76 66643 2047013 108060  7% 17 1587457 64917 13%
c [ 362.26  0 32 76 66643 2047013 108060  7% 20 1587457 64917 13%
c - 363.33  0 32 77 66645 2053145 66067  7% 21 1587457 64917 13%
c I 366.62  0 40 77 66658 2080129 92010  7% 22 1587457 64917 13%
c 
c  seconds   reductions         redundant    irredundant
c          MB      restarts            trail         variables
c           level        conflicts         glue           remaining
c 
c - 370.85  0 52 78 66662 2104641 67700  7% 27 1587457 64917 13%
c B 381.90  0 60 78 66677 2145131 105785  8% 31 1587457 64917 13%
c - 383.77  0 60 79 66684 2156797 70809  8% 31 1587457 64917 13%
c s 383.94  0 60 79 66684 2156797 70764  8% 31 1587457 64917 13%
c w 384.67  0 60 79 66684 2156797 70755  8% 31 1587457 64917 13%
c t 386.02  0 60 79 66684 2156797 70755  8% 31 1467620 64917 13%
c s 386.44  0 60 79 66684 2156797 70725  8% 31 1467620 64917 13%
c - 396.66  0 50 80 66694 2209613 68405  8% 28 1467620 64917 13%
c W 399.07  0 49 80 66694 2211134 69827  8% 28 1467620 64917 13%
c - 407.89  0 44 81 66695 2262263 66868  8% 26 1467620 64917 13%
c O 411.70  0 42 81 66695 2278135 80420  8% 26 1467620 64917 13%
c - 421.84  0 37 82 66696 2315562 65682  8% 24 1467620 64917 13%
c B 428.62  0 34 82 66696 2346138 90528  8% 23 1467620 64917 13%
c - 435.25  0 33 83 66696 2369510 67015  8% 23 1467620 64917 13%
c W 447.05  0 32 83 66696 2415139 105969  8% 22 1467620 64917 13%
c - 449.16  0 32 84 66696 2424108 72291  8% 22 1467620 64917 13%
c - 461.56  0 30 85 66724 2479356 76498  8% 22 1467620 64917 13%
c I 463.58  0 30 85 66725 2485142 81458  8% 22 1467620 64917 13%
c - 470.50  0 36 86 66742 2535256 75794  7% 23 1467620 64917 13%
c B 473.74  0 35 86 66750 2556143 93543  7% 22 1467620 64917 13%
c 
c  seconds   reductions         redundant    irredundant
c          MB      restarts            trail         variables
c           level        conflicts         glue           remaining
c 
c - 478.46  0 43 87 66758 2591804 75168  7% 24 1467620 64917 13%
c W 488.33  0 47 87 66761 2628144 109551  7% 26 1467620 64917 13%
c - 492.22  0 44 88 66773 2649003 78630  7% 25 1467620 64917 13%
c O 500.56  0 38 88 66790 2701145 124044  7% 24 1467620 64917 13%
c - 501.87  0 37 89 66790 2706852 73702  7% 23 1467620 64917 13%
c s 501.97  0 37 89 66790 2706852 73610  7% 23 1467620 64917 13%
c w 502.69  0 37 89 66790 2706852 73572  7% 23 1467620 64917 13%
c t 504.05  0 37 89 66790 2706852 73572  7% 23 1172413 64917 13%
c s 504.39  0 37 89 66790 2706852 73445  7% 23 1172413 64917 13%
c - 513.22  0 33 90 66819 2765354 73819  7% 22 1172413 64917 13%
c B 514.62  0 33 90 66820 2775147 82821  7% 22 1172413 64917 13%
c - 521.69  0 33 91 66822 2821839 75444  7% 22 1172413 64917 13%
c W 528.12  0 32 91 66823 2850151 99595  7% 22 1172413 64917 13%
c - 533.53  0 31 92 66823 2878945 73692  7% 21 1172413 64917 13%
c I 541.82  0 31 92 66840 2926155 114673  7% 22 1172413 64917 13%
c - 542.98  0 41 93 66845 2936672 78366  7% 24 1172413 64917 13%
c - 550.78  0 40 94 66867 2995020 75311  7% 23 1172413 64917 13%
c B 551.54  0 40 94 66869 3003156 82869  7% 23 1172413 64917 13%
c - 556.19  0 42 95 66885 3053988 74943  6% 24 1172413 64917 13%
c W 561.04  0 41 95 66886 3081158 98844  6% 24 1172413 64917 13%
c 
c  seconds   reductions         redundant    irredundant
c          MB      restarts            trail         variables
c           level        conflicts         glue           remaining
c 
c - 564.33  0 37 96 66900 3113578 77719  6% 22 1172413 64917 13%
c O 569.80  0 35 96 66917 3160160 120026  6% 21 1172413 64917 13%
c - 571.53  0 34 97 66917 3173791 79196  6% 21 1172413 64917 13%
c - 580.84  0 30 98 66947 3234624 78116  6% 20 1172413 64917 13%
c B 581.78  0 30 98 66947 3240162 82585  6% 20 1172413 64917 13%
c - 590.52  0 30 99 66950 3296076 83082  7% 21 1172413 64917 13%
c s 590.60  0 30 99 66950 3296076 82994  7% 21 1172413 64917 13%
c w 591.28  0 30 99 66950 3296076 82952  7% 21 1172413 64917 13%
c W 597.40  0 29 99 66950 3321164 104705  7% 21 1172413 64917 13%
c - 604.18  0 28 100 66951 3358149 80696  7% 20 1172413 64917 13%
c I 611.24  0 27 100 66951 3403167 120388  7% 19 1172413 64917 13%
c - 613.53  0 56 101 66951 3420844 84062  6% 28 1172413 64917 13%
c - 622.56  0 119 102 66951 3484157 89056  6% 50 1172413 64917 13%
c B 622.76  0 120 102 66951 3486169 91005  6% 51 1172413 64917 13%
c - 632.13  0 80 103 66952 3548094 84307  7% 37 1172413 64917 13%
c W 637.25  0 71 103 66952 3570170 104850  7% 34 1172413 64917 13%
c - 646.50  0 57 104 66952 3612649 85368  7% 30 1172413 64917 13%
c O 656.57  0 48 104 66952 3655172 121701  7% 28 1172413 64917 13%
c - 661.49  0 44 105 66952 3677825 87874  7% 27 1172413 64917 13%
c B 670.26  0 37 105 66952 3741177 143119  7% 23 1172413 64917 13%
c 
c  seconds    reductions         redundant    irredundant
c          MB       restarts            trail         variables
c           level         conflicts         glue           remaining
c 
c - 671.37  0 36 106 66952 3743622 89559  7% 23 1172413 64917 13%
c - 685.71  0 32 107 66981 3810042 92136  7% 22 1172413 64917 13%
c W 689.71  0 32 107 66983 3828178 107838  7% 22 1172413 64917 13%
c - 700.99  0 32 108 67004 3877081 92135  7% 22 1172413 64917 13%
c I 712.24  0 31 108 67014 3916181 126148  7% 22 1172413 64917 13%
c - 715.21  0 57 109 67015 3944741 94041  7% 28 1172413 64917 13%
c s 715.30  0 57 109 67015 3944741 93918  7% 28 1172413 64917 13%
c w 715.98  0 57 109 67015 3944741 93867  7% 28 1172413 64917 13%
c B 726.26  0 46 109 67042 4005182 145980  7% 26 1172413 64917 13%
c - 727.47  0 46 110 67045 4013021 87814  7% 26 1172413 64917 13%
c - 739.05  0 38 111 67068 4081922 85949  7% 23 1172413 64917 13%
c ] 741.29  0 37 111 67076 4095013 98044  7% 23 1172413 64917 13%
c { 741.29  0 33 111 67076 4095013 98044  7% 17 1172413 64917 13%
c B 741.32  0 33 111 67099 4095184 98208  7% 17 1172413 64917 13%
c - 748.80  0 36 112 71638 4151445 91935  7% 17 1172413 64917 13%
c W 754.37  0 36 112 73840 4186186 124980  7% 17 1172413 64917 13%
c - 758.34  0 37 113 75610 4221586 93381  7% 17 1172413 64917 13%
c F 764.98  0 37 113 78971 4278187 146978  7% 18 1172413 64917 13%
c - 766.19  0 37 114 79189 4292348 93434  7% 18 1172413 64917 13%
c - 774.02  0 37 115 83196 4363732 92678  7% 18 1172413 64917 13%
c 
c  seconds    reductions         redundant    irredundant
c          MB       restarts            trail         variables
c           level         conflicts         glue           remaining
c 
c B 774.63  0 36 115 83341 4371188 99481  7% 17 1172413 64917 13%
c - 779.05  0 35 116 84436 4435737 92759  7% 17 1172413 64917 13%
c W 782.29  0 34 116 84901 4465189 118735  6% 16 1172413 64917 13%
c - 787.52  0 36 117 89827 4508361 95196  7% 17 1172413 64917 13%
c # 792.77  0 35 117 92969 4560190 142639  6% 17 1172413 64917 13%
c - 794.29  0 36 118 93339 4581607 95188  6% 16 1172413 64917 13%
c s 794.43  0 36 118 93339 4581607 95099  6% 16 1172413 64917 13%
c w 795.02  0 36 118 93339 4581607 95052  6% 16 1172413 64917 13%
c - 801.56  0 35 119 96344 4655473 95944  6% 16 1172413 64917 13%
c B 801.66  0 35 119 96454 4656191 96633  6% 16 1172413 64917 13%
c - 811.04  0 37 120 103536 4729960 99510  7% 17 1172413 64917 13%
c W 816.22  0 37 120 105301 4753193 121585  7% 17 1172413 64917 13%
c - 821.99  0 38 121 108989 4805067 99602  7% 18 1172413 64917 13%
c F 828.23  0 38 121 111834 4851194 143205  7% 18 1172413 64917 13%
c - 831.02  0 37 122 112416 4880796 99756  7% 18 1172413 64917 13%
c B 837.55  0 37 122 114903 4950196 164303  7% 17 1172413 64917 13%
c - 838.58  0 37 123 115401 4957145 100462  7% 17 1172413 64917 13%
c - 847.94  0 38 124 120962 5034114 102786  7% 18 1172413 64917 13%
c W 851.92  0 38 124 121558 5050199 118198  7% 18 1172413 64917 13%
c - 860.23  0 38 125 124790 5111704 102732  7% 18 1172413 64917 13%
c 
c  seconds    reductions          redundant     irredundant
c          MB       restarts              trail         variables
c           level          conflicts          glue           remaining
c 
c # 864.98  0 37 125 126709 5151200 140022  7% 18 1172413 64917 13%
c - 869.94  0 37 126 128002 5189915 103465  7% 18 1172413 64917 13%
c B 877.21  0 37 126 130584 5253201 163348  7% 18 1172413 64917 13%
c - 879.21  0 37 127 131298 5268746 104524  7% 18 1172413 64917 13%
c s 879.36  0 37 127 131298 5268746 104467  7% 18 1172413 64917 13%
c w 880.02  0 37 127 131298 5268746 104419  7% 18 1172413 64917 13%
c t 880.45  0 37 127 131298 5268746 104417  7% 18 1172413 64917 13%
c - 888.69  0 37 128 134239 5348199 103164  7% 18 1172413 64917 13%
c W 891.33  0 36 128 134485 5356203 110745  7% 18 1172413 64917 13%
c - 900.61  0 37 129 137739 5428273 105731  7% 18 1172413 64917 13%
c F 904.24  0 37 129 139142 5460204 136062  7% 18 1172413 64917 13%
c - 909.99  0 38 130 140987 5508970 107404  8% 18 1172413 64917 13%
c B 915.95  0 37 130 143053 5565206 160242  7% 18 1172413 64917 13%
c - 918.92  0 37 131 144116 5590286 107959  7% 18 1172413 64917 13%
c W 928.92  0 36 131 147259 5671207 183751  7% 17 1172413 64917 13%
c - 929.21  0 37 132 147335 5672222 108457  7% 17 1172413 64917 13%
c - 938.66  0 37 133 151462 5754778 111092  7% 18 1172413 64917 13%
c # 941.34  0 37 133 152565 5778209 133218  7% 18 1172413 64917 13%
c - 948.49  0 37 134 155227 5837956 111349  7% 18 1172413 64917 13%
c B 955.08  0 38 134 157079 5886210 156630  7% 18 1172413 64917 13%
c 
c  seconds    reductions          redundant     irredundant
c          MB       restarts              trail         variables
c           level          conflicts          glue           remaining
c 
c - 958.15  0 37 135 157680 5921754 111169  7% 18 1172413 64917 13%
c W 964.86  0 36 135 158602 5995211 178595  7% 17 1172413 64917 13%
c - 966.30  0 36 136 159644 6006172 111111  7% 17 1172413 64917 13%
c s 966.46  0 36 136 159644 6006172 111052  7% 17 1172413 64917 13%
c w 967.06  0 36 136 159644 6006172 110997  7% 17 1172413 64917 13%
c - 975.68  0 35 137 163304 6091211 113477  7% 16 1172413 64917 13%
c F 976.54  0 35 137 163600 6105212 126422  7% 16 1172413 64917 13%
c - 985.02  0 36 138 169682 6176870 114210  7% 17 1172413 64917 13%
c B 987.60  0 35 138 170479 6216214 150659  6% 16 1172413 64917 13%
c - 990.65  0 34 139 171796 6263151 115122  6% 16 1172413 64917 13%
c W 999.44  0 36 139 179537 6328218 176272  6% 17 1172413 64917 13%
c - 1002.06  0 37 140 181753 6350052 118395  7% 17 1172413 64917 13%
c - 1008.15  0 35 141 183748 6437575 116395  6% 16 1172413 64917 13%
c # 1008.41  0 35 141 183920 6441221 119779  6% 16 1172413 64917 13%
c - 1016.11  0 36 142 191342 6525718 118632  6% 16 1172413 64917 13%
c B 1019.43  0 37 142 194726 6555222 146545  7% 17 1172413 64917 13%
c - 1026.79  0 38 143 199893 6614484 120425  7% 17 1172413 64917 13%
c W 1037.02  0 38 143 203114 6670224 173263  7% 18 1172413 64917 13%
c - 1040.80  0 38 144 205023 6703868 120572  7% 18 1172413 64917 13%
c F 1049.87  0 38 144 209020 6786228 198841  7% 18 1172413 64917 13%
c 
c   seconds    reductions          redundant     irredundant
c           MB       restarts              trail         variables
c            level          conflicts          glue           remaining
c 
c - 1050.78  0 38 145 209274 6793873 121536  7% 18 1172413 64917 13%
c s 1050.92  0 38 145 209274 6793873 121447  7% 18 1172413 64917 13%
c w 1051.51  0 38 145 209274 6793873 121341  7% 18 1172413 64917 13%
c - 1061.49  0 38 146 212579 6884498 121272  7% 18 1172413 64917 13%
c B 1063.33  0 37 146 212791 6903229 138794  7% 17 1172413 64917 13%
c - 1069.18  0 37 147 216079 6975745 122573  7% 17 1172413 64917 13%
c W 1076.61  0 37 147 219783 7021231 165853  7% 17 1172413 64917 13%
c - 1080.45  0 36 148 220631 7067612 123642  7% 17 1172413 64917 13%
c # 1086.93  0 36 148 224757 7140232 190826  7% 16 1172413 64917 13%
c - 1090.24  0 37 149 226815 7160099 124950  7% 16 1172413 64917 13%
c - 1101.76  0 38 150 234903 7253207 127534  7% 17 1172413 64917 13%
c B 1102.54  0 38 150 235377 7260235 134155  7% 17 1172413 64917 13%
c - 1110.14  0 35 151 238135 7346936 124083  7% 17 1172413 64917 13%
c W 1114.01  0 34 151 238871 7381240 155799  7% 16 1172413 64917 13%
c - 1120.64  0 36 152 242802 7441288 126598  7% 17 1172413 64917 13%
c F 1128.27  0 37 152 248308 7503241 185565  7% 17 1172413 64917 13%
c - 1132.59  0 37 153 250521 7536259 130020  7% 17 1172413 64917 13%
c B 1142.68  0 38 153 255837 7626244 215196  7% 18 1172413 64917 13%
c - 1143.49  0 38 154 256146 7631850 129944  7% 18 1172413 64917 13%
c s 1143.62  0 38 154 256146 7631850 129788  7% 18 1172413 64917 13%
c 
c   seconds    reductions          redundant     irredundant
c           MB       restarts              trail         variables
c            level          conflicts          glue           remaining
c 
c w 1144.22  0 38 154 256146 7631850 129687  7% 18 1172413 64917 13%
c t 1145.07  0 38 154 256146 7631850 129684  7% 18 1172413 64917 13%
c - 1152.12  0 35 155 257629 7728067 127077  7% 16 1172413 64917 13%
c W 1154.77  0 34 155 258036 7750245 147010  6% 16 1172413 64917 13%
c - 1159.49  0 34 156 260386 7824899 129053  6% 16 1172413 64917 13%
c # 1165.55  0 36 156 267097 7875246 176473  6% 17 1172413 64917 13%
c - 1172.91  0 37 157 271960 7922357 133881  7% 17 1172413 64917 13%
c B 1183.79  0 38 157 277556 8001248 208332  7% 18 1172413 64917 13%
c - 1186.19  0 38 158 278597 8020431 133189  7% 18 1172413 64917 13%
c - 1197.66  0 38 159 282830 8119130 133990  7% 18 1172413 64917 13%
c W 1200.33  0 38 159 283384 8128250 142502  7% 18 1172413 64917 13%
c } 1207.08  0 38 159 285845 8191015 201726  7% 18 1172413 64917 13%
c [ 1207.08  0 37 159 285845 8191015 201726  7% 23 1172413 64917 13%
c - 1209.81  0 76 160 285847 8218447 134641  7% 33 1172413 64917 13%
c W 1216.49  0 102 160 285848 8256251 170350  7% 39 1172413 64917 13%
c - 1225.81  0 77 161 285851 8318383 139086  7% 32 1172413 64917 13%
c O 1238.23  0 56 161 285879 8385252 198051  7% 27 1172413 64917 13%
c - 1246.58  0 48 162 285893 8418943 132861  7% 26 1172413 64917 13%
c B 1269.69  0 37 162 285913 8515253 211651  7% 24 1172413 64917 13%
c - 1270.24  0 39 163 285916 8520122 139020  7% 24 1172413 64917 13%
c 
c   seconds    reductions          redundant     irredundant
c           MB       restarts              trail         variables
c            level          conflicts          glue           remaining
c 
c s 1270.39  0 39 163 285916 8520122 138872  7% 24 1172413 64917 13%
c w 1271.10  0 39 163 285916 8520122 138805  7% 24 1172413 64917 13%
c t 1271.12  0 39 163 285916 8520122 138803  7% 24 1172413 64917 13%
c - 1284.67  0 33 164 285956 8621921 134471  7% 21 1172413 64917 13%
c W 1291.04  0 32 164 285967 8646254 156113  7% 21 1172413 64917 13%
c - 1308.07  0 31 165 285975 8724341 137000  7% 21 1172413 64917 13%
c I 1320.04  0 31 165 285975 8778256 186071  7% 22 1172413 64917 13%
c - 1326.68  0 45 166 285976 8827381 145717  7% 23 1172413 64917 13%
c B 1342.40  0 43 166 285976 8911257 221691  7% 23 1172413 64917 13%
c - 1345.57  0 41 167 285989 8931041 142648  7% 23 1172413 64917 13%
c - 1364.49  0 31 168 286028 9035322 135193  7% 21 1172413 64917 13%
c W 1367.83  0 31 168 286033 9045259 143233  7% 21 1172413 64917 13%
c - 1386.73  0 29 169 286054 9140224 135628  7% 21 1172413 64917 13%
c O 1394.37  0 29 169 286070 9180260 169389  7% 21 1172413 64917 13%
c - 1404.67  0 29 170 286097 9245748 137622  7% 21 1172413 64917 13%
c B 1415.64  0 32 170 286103 9316261 199613  7% 21 1172413 64917 13%
c - 1421.98  0 40 171 286103 9351891 145452  7% 23 1172413 64917 13%
c W 1441.01  0 36 171 286134 9453262 235130  7% 22 1172413 64917 13%
c - 1443.23  0 36 172 286134 9458656 145614  7% 22 1172413 64917 13%
c s 1443.36  0 36 172 286134 9458656 145476  7% 22 1172413 64917 13%
c 
c   seconds    reductions          redundant     irredundant
c           MB       restarts              trail         variables
c            level          conflicts          glue           remaining
c 
c w 1444.08  0 36 172 286134 9458656 145401  7% 22 1172413 64917 13%
c t 1444.09  0 36 172 286134 9458656 145400  7% 22 1172413 64917 13%
c - 1471.00  0 31 173 286166 9566041 139104  7% 22 1172413 64917 13%
c I 1478.40  0 31 173 286176 9591264 160725  7% 22 1172413 64917 13%
c - 1493.95  0 33 174 286207 9674048 144300  7% 23 1172413 64917 13%
c B 1506.41  0 33 174 286228 9730266 191099  7% 24 1172413 64917 13%
c - 1517.56  0 31 175 286230 9782675 140758  7% 23 1172413 64917 13%
c W 1538.57  0 30 175 286231 9870267 214402  7% 23 1172413 64917 13%
c - 1545.02  0 29 176 286231 9891922 139878  7% 23 1172413 64917 13%
c - 1569.07  0 32 177 286232 10001790 143364  7% 24 1172413 64917 13%
c O 1570.44  0 32 177 286232 10011269 151641  7% 23 1172413 64917 13%
c - 1593.24  0 30 178 286232 10112279 143663  7% 23 1172413 64917 13%
c B 1601.06  0 31 178 286232 10153272 177009  7% 23 1172413 64917 13%
c - 1613.75  0 36 179 286232 10223388 152712  7% 23 1172413 64917 13%
c W 1635.06  0 39 179 286233 10296275 220902  8% 25 1172413 64917 13%
c - 1643.12  0 37 180 286233 10335119 160181  8% 24 1172413 64917 13%
c I 1674.84  0 33 180 286233 10440277 252665  8% 23 1172413 64917 13%
c - 1675.87  0 46 181 286233 10447470 158019  7% 27 1172413 64917 13%
c s 1676.01  0 46 181 286233 10447470 157883  7% 27 1172413 64917 13%
c w 1676.78  0 46 181 286233 10447470 157792  7% 27 1172413 64917 13%
c 
c   seconds    reductions           redundant     irredundant
c           MB       restarts               trail         variables
c            level          conflicts           glue           remaining
c 
c t 1676.80  0 46 181 286233 10447470 157791  7% 27 1172413 64917 13%
c - 1692.38  0 85 182 286233 10560442 155144  6% 35 1172413 64917 13%
c B 1696.21  0 88 182 286233 10585278 178721  6% 35 1172413 64917 13%
c - 1710.42  0 66 183 286233 10674036 158715  6% 30 1172413 64917 13%
c W 1724.37  0 60 183 286233 10731279 211734  6% 30 1172413 64917 13%
c - 1736.60  0 49 184 286246 10788253 163271  6% 27 1172413 64917 13%
c O 1759.54  0 38 184 286279 10878283 242737  6% 24 1172413 64917 13%
c - 1762.82  0 37 185 286291 10903087 169177  6% 23 1172413 64917 13%
c - 1785.37  0 32 186 286322 11018541 161012  6% 22 1172413 64917 13%
c B 1786.73  0 32 186 286326 11026284 167647  6% 22 1172413 64917 13%
c - 1813.99  0 33 187 286359 11134616 158883  7% 23 1172413 64917 13%
c W 1822.94  0 31 187 286360 11175285 195158  7% 22 1172413 64917 13%
c - 1841.25  0 30 188 286372 11251312 157637  7% 22 1172413 64917 13%
c I 1859.12  0 30 188 286398 11325286 221171  7% 22 1172413 64917 13%
c - 1863.04  0 36 189 286419 11368628 164306  7% 22 1172413 64917 13%
c B 1876.06  0 31 189 286445 11476290 257883  6% 20 1172413 64917 13%
c - 1877.75  0 33 190 286451 11486567 156681  6% 20 1172413 64917 13%
c s 1877.90  0 33 190 286451 11486567 156484  6% 20 1172413 64917 13%
c w 1878.62  0 33 190 286451 11486567 156359  6% 20 1172413 64917 13%
c t 1878.64  0 33 190 286451 11486567 156355  6% 20 1172413 64917 13%
c 
c   seconds    reductions           redundant     irredundant
c           MB       restarts               trail         variables
c            level          conflicts           glue           remaining
c 
c - 1903.49  0 31 191 286486 11605126 151265  7% 21 1172413 64917 13%
c W 1910.12  0 33 191 286486 11628291 173053  7% 22 1172413 64917 13%
c - 1934.32  0 30 192 286488 11724305 161088  7% 21 1172413 64917 13%
c O 1950.09  0 32 192 286488 11781293 210717  7% 22 1172413 64917 13%
c - 1969.79  0 30 193 286496 11844107 168983  8% 22 1172413 64917 13%
c B 1997.45  0 27 193 286533 11935296 244147  8% 21 1172413 64917 13%
c - 2006.27  0 27 194 286546 11964527 175041  8% 21 1172413 64917 13%
c - 2041.00  0 26 195 286580 12085570 176232  7% 20 1172413 64917 13%
c W 2043.68  0 26 195 286581 12090297 179845  7% 20 1172413 64917 13%
c - 2066.88  0 29 196 286614 12207232 171480  7% 22 1172413 64917 13%
c I 2073.05  0 30 196 286615 12246298 206256  7% 22 1172413 64917 13%
c - 2084.33  0 95 197 286632 12329516 169432  6% 39 1172413 64917 13%
c B 2100.63  0 61 197 286661 12403299 227979  7% 31 1172413 64917 13%
c - 2113.04  0 48 198 286677 12452419 152662  7% 27 1172413 64917 13%
c W 2140.33  0 34 198 286709 12561300 238509  7% 24 1172413 64917 13%
c - 2144.45  0 33 199 286709 12575944 152167  7% 24 1172413 64917 13%
c s 2144.53  0 33 199 286709 12575944 152077  7% 24 1172413 64917 13%
c w 2145.40  0 33 199 286709 12575944 151957  7% 24 1172413 64917 13%
c - 2180.12  0 29 200 286742 12700088 148185  7% 23 1172413 64917 13%
c O 2186.06  0 29 200 286742 12720304 163220  7% 23 1172413 64917 13%
c 
c   seconds    reductions           redundant     irredundant
c           MB       restarts               trail         variables
c            level          conflicts           glue           remaining
c 
c - 2207.24  0 27 201 286743 12824853 156843  7% 21 1172413 64917 13%
c B 2218.30  0 26 201 286743 12880307 200864  7% 21 1172413 64917 13%
c - 2235.03  0 30 202 286744 12950240 163433  7% 22 1172413 64917 13%
c W 2257.69  0 29 202 286744 13041310 239205  7% 22 1172413 64917 13%
c - 2266.98  0 29 203 286744 13076248 165585  7% 22 1172413 64917 13%
c - 2301.45  0 28 204 286768 13202876 161475  7% 23 1172413 64917 13%
c I 2301.56  0 28 204 286768 13203312 161720  7% 23 1172413 64917 13%
c - 2321.47  0 32 205 286807 13330127 161751  7% 23 1172413 64917 13%
c B 2328.07  0 32 205 286814 13366318 192427  7% 23 1172413 64917 13%
c - 2341.77  0 35 206 286851 13457999 167362  7% 24 1172413 64917 13%
c W 2359.52  0 35 206 286870 13530319 232865  7% 23 1172413 64917 13%
c - 2369.55  0 33 207 286871 13586488 171560  7% 22 1172413 64917 13%
c O 2395.11  0 31 207 286902 13695320 262806  7% 22 1172413 64917 13%
c - 2398.51  0 30 208 286909 13715601 174412  7% 22 1172413 64917 13%
c s 2398.60  0 30 208 286909 13715601 174210  7% 22 1172413 64917 13%
c w 2399.48  0 30 208 286909 13715601 174110  7% 22 1172413 64917 13%
c t 2400.96  0 30 208 286909 13715601 174105  7% 22 1172413 64917 13%
c - 2424.80  0 27 209 286949 13845333 164516  6% 20 1172413 64917 13%
c B 2428.22  0 28 209 286955 13861324 178048  7% 21 1172413 64917 13%
c - 2454.60  0 28 210 286996 13975685 168596  7% 21 1172413 64917 13%
c 
c   seconds    reductions           redundant     irredundant
c           MB       restarts               trail         variables
c            level          conflicts           glue           remaining
c 
c W 2471.62  0 28 210 286998 14028325 212406  7% 20 1172413 64917 13%
c - 2490.98  0 29 211 286999 14106657 178640  7% 20 1172413 64917 13%
c I 2512.23  0 28 211 286999 14196327 256500  7% 20 1172413 64917 13%
c - 2518.80  0 50 212 287012 14238250 186672  7% 23 1172413 64917 13%
c B 2541.40  0 37 212 287060 14365332 300479  7% 21 1172413 64917 13%
c - 2542.09  0 40 213 287061 14370464 181600  7% 22 1172413 64917 13%
c - 2563.25  0 45 214 287096 14503298 174153  7% 23 1172413 64917 13%
c W 2570.89  0 41 214 287110 14535333 200734  7% 22 1172413 64917 13%
c - 2592.21  0 32 215 287126 14636755 168102  7% 21 1172413 64917 13%
c O 2605.66  0 29 215 287140 14706336 223335  7% 20 1172413 64917 13%
c - 2619.04  0 29 216 287162 14770832 169410  7% 21 1172413 64917 13%
c B 2647.39  0 28 216 287189 14878337 253173  7% 22 1172413 64917 13%
c - 2652.88  0 28 217 287203 14905531 168645  7% 22 1172413 64917 13%
c s 2652.97  0 28 217 287203 14905531 168486  7% 22 1172413 64917 13%
c w 2653.82  0 28 217 287203 14905531 168401  7% 22 1172413 64917 13%
c t 2653.83  0 28 217 287203 14905531 168399  7% 22 1172413 64917 13%
c - 2685.08  0 28 218 287251 15040849 172623  7% 21 1172413 64917 13%
c W 2689.13  0 29 218 287252 15051340 181917  7% 22 1172413 64917 13%
c - 2719.05  0 30 219 287254 15176787 176179  7% 22 1172413 64917 13%
c I 2731.77  0 28 219 287254 15225342 215469  7% 22 1172413 64917 13%
c 
c   seconds    reductions           redundant     irredundant
c           MB       restarts               trail         variables
c            level          conflicts           glue           remaining
c 
c - 2738.80  0 79 220 287255 15313347 188260  6% 25 1172413 64917 13%
c B 2745.47  0 88 220 287255 15400343 261535  5% 27 1172413 64917 13%
c - 2754.58  0 66 221 287255 15450527 182072  6% 25 1172413 64917 13%
c W 2778.36  0 43 221 287256 15576344 294076  7% 23 1172413 64917 13%
c - 2781.33  0 41 222 287256 15588327 184379  7% 22 1172413 64917 13%
c - 2818.74  0 32 223 287256 15726748 183968  7% 22 1172413 64917 13%
c O 2825.12  0 32 223 287256 15753348 208048  7% 22 1172413 64917 13%
c - 2856.50  0 30 224 287256 15865790 190978  7% 23 1172413 64917 13%
c B 2876.76  0 29 224 287256 15931349 244852  7% 23 1172413 64917 13%
c - 2889.47  0 33 225 287256 16005452 196670  7% 23 1172413 64917 13%
c W 2914.08  0 37 225 287257 16110350 292322  7% 25 1172413 64917 13%
c - 2926.22  0 35 226 287257 16145735 201170  7% 25 1172413 64917 13%
c s 2926.34  0 35 226 287257 16145735 200930  7% 25 1172413 64917 13%
c w 2927.31  0 35 226 287257 16145735 200800  7% 25 1172413 64917 13%
c t 2927.33  0 35 226 287257 16145735 200799  7% 25 1172413 64917 13%
c - 2972.53  0 32 227 287257 16286639 198654  8% 24 1172413 64917 13%
c I 2973.66  0 32 227 287257 16290353 201674  8% 24 1172413 64917 13%
c ] 2985.52  0 144 227 287257 16383018 290046  7% 43 1172413 64917 13%
c { 2985.52  0 38 227 287257 16383018 290046  7% 18 1172413 64917 13%
c - 2990.85  0 38 228 289137 16428166 201821  8% 18 1172413 64917 13%
c 
c   seconds    reductions           redundant     irredundant
c           MB       restarts               trail         variables
c            level          conflicts           glue           remaining
c 
c F 2995.81  0 38 228 290961 16471355 242685  8% 18 1172413 64917 13%
c - 3007.46  0 37 229 294661 16570311 197286  8% 18 1172413 64917 13%
c B 3016.34  0 36 229 296973 16653356 274674  7% 18 1172413 64917 13%
c - 3020.27  0 33 230 297510 16713077 189989  6% 17 1172413 64917 13%
c W 3033.16  0 35 230 304719 16836358 304676  6% 16 1172413 64917 13%
c - 3036.42  0 36 231 307231 16856467 195623  7% 17 1172413 64917 13%
c - 3055.04  0 38 232 318089 17000479 199826  7% 18 1172413 64917 13%
c # 3058.38  0 38 232 319097 17020359 218714  7% 18 1172413 64917 13%
c - 3073.08  0 38 233 324688 17145107 199053  8% 18 1172413 64917 13%
c B 3079.83  0 38 233 327413 17205360 256046  8% 18 1172413 64917 13%
c - 3089.88  0 38 234 330824 17290356 199245  8% 18 1172413 64917 13%
c W 3099.21  0 35 234 332676 17391361 292506  7% 17 1172413 64917 13%
c - 3103.63  0 34 235 334032 17436230 197121  7% 17 1172413 64917 13%
c s 3103.89  0 34 235 334032 17436230 197034  7% 17 1172413 64917 13%
c w 3104.62  0 34 235 334032 17436230 196946  7% 17 1172413 64917 13%
c t 3104.64  0 34 235 334032 17436230 196936  7% 17 1172413 64917 13%
c F 3120.90  0 38 235 345058 17578364 331697  7% 18 1172413 64917 13%
c - 3121.49  0 38 236 345147 17582722 202669  7% 18 1172413 64917 13%
c - 3135.78  0 37 237 350574 17729833 202354  7% 17 1172413 64917 13%
c B 3138.46  0 36 237 351346 17766365 236268  7% 17 1172413 64917 13%
c 
c   seconds    reductions           redundant     irredundant
c           MB       restarts               trail         variables
c            level          conflicts           glue           remaining
c 
c - 3151.32  0 38 238 360366 17877571 204019  7% 17 1172413 64917 13%
c W 3161.28  0 38 238 364875 17955366 277412  7% 18 1172413 64917 13%
c - 3169.88  0 38 239 368720 18025926 206383  7% 18 1172413 64917 13%
c # 3180.11  0 37 239 372563 18145367 318052  7% 17 1172413 64917 13%
c - 3182.52  0 36 240 373323 18174899 205073  7% 17 1172413 64917 13%
c - 3199.54  0 38 241 382720 18324494 209316  7% 17 1172413 64917 13%
c B 3200.51  0 37 241 383089 18336368 220407  7% 17 1172413 64917 13%
c - 3217.91  0 38 242 392298 18474709 209865  7% 18 1172413 64917 13%
c W 3227.06  0 38 242 394635 18528372 260699  7% 18 1172413 64917 13%
c - 3239.20  0 38 243 398527 18625544 209300  8% 18 1172413 64917 13%
c F 3251.31  0 37 243 401998 18721373 299823  8% 18 1172413 64917 13%
c - 3255.95  0 36 244 403211 18777000 208234  7% 17 1172413 64917 13%
c s 3256.16  0 36 244 403211 18777000 208164  7% 17 1172413 64917 13%
c w 3256.89  0 36 244 403211 18777000 208085  7% 17 1172413 64917 13%
c t 3256.91  0 36 244 403211 18777000 208080  7% 17 1172413 64917 13%
c B 3272.64  0 38 244 411148 18915374 338658  7% 18 1172413 64917 13%
c - 3273.97  0 38 245 411324 18929083 211077  7% 18 1172413 64917 13%
c - 3291.82  0 38 246 419268 19081781 212640  7% 18 1172413 64917 13%
c W 3296.70  0 38 246 420330 19110377 239586  7% 18 1172413 64917 13%
c - 3314.52  0 38 247 425999 19235104 214072  8% 18 1172413 64917 13%
c 
c   seconds    reductions           redundant     irredundant
c           MB       restarts               trail         variables
c            level          conflicts           glue           remaining
c 
c # 3322.32  0 38 247 428468 19306378 281525  7% 18 1172413 64917 13%
c - 3329.57  0 36 248 430638 19389043 212910  7% 17 1172413 64917 13%
c B 3339.82  0 37 248 437186 19503381 318371  7% 17 1172413 64917 13%
c - 3346.03  0 38 249 440620 19543603 214944  7% 17 1172413 64917 13%
c - 3366.60  0 38 250 449400 19698786 217339  7% 18 1172413 64917 13%
c W 3368.44  0 38 250 449450 19701382 219810  7% 18 1172413 64917 13%
c - 3382.14  0 36 251 454699 19854588 216062  7% 17 1172413 64917 13%
c F 3385.15  0 35 251 455191 19900383 258076  7% 16 1172413 64917 13%
c - 3398.34  0 37 252 464568 20011010 219481  7% 17 1172413 64917 13%
c B 3409.79  0 38 252 470026 20100386 303934  7% 18 1172413 64917 13%
c - 3418.00  0 38 253 473558 20168054 221493  7% 18 1172413 64917 13%
c s 3418.22  0 38 253 473558 20168054 221430  7% 18 1172413 64917 13%
c w 3418.98  0 38 253 473558 20168054 221328  7% 18 1172413 64917 13%
c t 3419.00  0 38 253 473558 20168054 221308  7% 18 1172413 64917 13%
c W 3435.66  0 38 253 479141 20301388 347396  7% 18 1172413 64917 13%
c - 3439.33  0 38 254 480666 20325718 220714  7% 18 1172413 64917 13%
c - 3455.28  0 35 255 485666 20484004 219405  7% 17 1172413 64917 13%
c # 3456.62  0 35 255 486053 20503389 237370  6% 17 1172413 64917 13%
c - 3472.05  0 37 256 496963 20642912 222833  7% 17 1172413 64917 13%
c B 3477.26  0 36 256 498924 20706391 281897  7% 17 1172413 64917 13%
c 
c   seconds    reductions           redundant     irredundant
c           MB       restarts               trail         variables
c            level          conflicts           glue           remaining
c 
c - 3490.26  0 38 257 507102 20802438 225313  7% 18 1172413 64917 13%
c W 3505.01  0 39 257 513058 20910392 327695  7% 18 1172413 64917 13%
c - 3512.56  0 38 258 515072 20962584 226555  7% 18 1172413 64917 13%
c F 3530.72  0 38 258 521449 21115395 370640  8% 18 1172413 64917 13%
c - 3531.54  0 37 259 521508 21123351 225575  7% 18 1172413 64917 13%
c - 3541.93  0 33 260 524485 21284739 219550  6% 16 1172413 64917 13%
c B 3545.85  0 34 260 527899 21321397 253467  6% 16 1172413 64917 13%
c - 3560.10  0 37 261 537959 21446748 228265  7% 17 1172413 64917 13%
c W 3571.83  0 38 261 543884 21528399 305658  7% 17 1172413 64917 13%
c - 3583.09  0 38 262 547949 21609377 231102  7% 18 1172413 64917 13%
c s 3583.40  0 38 262 547949 21609377 231007  7% 18 1172413 64917 13%
c w 3584.29  0 38 262 547949 21609377 230887  7% 18 1172413 64917 13%
c t 3584.31  0 38 262 547949 21609377 230872  7% 18 1172413 64917 13%
c # 3599.56  0 38 262 554803 21736400 350838  7% 18 1172413 64917 13%
c - 3603.88  0 38 263 556295 21772628 230327  7% 18 1172413 64917 13%
c - 3622.53  0 38 264 564097 21936499 232153  7% 18 1172413 64917 13%
c B 3623.57  0 39 264 564561 21945405 240656  7% 18 1172413 64917 13%
c - 3640.08  0 37 265 570139 22100992 233021  7% 17 1172413 64917 13%
c W 3645.09  0 34 265 570648 22155407 281903  6% 17 1172413 64917 13%
c - 3656.71  0 37 266 579086 22266104 231945  7% 17 1172413 64917 13%
c 
c   seconds    reductions           redundant     irredundant
c           MB       restarts               trail         variables
c            level          conflicts           glue           remaining
c 
c F 3664.77  0 35 266 582002 22366408 324315  6% 16 1172413 64917 13%
c - 3673.22  0 37 267 588493 22431838 234913  7% 17 1172413 64917 13%
c B 3688.01  0 37 267 596596 22578409 372581  7% 17 1172413 64917 13%
c - 3690.68  0 37 268 598099 22598196 237025  7% 17 1172413 64917 13%
c - 3710.15  0 38 269 607716 22765171 237632  7% 18 1172413 64917 13%
c W 3714.56  0 38 269 608750 22791410 262235  7% 18 1172413 64917 13%
c - 3731.38  0 37 270 614368 22932768 236357  8% 18 1172413 64917 13%
c # 3739.37  0 38 270 617365 23005411 304648  8% 18 1172413 64917 13%
c - 3750.00  0 37 271 620695 23100986 237240  8% 18 1172413 64917 13%
c s 3750.25  0 37 271 620695 23100986 237132  8% 18 1172413 64917 13%
c w 3751.00  0 37 271 620695 23100986 237029  8% 18 1172413 64917 13%
c t 3751.02  0 37 271 620695 23100986 237017  8% 18 1172413 64917 13%
c B 3761.08  0 37 271 624615 23220413 348541  7% 17 1172413 64917 13%
c - 3766.89  0 37 272 627435 23269823 238331  7% 18 1172413 64917 13%
c W 3787.19  0 38 272 635067 23436415 395726  7% 18 1172413 64917 13%
c - 3787.81  0 38 273 635308 23439281 241768  7% 18 1172413 64917 13%
c - 3802.04  0 37 274 642320 23609360 239869  7% 17 1172413 64917 13%
c F 3807.02  0 37 274 645724 23653417 281609  7% 18 1172413 64917 13%
c - 3820.12  0 38 275 652945 23780059 245008  7% 17 1172413 64917 13%
c B 3830.12  0 38 275 658270 23871420 331433  7% 18 1172413 64917 13%
c 
c   seconds    reductions           redundant     irredundant
c           MB       restarts               trail         variables
c            level          conflicts           glue           remaining
c 
c - 3839.27  0 38 276 661917 23951378 246305  7% 18 1172413 64917 13%
c W 3853.01  0 36 276 666987 24090422 375603  7% 17 1172413 64917 13%
c - 3857.19  0 37 277 669475 24123320 244659  7% 17 1172413 64917 13%
c - 3875.90  0 38 278 678831 24295881 247562  7% 18 1172413 64917 13%
c # 3877.53  0 38 278 679579 24310423 261290  7% 18 1172413 64917 13%
c - 3894.87  0 38 279 687167 24469065 248526  7% 18 1172413 64917 13%
c B 3899.65  0 36 279 688569 24531424 306150  7% 17 1172413 64917 13%
c - 3910.04  0 37 280 693957 24642867 248028  7% 17 1172413 64917 13%
c s 3910.30  0 37 280 693957 24642867 247886  7% 17 1172413 64917 13%
c w 3911.04  0 37 280 693957 24642867 247816  7% 17 1172413 64917 13%
c t 3911.06  0 37 280 693957 24642867 247791  7% 17 1172413 64917 13%
c W 3925.63  0 38 280 700786 24753425 352362  7% 18 1172413 64917 13%
c - 3931.17  0 37 281 702644 24817293 249879  7% 17 1172413 64917 13%
c F 3949.03  0 38 281 711349 24976426 400893  7% 18 1172413 64917 13%
c - 3950.46  0 38 282 711733 24992339 251761  7% 18 1172413 64917 13%
c - 3967.83  0 36 283 718311 25168005 250725  7% 17 1172413 64917 13%
c B 3970.02  0 35 283 718719 25200427 280677  7% 17 1172413 64917 13%
c - 3984.63  0 37 284 727532 25344290 253161  7% 17 1172413 64917 13%
c W 3993.30  0 37 284 731834 25425428 328414  7% 17 1172413 64917 13%
c - 4004.48  0 38 285 738781 25521199 255767  7% 18 1172413 64917 13%
c 
c   seconds    reductions           redundant     irredundant
c           MB       restarts               trail         variables
c            level          conflicts           glue           remaining
c 
c # 4016.38  0 37 285 745037 25651429 377775  7% 18 1172413 64917 13%
c - 4021.79  0 38 286 747756 25698726 256517  7% 18 1172413 64917 13%
c - 4042.71  0 38 287 755839 25876873 257608  7% 18 1172413 64917 13%
c B 4042.83  0 38 287 755874 25878432 259086  7% 18 1172413 64917 13%
c - 4061.47  0 37 288 763824 26055642 257739  7% 18 1172413 64917 13%
c W 4068.73  0 38 288 765993 26106434 305923  8% 18 1172413 64917 13%
c - 4083.75  0 38 289 771406 26235032 259115  8% 18 1172413 64917 13%
c s 4084.00  0 38 289 771406 26235032 259016  8% 18 1172413 64917 13%
c w 4084.79  0 38 289 771406 26235032 258960  8% 18 1172413 64917 13%
c t 4084.81  0 38 289 771406 26235032 258939  8% 18 1172413 64917 13%
c F 4096.38  0 38 289 775178 26335436 353679  8% 18 1172413 64917 13%
c - 4105.28  0 38 290 778100 26415044 258442  8% 18 1172413 64917 13%
c B 4121.60  0 37 290 783272 26565438 399966  8% 18 1172413 64917 13%
c - 4125.23  0 37 291 784216 26595674 259047  8% 18 1172413 64917 13%
c - 4145.71  0 37 292 790394 26776926 260452  8% 18 1172413 64917 13%
c W 4150.21  0 37 292 791283 26796442 278802  8% 18 1172413 64917 13%
c - 4165.08  0 37 293 796102 26958798 261501  7% 18 1172413 64917 13%
c # 4170.66  0 37 293 798511 27028443 326767  7% 17 1172413 64917 13%
c - 4179.50  0 35 294 802323 27141290 262297  6% 16 1172413 64917 13%
c B 4191.43  0 37 294 812612 27261444 375378  7% 17 1172413 64917 13%
c 
c   seconds    reductions           redundant     irredundant
c           MB       restarts               trail         variables
c            level          conflicts           glue           remaining
c 
c - 4197.19  0 36 295 815441 27324403 265931  6% 16 1172413 64917 13%
c W 4218.62  0 38 295 828505 27495445 428088  7% 18 1172413 64917 13%
c - 4219.87  0 38 296 828733 27508138 269382  7% 18 1172413 64917 13%
c - 4235.66  0 37 297 838278 27692493 266326  7% 17 1172413 64917 13%
c F 4239.47  0 37 297 840951 27730446 302074  7% 17 1172413 64917 13%
c - 4256.11  0 36 298 848980 27877469 269560  7% 17 1172413 64917 13%
c s 4256.38  0 36 298 848980 27877469 269484  7% 17 1172413 64917 13%
c w 4257.13  0 36 298 848980 27877469 269417  7% 17 1172413 64917 13%
c t 4257.15  0 36 298 848980 27877469 269396  7% 17 1172413 64917 13%
c B 4266.61  0 37 298 853748 27966447 353380  7% 18 1172413 64917 13%
c - 4276.18  0 37 299 857999 28063066 270240  7% 17 1172413 64917 13%
c W 4291.53  0 36 299 864021 28203449 402123  7% 17 1172413 64917 13%
c - 4296.84  0 37 300 867209 28249284 271830  7% 17 1172413 64917 13%
c - 4314.12  0 35 301 875333 28436124 271396  6% 17 1172413 64917 13%
c # 4314.47  0 35 301 875455 28441453 276285  6% 16 1172413 64917 13%
c - 4334.62  0 38 302 888564 28623583 276057  7% 17 1172413 64917 13%
c B 4341.23  0 38 302 892065 28680454 329977  7% 18 1172413 64917 13%
c - 4356.38  0 38 303 897695 28811665 276155  8% 18 1172413 64917 13%
c W 4371.39  0 38 303 902358 28920455 378985  8% 18 1172413 64917 13%
c - 4381.00  0 38 304 905812 29000365 275220  8% 18 1172413 64917 13%
c 
c   seconds    reductions           redundant     irredundant
c           MB       restarts               trail         variables
c            level          conflicts           glue           remaining
c 
c F 4394.61  0 35 304 910181 29161456 425452  7% 17 1172413 64917 13%
c - 4397.67  0 36 305 912257 29189685 274863  7% 17 1172413 64917 13%
c - 4417.09  0 38 306 924078 29379626 279253  7% 17 1172413 64917 13%
c B 4419.92  0 39 306 925794 29403458 301870  7% 18 1172413 64917 13%
c - 4438.87  0 38 307 933905 29570188 280422  7% 18 1172413 64917 13%
c s 4439.15  0 38 307 933905 29570188 280358  7% 18 1172413 64917 13%
c w 4439.90  0 38 307 933905 29570188 280296  7% 18 1172413 64917 13%
c t 4439.91  0 38 307 933905 29570188 280277  7% 18 1172413 64917 13%
c W 4450.14  0 38 307 937538 29646460 352538  7% 18 1172413 64917 13%
c - 4460.09  0 33 308 940580 29761372 276940  6% 17 1172413 64917 13%
c # 4475.81  0 37 308 949828 29890465 399310  7% 18 1172413 64917 13%
c - 4483.35  0 38 309 952890 29953176 281678  7% 18 1172413 64917 13%
c B 4505.77  0 38 309 960742 30135466 453637  8% 18 1172413 64917 13%
c - 4506.97  0 38 310 961079 30145603 281826  8% 18 1172413 64917 13%
c - 4529.07  0 38 311 968596 30338648 282737  8% 18 1172413 64917 13%
c W 4535.12  0 38 311 969956 30381467 323026  8% 18 1172413 64917 13%
c - 4550.32  0 36 312 974775 30532315 283172  7% 17 1172413 64917 13%
c F 4557.86  0 35 312 977873 30628469 372485  7% 17 1172413 64917 13%
c - 4566.00  0 35 313 982061 30726601 283098  6% 17 1172413 64917 13%
c B 4581.11  0 38 313 993798 30876471 424129  7% 17 1172413 64917 13%
c 
c   seconds    reductions           redundant     irredundant
c           MB       restarts               trail         variables
c            level          conflicts           glue           remaining
c 
c - 4587.11  0 39 314 997582 30921508 289552  7% 18 1172413 64917 13%
c - 4609.27  0 37 315 1007152 31117037 289337  7% 18 1172413 64917 13%
c s 4609.56  0 37 315 1007152 31117037 289270  7% 18 1172413 64917 13%
c w 4610.35  0 37 315 1007152 31117037 289202  7% 18 1172413 64917 13%
c t 4610.37  0 37 315 1007152 31117037 289178  7% 18 1172413 64917 13%
c W 4612.33  0 37 315 1007263 31125472 296697  7% 17 1172413 64917 13%
c - 4625.55  0 35 316 1013715 31313187 283560  6% 16 1172413 64917 13%
c # 4632.91  0 35 316 1020791 31375473 340572  6% 17 1172413 64917 13%
c - 4647.79  0 38 317 1031019 31509957 290474  7% 17 1172413 64917 13%
c B 4658.58  0 38 317 1038029 31626474 399343  7% 17 1172413 64917 13%
c - 4669.79  0 39 318 1043959 31707348 291986  7% 18 1172413 64917 13%
c W 4689.95  0 38 318 1051809 31878476 453897  7% 18 1172413 64917 13%
c - 4693.46  0 38 319 1053530 31905360 294028  7% 18 1172413 64917 13%
c - 4716.54  0 38 320 1061811 32103991 294503  8% 18 1172413 64917 13%
c F 4719.74  0 38 320 1062930 32131477 320371  8% 18 1172413 64917 13%
c - 4736.83  0 34 321 1067769 32303244 290254  7% 17 1172413 64917 13%
c B 4745.84  0 37 321 1072527 32385480 367777  7% 18 1172413 64917 13%
c - 4760.06  0 39 322 1078923 32503120 296494  7% 18 1172413 64917 13%
c W 4777.46  0 38 322 1084665 32640481 426725  8% 18 1172413 64917 13%
c - 4785.14  0 38 323 1087079 32703614 298102  8% 18 1172413 64917 13%
c 
c   seconds    reductions            redundant     irredundant
c           MB        restarts               trail         variables
c            level           conflicts           glue           remaining
c 
c s 4785.44  0 38 323 1087079 32703614 298038  8% 18 1172413 64917 13%
c w 4786.25  0 38 323 1087079 32703614 297962  8% 18 1172413 64917 13%
c t 4786.27  0 38 323 1087079 32703614 297940  8% 18 1172413 64917 13%
c } 4793.48  0 38 323 1089748 32767018 358262  8% 18 1172413 64917 13%
c [ 4793.48  0 144 323 1089748 32767018 358262  7% 43 1172413 64917 13%
c B 4808.50  0 146 323 1089748 32896482 480726  6% 42 1172413 64917 13%
c - 4809.69  0 145 324 1089748 32904732 298594  6% 42 1172413 64917 13%
c - 4839.22  0 130 325 1089748 33106468 301901  8% 31 1172413 64917 13%
c W 4847.90  0 128 325 1089748 33153484 347628  8% 30 1172413 64917 13%
c - 4878.42  0 72 326 1089748 33308824 303260  8% 27 1172413 64917 13%
c O 4907.87  0 55 326 1089748 33411486 399134  8% 27 1172413 64917 13%
c - 4934.82  0 42 327 1089748 33511800 310648  8% 24 1172413 64917 13%
c B 4993.85  0 32 327 1089810 33670487 450149  8% 22 1172413 64917 13%
c - 5006.10  0 32 328 1089811 33715397 311891  7% 22 1172413 64917 13%
c - 5049.39  0 31 329 1089875 33919615 301391  8% 21 1172413 64917 13%
c W 5054.03  0 30 329 1089875 33930489 310773  8% 21 1172413 64917 13%
c - 5103.02  0 28 330 1089935 34124453 294023  7% 21 1172413 64917 13%
c I 5122.55  0 27 330 1089945 34191491 346928  7% 21 1172413 64917 13%
c - 5144.39  0 37 331 1089999 34329913 299426  8% 23 1172413 64917 13%
c B 5179.27  0 32 331 1090003 34453493 410339  8% 22 1172413 64917 13%
c 
c   seconds    reductions            redundant     irredundant
c           MB        restarts               trail         variables
c            level           conflicts           glue           remaining
c 
c - 5205.74  0 28 332 1090003 34535993 296450  8% 20 1172413 64917 13%
c s 5206.00  0 28 332 1090003 34535993 296327  8% 20 1172413 64917 13%
c w 5206.78  0 28 332 1090003 34535993 296165  8% 20 1172413 64917 13%
c t 5206.79  0 28 332 1090003 34535993 296158  8% 20 1172413 64917 13%
c W 5254.61  0 25 332 1090062 34716494 449688  7% 19 1172413 64917 13%
c - 5263.06  0 25 333 1090065 34742695 291704  7% 19 1172413 64917 13%
c - 5309.60  0 31 334 1090129 34950017 300771  8% 22 1172413 64917 13%
c O 5318.29  0 30 334 1090130 34980496 326670  8% 21 1172413 64917 13%
c - 5368.57  0 25 335 1090176 35157960 292457  7% 19 1172413 64917 13%
c B 5393.21  0 25 335 1090194 35245497 363493  7% 20 1172413 64917 13%
c - 5422.89  0 28 336 1090244 35366523 300306  8% 21 1172413 64917 13%
c W 5468.13  0 28 336 1090258 35511500 425386  8% 21 1172413 64917 13%
c - 5491.69  0 28 337 1090258 35575708 305750  8% 21 1172413 64917 13%
c I 5557.08  0 27 337 1090259 35778501 480636  8% 21 1172413 64917 13%
c - 5558.26  0 46 338 1090259 35785512 314956  7% 26 1172413 64917 13%
c - 5598.69  0 111 339 1090294 35995939 307001  6% 46 1172413 64917 13%
c B 5610.26  0 81 339 1090319 36046503 350817  7% 38 1172413 64917 13%
c - 5629.20  0 45 340 1090364 36206985 304076  6% 25 1172413 64917 13%
c s 5629.42  0 45 340 1090364 36206985 303969  6% 25 1172413 64917 13%
c w 5630.32  0 45 340 1090364 36206985 303890  6% 25 1172413 64917 13%
c 
c   seconds    reductions            redundant     irredundant
c           MB        restarts               trail         variables
c            level           conflicts           glue           remaining
c 
c t 5630.34  0 45 340 1090364 36206985 303885  6% 25 1172413 64917 13%
c W 5648.92  0 35 340 1090386 36315505 394267  6% 21 1172413 64917 13%
c - 5665.61  0 30 341 1090409 36418651 294011  6% 19 1172413 64917 13%
c O 5695.56  0 28 341 1090458 36585506 438782  6% 20 1172413 64917 13%
c - 5703.78  0 28 342 1090479 36630939 295784  6% 20 1172413 64917 13%
c - 5740.92  0 29 343 1090514 36843847 303021  7% 20 1172413 64917 13%
c B 5743.58  0 30 343 1090514 36856507 314535  7% 21 1172413 64917 13%
c - 5778.14  0 31 344 1090549 37057376 310226  7% 21 1172413 64917 13%
c W 5792.83  0 29 344 1090576 37128508 370346  6% 20 1172413 64917 13%
c - 5828.44  0 29 345 1090621 37271525 305113  7% 21 1172413 64917 13%
c I 5851.30  0 29 345 1090641 37401511 417873  6% 20 1172413 64917 13%
c - 5863.59  0 63 346 1090669 37486295 313061  6% 31 1172413 64917 13%
c B 5901.77  0 35 346 1090726 37675513 472322  7% 23 1172413 64917 13%
c - 5907.23  0 33 347 1090735 37701686 295367  6% 23 1172413 64917 13%
c - 5965.64  0 32 348 1090769 37917698 303880  8% 23 1172413 64917 13%
c W 5980.48  0 31 348 1090769 37950516 331377  8% 23 1172413 64917 13%
c - 6049.96  0 31 349 1090770 38134330 324571  8% 23 1172413 64917 13%
c s 6050.12  0 31 349 1090770 38134330 324499  8% 23 1172413 64917 13%
c w 6051.05  0 31 349 1090770 38134330 324420  8% 23 1172413 64917 13%
c t 6051.07  0 31 349 1090770 38134330 324411  8% 23 1172413 64917 13%
c 
c   seconds    reductions            redundant     irredundant
c           MB        restarts               trail         variables
c            level           conflicts           glue           remaining
c 
c O 6083.94  0 29 349 1090770 38226518 399804  8% 22 1172413 64917 13%
c - 6119.16  0 33 350 1090771 38351584 328605  7% 23 1172413 64917 13%
c B 6155.65  0 33 350 1090771 38503519 457407  6% 24 1172413 64917 13%
c - 6177.99  0 30 351 1090771 38569461 312461  6% 23 1172413 64917 13%
c W 6227.08  0 32 351 1090771 38781525 505822  7% 21 1172413 64917 13%
c - 6229.12  0 32 352 1090771 38787955 318235  7% 21 1172413 64917 13%
c - 6301.02  0 27 353 1090834 39007070 311795  8% 21 1172413 64917 13%
c I 6321.52  0 28 353 1090852 39060526 357012  8% 21 1172413 64917 13%
c - 6345.58  0 37 354 1090898 39226808 323590  6% 25 1172413 64917 13%
c B 6371.88  0 36 354 1090926 39340529 420002  6% 26 1172413 64917 13%
c - 6392.86  0 37 355 1090960 39447167 326907  7% 24 1172413 64917 13%
c W 6445.62  0 33 355 1091019 39621533 475696  7% 24 1172413 64917 13%
c - 6461.51  0 31 356 1091024 39668144 310563  7% 23 1172413 64917 13%
c - 6548.44  0 28 357 1091031 39889742 305553  7% 23 1172413 64917 13%
c s 6548.59  0 28 357 1091031 39889742 305464  7% 23 1172413 64917 13%
c w 6549.57  0 28 357 1091031 39889742 305400  7% 23 1172413 64917 13%
c t 6549.59  0 28 357 1091031 39889742 305392  7% 23 1172413 64917 13%
c O 6554.34  0 28 357 1091039 39903536 316152  7% 23 1172413 64917 13%
c - 6612.02  0 28 358 1091104 40111964 310963  7% 21 1172413 64917 13%
c B 6637.84  0 28 358 1091133 40186537 373676  7% 21 1172413 64917 13%
c 
c   seconds    reductions            redundant     irredundant
c           MB        restarts               trail         variables
c            level           conflicts           glue           remaining
c 
c - 6676.07  0 29 359 1091153 40334805 327278  7% 22 1172413 64917 13%
c W 6722.36  0 27 359 1091205 40470539 439374  7% 21 1172413 64917 13%
c - 6748.40  0 28 360 1091223 40558265 323310  7% 22 1172413 64917 13%
c I 6816.97  0 27 360 1091280 40755543 486728  7% 22 1172413 64917 13%
c - 6821.65  0 81 361 1091280 40782350 326851  7% 38 1172413 64917 13%
c - 6865.94  0 232 362 1091282 41007052 334427  5% 73 1172413 64917 13%
c B 6872.99  0 236 362 1091282 41041544 367751  5% 76 1172413 64917 13%
c - 6914.81  0 78 363 1091296 41232375 338431  7% 34 1172413 64917 13%
c W 6937.80  0 50 363 1091331 41328545 422995  7% 27 1172413 64917 13%
c - 6964.52  0 33 364 1091370 41458319 317034  7% 21 1172413 64917 13%
c O 7001.37  0 31 364 1091409 41616547 451368  7% 21 1172413 64917 13%
c - 7017.20  0 30 365 1091416 41684883 321472  7% 21 1172413 64917 13%
c s 7017.35  0 30 365 1091416 41684883 321340  7% 21 1172413 64917 13%
c w 7018.39  0 30 365 1091416 41684883 321230  7% 21 1172413 64917 13%
c t 7018.41  0 30 365 1091416 41684883 321223  7% 21 1172413 64917 13%
c B 7077.76  0 28 365 1091487 41905548 503362  7% 21 1172413 64917 13%
c - 7079.68  0 29 366 1091492 41912069 314083  7% 22 1172413 64917 13%
c - 7131.32  0 29 367 1091537 42139877 318847  7% 21 1172413 64917 13%
c W 7148.27  0 28 367 1091537 42195549 364401  7% 21 1172413 64917 13%
c - 7196.05  0 28 368 1091578 42368303 318152  7% 22 1172413 64917 13%
c 
c   seconds    reductions            redundant     irredundant
c           MB        restarts               trail         variables
c            level           conflicts           glue           remaining
c 
c I 7229.84  0 29 368 1091611 42486552 414751  7% 22 1172413 64917 13%
c - 7242.26  0 37 369 1091653 42597355 327259  7% 22 1172413 64917 13%
c B 7271.93  0 38 369 1091686 42778553 490417  7% 23 1172413 64917 13%
c - 7281.99  0 36 370 1091702 42827022 324931  7% 23 1172413 64917 13%
c - 7340.12  0 29 371 1091779 43057310 314372  7% 21 1172413 64917 13%
c W 7345.08  0 30 371 1091787 43071555 327227  8% 22 1172413 64917 13%
c - 7411.22  0 31 372 1091792 43288220 330567  7% 23 1172413 64917 13%
c O 7441.72  0 29 372 1091793 43365556 395909  7% 23 1172413 64917 13%
c - 7489.85  0 29 373 1091793 43519750 339326  7% 23 1172413 64917 13%
c B 7533.55  0 31 373 1091794 43660558 459753  7% 24 1172413 64917 13%
c - 7561.77  0 32 374 1091794 43751901 346031  7% 24 1172413 64917 13%
c s 7561.97  0 32 374 1091794 43751901 345485  7% 24 1172413 64917 13%
c w 7563.02  0 32 374 1091794 43751901 345296  7% 24 1172413 64917 13%
c t 7563.04  0 32 374 1091794 43751901 345294  7% 24 1172413 64917 13%
c W 7617.30  0 33 374 1091794 43956559 527072  7% 24 1172413 64917 13%
c - 7626.57  0 32 375 1091794 43984674 341505  7% 24 1172413 64917 13%
c - 7721.71  0 30 376 1091795 44218066 340757  7% 24 1172413 64917 13%
c I 7737.70  0 29 376 1091795 44253561 368660  7% 23 1172413 64917 13%
c - 7769.56  0 197 377 1091795 44452081 361542  5% 73 1172413 64917 13%
c B 7792.21  0 211 377 1091795 44551562 457212  4% 78 1172413 64917 13%
c 
c   seconds    reductions            redundant     irredundant
c           MB        restarts               trail         variables
c            level           conflicts           glue           remaining
c 
c - 7812.53  0 79 378 1091795 44686714 373345  7% 35 1172413 64917 13%
c W 7849.72  0 39 378 1091795 44850564 528635  7% 22 1172413 64917 13%
c - 7867.75  0 34 379 1091795 44921969 362776  7% 21 1172413 64917 13%
c O 7927.02  0 30 379 1091795 45150566 565302  7% 21 1172413 64917 13%
c - 7928.05  0 29 380 1091795 45157844 357394  7% 20 1172413 64917 13%
c - 7957.20  0 33 381 1091796 45394339 349340  6% 21 1172413 64917 13%
c B 7969.01  0 34 381 1091796 45451568 399111  6% 23 1172413 64917 13%
c - 8005.28  0 37 382 1091796 45631455 365580  7% 21 1172413 64917 13%
c s 8005.45  0 37 382 1091796 45631455 365439  7% 21 1172413 64917 13%
c w 8006.54  0 37 382 1091796 45631455 365359  7% 21 1172413 64917 13%
c t 8006.55  0 37 382 1091796 45631455 365355  7% 21 1172413 64917 13%
c W 8035.12  0 35 382 1091796 45753570 480369  7% 22 1172413 64917 13%
c - 8061.10  0 32 383 1091796 45869193 368803  8% 20 1172413 64917 13%
c I 8108.09  0 31 383 1091796 46056574 542161  7% 21 1172413 64917 13%
c - 8115.57  0 122 384 1091796 46107552 376231  6% 39 1172413 64917 13%
c - 8172.01  0 239 385 1091796 46346532 377050  5% 86 1172413 64917 13%
c B 8176.20  0 240 385 1091796 46360575 390616  5% 89 1172413 64917 13%
c - 8217.39  0 97 386 1091796 46586135 372589  7% 39 1172413 64917 13%
c W 8238.62  0 63 386 1091796 46665578 446499  8% 30 1172413 64917 13%
c - 8283.00  0 37 387 1091796 46826355 350180  7% 24 1172413 64917 13%
c 
c   seconds    reductions            redundant     irredundant
c           MB        restarts               trail         variables
c            level           conflicts           glue           remaining
c 
c O 8324.75  0 30 387 1091796 46971580 473955  7% 21 1172413 64917 13%
c - 8338.47  0 28 388 1091796 47067195 343756  6% 20 1172413 64917 13%
c B 8396.23  0 37 388 1091796 47278582 538533  7% 24 1172413 64917 13%
c - 8402.53  0 36 389 1091798 47308658 358028  7% 23 1172413 64917 13%
c - 8463.22  0 27 390 1091881 47550740 334681  7% 21 1172413 64917 13%
c W 8474.39  0 28 390 1091890 47586584 366621  7% 21 1172413 64917 13%
c - 8536.92  0 27 391 1091937 47793445 324339  7% 21 1172413 64917 13%
c s 8537.07  0 27 391 1091937 47793445 324260  7% 21 1172413 64917 13%
c w 8538.11  0 27 391 1091937 47793445 324176  7% 21 1172413 64917 13%
c t 8538.13  0 27 391 1091937 47793445 324170  7% 21 1172413 64917 13%
c I 8564.43  0 27 391 1091976 47895586 408722  7% 21 1172413 64917 13%
c - 8592.65  0 28 392 1092017 48036768 331681  7% 20 1172413 64917 13%
c B 8637.64  0 27 392 1092050 48205588 474183  7% 21 1172413 64917 13%
c - 8649.82  0 110 393 1092051 48280712 349643  7% 38 1172413 64917 13%
c W 8703.67  0 60 393 1092112 48516590 561209  7% 31 1172413 64917 13%
c - 8705.77  0 58 394 1092113 48525277 353057  7% 30 1172413 64917 13%
c - 8779.01  0 36 395 1092178 48770464 355512  7% 25 1172413 64917 13%
c O 8800.22  0 34 395 1092178 48828595 403272  8% 25 1172413 64917 13%
c - 8878.44  0 30 396 1092241 49016271 353512  8% 22 1172413 64917 13%
c B 8926.23  0 28 396 1092287 49141601 454200  8% 22 1172413 64917 13%
c 
c   seconds    reductions            redundant     irredundant
c           MB        restarts               trail         variables
c            level           conflicts           glue           remaining
c 
c - 8981.97  0 28 397 1092305 49262698 351774  8% 22 1172413 64917 13%
c W 9073.57  0 28 397 1092307 49455603 499147  8% 22 1172413 64917 13%
c - 9098.74  0 27 398 1092307 49509747 356778  8% 21 1172413 64917 13%
c - 9185.92  0 27 399 1092337 49757415 362821  7% 21 1172413 64917 13%
c s 9186.16  0 27 399 1092337 49757415 362436  7% 21 1172413 64917 13%
c w 9187.27  0 27 399 1092337 49757415 362279  7% 21 1172413 64917 13%
c t 9187.29  0 27 399 1092337 49757415 362269  7% 21 1172413 64917 13%
c I 9192.17  0 27 399 1092338 49770604 372463  8% 21 1172413 64917 13%
c - 9245.36  0 38 400 1092416 50005704 349915  7% 25 1172413 64917 13%
c B 9255.43  0 41 400 1092433 50086605 424788  7% 23 1172413 64917 13%
c - 9280.65  0 42 401 1092475 50254615 353558  7% 21 1172413 64917 13%
c W 9324.57  0 28 401 1092522 50403606 474457  7% 19 1172413 64917 13%
c - 9352.69  0 27 402 1092558 50504146 346850  7% 19 1172413 64917 13%
c O 9402.30  0 28 402 1092562 50721607 541828  8% 19 1172413 64917 13%
c - 9410.95  0 28 403 1092562 50754297 360100  8% 20 1172413 64917 13%
c - 9493.85  0 30 404 1092652 51005069 362089  8% 22 1172413 64917 13%
c B 9506.45  0 28 404 1092660 51040608 390889  7% 22 1172413 64917 13%
c - 9592.66  0 27 405 1092709 51256462 359158  7% 22 1172413 64917 13%
c W 9629.88  0 26 405 1092750 51360610 445181  7% 21 1172413 64917 13%
c - 9680.83  0 26 406 1092790 51508477 364315  7% 20 1172413 64917 13%
c 
c   seconds    reductions            redundant     irredundant
c           MB        restarts               trail         variables
c            level           conflicts           glue           remaining
c 
c I 9728.28  0 32 406 1092816 51681612 518178  8% 22 1172413 64917 13%
c - 9738.40  0 75 407 1092817 51761111 375642  7% 28 1172413 64917 13%
c B 9774.69  0 102 407 1092818 52003613 605316  7% 27 1172413 64917 13%
c - 9777.41  0 99 408 1092818 52014367 384934  7% 28 1172413 64917 13%
c s 9777.68  0 99 408 1092818 52014367 384554  7% 28 1172413 64917 13%
c w 9778.73  0 99 408 1092818 52014367 384409  7% 28 1172413 64917 13%
c t 9778.75  0 99 408 1092818 52014367 384401  7% 28 1172413 64917 13%
c - 9842.69  0 35 409 1092819 52268243 358124  8% 23 1172413 64917 13%
c W 9863.11  0 33 409 1092819 52326614 408160  8% 23 1172413 64917 13%
c - 9943.08  0 30 410 1092819 52522739 360873  8% 23 1172413 64917 13%
c O 10000.89  0 27 410 1092841 52650616 458550  8% 22 1172413 64917 13%
c - 10046.81  0 30 411 1092882 52777856 376633  8% 22 1172413 64917 13%
c B 10123.69  0 31 411 1092945 52975619 538571  7% 24 1172413 64917 13%
c - 10144.14  0 33 412 1092946 53033594 368805  7% 24 1172413 64917 13%
c - 10234.97  0 30 413 1093021 53289956 368697  7% 23 1172413 64917 13%
c W 10240.87  0 30 413 1093024 53301620 378558  7% 23 1172413 64917 13%
c - 10346.59  0 33 414 1093074 53546935 382174  7% 24 1172413 64917 13%
c I 10371.23  0 37 414 1093074 53628623 456961  7% 25 1172413 64917 13%
c - 10386.33  0 53 415 1093133 53804537 380180  5% 25 1172413 64917 13%
c B 10407.86  0 42 415 1093173 53956624 520536  6% 23 1172413 64917 13%
c 
c   seconds     reductions            redundant     irredundant
c            MB        restarts               trail         variables
c             level           conflicts           glue           remaining
c 
c - 10422.78  0 34 416 1093200 54062762 368956  6% 21 1172413 64917 13%
c s 10423.05  0 34 416 1093200 54062762 368602  6% 21 1172413 64917 13%
c w 10424.09  0 34 416 1093200 54062762 368445  6% 21 1172413 64917 13%
c t 10424.10  0 34 416 1093200 54062762 368427  6% 21 1172413 64917 13%
c W 10463.37  0 30 416 1093263 54285625 565147  6% 20 1172413 64917 13%
c - 10471.01  0 28 417 1093264 54321603 360061  6% 19 1172413 64917 13%
c - 10529.80  0 31 418 1093328 54581066 366801  7% 20 1172413 64917 13%
c O 10539.23  0 31 418 1093329 54615626 396789  7% 20 1172413 64917 13%
c - 10604.79  0 27 419 1093330 54841152 362721  7% 20 1172413 64917 13%
c B 10634.23  0 28 419 1093330 54946628 454303  7% 21 1172413 64917 13%
c - 10687.40  0 28 420 1093375 55101856 362426  7% 22 1172413 64917 13%
c W 10741.70  0 26 420 1093426 55278630 509496  7% 21 1172413 64917 13%
c - 10769.51  0 27 421 1093456 55363180 370285  7% 21 1172413 64917 13%
c I 10854.49  0 27 421 1093519 55611634 577795  7% 22 1172413 64917 13%
c - 10856.16  0 45 422 1093520 55625125 379637  7% 25 1172413 64917 13%
c - 10876.13  0 38 423 1093584 55887695 354923  4% 22 1172413 64917 13%
c B 10880.69  0 42 423 1093585 55945636 403116  5% 21 1172413 64917 13%
c - 10910.10  0 50 424 1093623 56150884 369042  6% 22 1172413 64917 13%
c s 10910.34  0 50 424 1093623 56150884 368888  6% 22 1172413 64917 13%
c w 10911.44  0 50 424 1093623 56150884 368782  6% 22 1172413 64917 13%
c 
c   seconds     reductions            redundant     irredundant
c            MB        restarts               trail         variables
c             level           conflicts           glue           remaining
c 
c t 10911.46  0 50 424 1093623 56150884 368767  6% 22 1172413 64917 13%
c W 10936.20  0 38 424 1093663 56280639 480077  6% 23 1172413 64917 13%
c - 10971.76  0 31 425 1093710 56414693 368201  7% 21 1172413 64917 13%
c O 11032.40  0 29 425 1093751 56616641 542421  7% 22 1172413 64917 13%
c - 11049.25  0 30 426 1093774 56679124 382549  7% 22 1172413 64917 13%
c - 11115.86  0 29 427 1093839 56944173 367503  6% 22 1172413 64917 13%
c B 11117.21  0 29 427 1093839 56953643 375421  6% 22 1172413 64917 13%
c - 11182.23  0 38 428 1093841 57209842 378148  6% 26 1172413 64917 13%
c W 11210.01  0 39 428 1093841 57291644 449694  6% 27 1172413 64917 13%
c - 11254.89  0 30 429 1093842 57476132 385730  7% 23 1172413 64917 13%
c I 11306.05  0 26 429 1093842 57630646 505939  7% 22 1172413 64917 13%
c - 11319.89  0 166 430 1093842 57743046 383180  6% 47 1172413 64917 13%
c B 11357.83  0 223 430 1093843 57970648 595990  5% 71 1172413 64917 13%
c - 11365.53  0 169 431 1093843 58010578 401106  6% 57 1172413 64917 13%
c - 11414.50  0 65 432 1093843 58278730 402790  7% 28 1172413 64917 13%
c W 11421.96  0 62 432 1093843 58311649 434121  7% 28 1172413 64917 13%
c - 11468.72  0 39 433 1093843 58547504 402398  7% 23 1172413 64917 13%
c s 11468.98  0 39 433 1093843 58547504 402111  7% 23 1172413 64917 13%
c w 11470.02  0 39 433 1093843 58547504 401936  7% 23 1172413 64917 13%
c t 11470.04  0 39 433 1093843 58547504 401909  7% 23 1172413 64917 13%
c 
c   seconds     reductions            redundant     irredundant
c            MB        restarts               trail         variables
c             level           conflicts           glue           remaining
c 
c O 11504.86  0 34 433 1093843 58653650 490430  7% 24 1172413 64917 13%
c - 11560.02  0 32 434 1093843 58816898 386979  7% 23 1172413 64917 13%
c B 11615.56  0 34 434 1093857 58996652 546092  7% 24 1172413 64917 13%
c - 11636.44  0 36 435 1093889 59086913 401519  7% 24 1172413 64917 13%
c W 11714.68  0 32 435 1093969 59340654 619106  7% 24 1172413 64917 13%
c - 11720.20  0 31 436 1093969 59357548 389619  6% 24 1172413 64917 13%
c - 11805.26  0 36 437 1094033 59628806 399780  7% 25 1172413 64917 13%
c I 11821.25  0 34 437 1094059 59685657 446952  6% 25 1172413 64917 13%
c - 11863.74  0 36 438 1094098 59900683 407356  7% 22 1172413 64917 13%
c B 11904.67  0 36 438 1094098 60031660 530488  7% 22 1172413 64917 13%
c - 11937.15  0 33 439 1094158 60173180 418680  7% 22 1172413 64917 13%
c W 12007.45  0 35 439 1094222 60378661 593999  7% 25 1172413 64917 13%
c - 12034.05  0 35 440 1094225 60446299 403000  7% 26 1172413 64917 13%
c - 12133.98  0 31 441 1094302 60720038 409088  7% 23 1172413 64917 13%
c s 12134.15  0 31 441 1094302 60720038 408981  7% 23 1172413 64917 13%
c w 12135.14  0 31 441 1094302 60720038 408770  7% 23 1172413 64917 13%
c t 12135.16  0 31 441 1094302 60720038 408758  7% 23 1172413 64917 13%
c O 12136.79  0 31 441 1094303 60726664 413953  7% 23 1172413 64917 13%
c - 12192.90  0 27 442 1094353 60994399 382894  7% 20 1172413 64917 13%
c B 12219.12  0 27 442 1094353 61075667 450479  7% 20 1172413 64917 13%
c 
c   seconds     reductions            redundant     irredundant
c            MB        restarts               trail         variables
c             level           conflicts           glue           remaining
c 
c - 12275.91  0 41 443 1094354 61269379 407036  7% 27 1172413 64917 13%
c W 12327.38  0 39 443 1094385 61425668 547093  7% 27 1172413 64917 13%
c - 12376.24  0 36 444 1094417 61544983 415111  7% 25 1172413 64917 13%
c I 12447.04  0 32 444 1094481 61776669 624476  7% 24 1172413 64917 13%
c - 12453.68  0 86 445 1094481 61821205 409226  7% 33 1172413 64917 13%
c - 12515.96  0 37 446 1094575 62098047 394818  7% 25 1172413 64917 13%
c B 12524.80  0 35 446 1094589 62128672 419977  7% 24 1172413 64917 13%
c - 12571.10  0 40 447 1094609 62375510 404918  8% 24 1172413 64917 13%
c W 12600.12  0 36 447 1094639 62481674 503649  8% 23 1172413 64917 13%
c - 12649.70  0 32 448 1094689 62653595 407383  8% 23 1172413 64917 13%
c O 12680.71  0 31 448 1094736 62835676 565838  7% 21 1172413 64917 13%
c - 12696.65  0 29 449 1094760 62932300 392371  7% 20 1172413 64917 13%
c B 12752.68  0 33 449 1094844 63190679 621241  7% 22 1172413 64917 13%
c - 12757.93  0 33 450 1094852 63211625 407166  7% 22 1172413 64917 13%
c s 12758.10  0 33 450 1094852 63211625 407056  7% 22 1172413 64917 13%
c w 12759.04  0 33 450 1094852 63211625 406938  7% 22 1172413 64917 13%
c t 12759.06  0 33 450 1094852 63211625 406921  7% 22 1172413 64917 13%
c - 12824.80  0 39 451 1094865 63491572 411978  7% 25 1172413 64917 13%
c W 12840.33  0 40 451 1094865 63546680 462141  7% 26 1172413 64917 13%
c - 12910.53  0 37 452 1094866 63772139 412390  7% 24 1172413 64917 13%
c 
c   seconds     reductions            redundant     irredundant
c            MB        restarts               trail         variables
c             level           conflicts           glue           remaining
c 
c I 12942.43  0 37 452 1094866 63903682 524932  7% 23 1172413 64917 13%
c - 12968.99  0 160 453 1094866 64053327 423389  5% 72 1172413 64917 13%
c B 13015.45  0 182 453 1094866 64261683 615609  4% 84 1172413 64917 13%
c - 13020.59  0 109 454 1094895 64335135 427667  5% 52 1172413 64917 13%
c - 13098.94  0 34 455 1094990 64617566 385901  8% 25 1172413 64917 13%
c W 13101.31  0 34 455 1094990 64620684 388111  8% 25 1172413 64917 13%
c - 13165.24  0 41 456 1095055 64900616 409386  7% 24 1172413 64917 13%
c O 13180.94  0 42 456 1095077 64980685 482085  7% 26 1172413 64917 13%
c - 13210.26  0 32 457 1095120 65184289 401077  6% 22 1172413 64917 13%
c B 13239.71  0 32 457 1095124 65341686 535765  6% 22 1172413 64917 13%
c - 13268.77  0 29 458 1095176 65468582 408095  7% 21 1172413 64917 13%
c s 13268.97  0 29 458 1095176 65468582 407978  7% 21 1172413 64917 13%
c w 13269.98  0 29 458 1095176 65468582 407858  7% 21 1172413 64917 13%
c t 13269.99  0 29 458 1095176 65468582 407843  7% 21 1172413 64917 13%
c ] 13284.20  0 29 458 1095184 65535019 465431  7% 21 1172413 64917 13%
c { 13284.20  0 38 458 1095184 65535019 465431  8% 18 1172413 64917 13%
c # 13300.28  0 37 458 1100354 65703687 623401  7% 17 1172413 64917 13%
c - 13305.40  0 37 459 1102529 65753494 422837  7% 17 1172413 64917 13%
c - 13339.25  0 37 460 1117073 66039027 427863  7% 17 1172413 64917 13%
c B 13342.81  0 38 460 1119128 66066688 454142  7% 18 1172413 64917 13%
c 
c   seconds     reductions            redundant     irredundant
c            MB        restarts               trail         variables
c             level           conflicts           glue           remaining
c 
c - 13371.72  0 38 461 1133370 66325180 429536  7% 18 1172413 64917 13%
c W 13385.89  0 39 461 1139065 66430689 529650  7% 18 1172413 64917 13%
c - 13408.53  0 38 462 1146316 66611955 431376  8% 18 1172413 64917 13%
c F 13428.70  0 37 462 1152214 66795690 603109  7% 17 1172413 64917 13%
c - 13441.01  0 37 463 1157048 66899350 429768  7% 17 1172413 64917 13%
c B 13471.27  0 38 463 1172344 67161691 677592  7% 18 1172413 64917 13%
c - 13474.75  0 38 464 1173377 67187367 434202  7% 18 1172413 64917 13%
c - 13504.39  0 37 465 1184208 67476003 435057  7% 17 1172413 64917 13%
c W 13511.08  0 38 465 1187122 67528692 484739  7% 18 1172413 64917 13%
c - 13539.82  0 38 466 1199219 67765261 435736  7% 18 1172413 64917 13%
c s 13540.28  0 38 466 1199219 67765261 435609  7% 18 1172413 64917 13%
c w 13541.13  0 38 466 1199219 67765261 435492  7% 18 1172413 64917 13%
c t 13541.15  0 38 466 1199219 67765261 435453  7% 18 1172413 64917 13%
c # 13554.94  0 37 466 1203648 67896693 558806  7% 18 1172413 64917 13%
c - 13571.45  0 38 467 1211297 68055141 434819  7% 18 1172413 64917 13%
c B 13596.32  0 38 467 1220973 68265695 634176  8% 18 1172413 64917 13%
c - 13606.63  0 38 468 1224686 68345639 438753  8% 18 1172413 64917 13%
c W 13641.36  0 37 468 1235055 68635697 712457  7% 18 1172413 64917 13%
c - 13641.73  0 37 469 1235070 68636758 437692  7% 18 1172413 64917 13%
c - 13676.70  0 39 470 1249889 68928499 440220  8% 18 1172413 64917 13%
c 
c   seconds     reductions            redundant     irredundant
c            MB        restarts               trail         variables
c             level           conflicts           glue           remaining
c 
c F 13685.74  0 38 470 1252461 69006699 513956  7% 18 1172413 64917 13%
c - 13709.15  0 39 471 1264088 69220863 443970  7% 18 1172413 64917 13%
c B 13728.94  0 39 471 1271489 69378700 593744  8% 18 1172413 64917 13%
c - 13744.01  0 38 472 1276300 69513845 447520  7% 18 1172413 64917 13%
c W 13773.64  0 39 472 1286757 69751703 672564  8% 18 1172413 64917 13%
c - 13780.58  0 38 473 1288738 69807447 446323  8% 18 1172413 64917 13%
c - 13810.66  0 39 474 1304355 70101671 445451  7% 18 1172413 64917 13%
c # 13813.68  0 39 474 1306072 70125707 468234  7% 18 1172413 64917 13%
c - 13846.28  0 38 475 1317882 70396514 450225  8% 18 1172413 64917 13%
c s 13846.79  0 38 475 1317882 70396514 450103  8% 18 1172413 64917 13%
c w 13847.66  0 38 475 1317882 70396514 449974  8% 18 1172413 64917 13%
c t 13847.68  0 38 475 1317882 70396514 449915  8% 18 1172413 64917 13%
c B 13860.01  0 39 475 1322588 70500709 548459  8% 18 1172413 64917 13%
c - 13882.82  0 39 476 1329714 70691981 447647  8% 19 1172413 64917 13%
c W 13905.81  0 38 476 1336139 70876711 621759  8% 18 1172413 64917 13%
c - 13914.58  0 36 477 1337608 70988066 449290  7% 17 1172413 64917 13%
c F 13942.57  0 39 477 1356005 71253712 697301  7% 18 1172413 64917 13%
c - 13946.74  0 39 478 1357974 71284773 453560  7% 18 1172413 64917 13%
c - 13980.13  0 38 479 1372488 71582100 457175  7% 18 1172413 64917 13%
c B 13986.00  0 38 479 1374650 71631713 504031  7% 18 1172413 64917 13%
c 
c   seconds     reductions            redundant     irredundant
c            MB        restarts               trail         variables
c             level           conflicts           glue           remaining
c 
c - 14015.39  0 39 480 1385460 71880048 457829  7% 18 1172413 64917 13%
c W 14031.41  0 38 480 1390773 72010714 580504  7% 18 1172413 64917 13%
c - 14045.54  0 36 481 1395200 72178617 458571  6% 16 1172413 64917 13%
c # 14071.38  0 39 481 1412196 72390715 659042  7% 18 1172413 64917 13%
c - 14082.97  0 39 482 1416785 72477807 465028  7% 18 1172413 64917 13%
c B 14119.72  0 38 482 1428907 72771716 741406  8% 18 1172413 64917 13%
c - 14120.82  0 39 483 1429223 72777617 461144  8% 18 1172413 64917 13%
c s 14121.32  0 39 483 1429223 72777617 461054  8% 18 1172413 64917 13%
c w 14122.22  0 39 483 1429223 72777617 460939  8% 18 1172413 64917 13%
c t 14122.24  0 39 483 1429223 72777617 460895  8% 18 1172413 64917 13%
c - 14159.95  0 38 484 1440485 73078048 459952  8% 18 1172413 64917 13%
c W 14170.45  0 38 484 1443371 73153718 531538  8% 18 1172413 64917 13%
c - 14198.58  0 38 485 1451711 73379099 461569  8% 18 1172413 64917 13%
c F 14215.83  0 38 485 1457653 73536719 609441  7% 17 1172413 64917 13%
c - 14233.92  0 39 486 1466582 73680770 465157  7% 18 1172413 64917 13%
c B 14262.07  0 38 486 1476974 73920726 691877  7% 18 1172413 64917 13%
c - 14270.50  0 38 487 1480204 73983062 469733  7% 18 1172413 64917 13%
c - 14309.64  0 38 488 1493024 74285976 468621  8% 18 1172413 64917 13%
c W 14313.39  0 38 488 1493684 74305730 487119  8% 18 1172413 64917 13%
c - 14350.03  0 38 489 1504551 74589511 467280  8% 18 1172413 64917 13%
c 
c   seconds     reductions            redundant     irredundant
c            MB        restarts               trail         variables
c             level           conflicts           glue           remaining
c 
c # 14362.09  0 38 489 1508286 74691734 564078  8% 18 1172413 64917 13%
c - 14387.47  0 38 490 1516269 74893667 470053  8% 18 1172413 64917 13%
c B 14410.55  0 39 490 1524297 75078735 644993  8% 19 1172413 64917 13%
c - 14425.89  0 38 491 1528570 75198444 472071  8% 18 1172413 64917 13%
c W 14455.66  0 39 491 1541713 75466737 723702  7% 18 1172413 64917 13%
c - 14460.55  0 39 492 1544057 75503841 474434  7% 18 1172413 64917 13%
c s 14461.07  0 39 492 1544057 75503841 474300  7% 18 1172413 64917 13%
c w 14462.02  0 39 492 1544057 75503841 474172  7% 18 1172413 64917 13%
c t 14462.04  0 39 492 1544057 75503841 474113  7% 18 1172413 64917 13%
c - 14500.21  0 39 493 1557898 75809860 475698  7% 18 1172413 64917 13%
c F 14506.01  0 39 493 1559809 75855740 519290  8% 18 1172413 64917 13%
c - 14538.92  0 38 494 1569312 76116498 474556  8% 18 1172413 64917 13%
c B 14556.16  0 38 494 1575206 76245744 595748  7% 18 1172413 64917 13%
c - 14579.85  0 39 495 1582405 76423757 475812  8% 19 1172413 64917 13%
c W 14603.75  0 38 495 1591893 76636747 675644  7% 18 1172413 64917 13%
c - 14614.93  0 38 496 1596469 76731637 479114  7% 18 1172413 64917 13%
c # 14654.57  0 40 496 1612105 77028748 760179  7% 18 1172413 64917 13%
c - 14656.55  0 40 497 1612681 77040140 485152  8% 18 1172413 64917 13%
c - 14694.58  0 37 498 1623975 77349262 482708  7% 18 1172413 64917 13%
c B 14704.68  0 38 498 1628574 77421751 551421  7% 18 1172413 64917 13%
c 
c   seconds     reductions            redundant     irredundant
c            MB        restarts               trail         variables
c             level           conflicts           glue           remaining
c 
c - 14731.83  0 39 499 1639531 77659004 487723  7% 18 1172413 64917 13%
c W 14751.32  0 37 499 1646561 77815752 635292  7% 17 1172413 64917 13%
c - 14773.99  0 39 500 1656000 77969369 490701  7% 18 1172413 64917 13%
c s 14774.53  0 39 500 1656000 77969369 490562  7% 18 1172413 64917 13%
c w 14775.47  0 39 500 1656000 77969369 490432  7% 18 1172413 64917 13%
c t 14775.49  0 39 500 1656000 77969369 490368  7% 18 1172413 64917 13%
c F 14801.63  0 39 500 1668412 78210759 717409  7% 18 1172413 64917 13%
c - 14811.77  0 40 501 1673394 78280353 491078  7% 18 1172413 64917 13%
c - 14841.40  0 38 502 1687217 78591956 492275  7% 17 1172413 64917 13%
c B 14843.84  0 39 502 1689379 78606760 506416  7% 17 1172413 64917 13%
c - 14875.89  0 36 503 1703828 78904182 493711  6% 16 1172413 64917 13%
c W 14892.81  0 39 503 1714109 79003762 588559  7% 18 1172413 64917 13%
c - 14914.27  0 37 504 1722145 79217027 497753  7% 17 1172413 64917 13%
c # 14935.97  0 38 504 1736357 79401764 670507  7% 17 1172413 64917 13%
c - 14954.54  0 39 505 1745805 79530492 499487  7% 18 1172413 64917 13%
c B 14989.33  0 39 505 1760297 79800767 754775  7% 18 1172413 64917 13%
c - 14995.31  0 37 506 1761954 79844578 499954  8% 18 1172413 64917 13%
c - 15037.75  0 40 507 1777278 80159286 500548  8% 19 1172413 64917 13%
c W 15044.35  0 39 507 1778986 80200771 539417  8% 19 1172413 64917 13%
c - 15075.34  0 39 508 1792361 80474618 501233  7% 18 1172413 64917 13%
c 
c   seconds     reductions            redundant     irredundant
c            MB        restarts               trail         variables
c             level           conflicts           glue           remaining
c 
c s 15075.90  0 39 508 1792361 80474618 501100  7% 18 1172413 64917 13%
c w 15076.82  0 39 508 1792361 80474618 500960  7% 18 1172413 64917 13%
c t 15076.84  0 39 508 1792361 80474618 500890  7% 18 1172413 64917 13%
c F 15093.54  0 39 508 1798108 80601772 620930  7% 18 1172413 64917 13%
c - 15113.83  0 38 509 1806878 80790569 503425  7% 18 1172413 64917 13%
c B 15141.82  0 39 509 1818393 81003774 705264  8% 19 1172413 64917 13%
c - 15155.89  0 39 510 1822402 81107138 506562  8% 19 1172413 64917 13%
c W 15191.15  0 38 510 1833617 81406776 787205  7% 17 1172413 64917 13%
c - 15194.29  0 38 511 1835035 81424328 503248  7% 18 1172413 64917 13%
c - 15236.46  0 39 512 1851805 81742139 508280  7% 18 1172413 64917 13%
c # 15242.87  0 36 512 1853572 81810778 570750  7% 17 1172413 64917 13%
c - 15274.83  0 39 513 1869250 82060572 506032  7% 18 1172413 64917 13%
c B 15295.61  0 38 513 1876305 82215782 651687  8% 18 1172413 64917 13%
c - 15318.36  0 38 514 1882499 82379626 509797  8% 18 1172413 64917 13%
c W 15352.10  0 39 514 1892728 82621783 738993  8% 18 1172413 64917 13%
c - 15363.11  0 39 515 1896028 82699299 509591  8% 19 1172413 64917 13%
c - 15402.29  0 37 516 1908618 83019595 511619  7% 18 1172413 64917 13%
c F 15402.88  0 37 516 1908685 83028787 520143  7% 18 1172413 64917 13%
c - 15447.45  0 39 517 1924906 83340509 516302  8% 19 1172413 64917 13%
c s 15447.97  0 39 517 1924906 83340509 516154  8% 19 1172413 64917 13%
c 
c   seconds     reductions            redundant     irredundant
c            MB        restarts               trail         variables
c             level           conflicts           glue           remaining
c 
c w 15448.87  0 39 517 1924906 83340509 516013  8% 19 1172413 64917 13%
c t 15448.89  0 39 517 1924906 83340509 515943  8% 19 1172413 64917 13%
c B 15461.58  0 38 517 1928760 83436789 605889  8% 19 1172413 64917 13%
c - 15492.32  0 38 518 1937162 83662045 512952  8% 19 1172413 64917 13%
c W 15517.83  0 39 518 1944551 83845793 686775  8% 19 1172413 64917 13%
c - 15537.34  0 39 519 1949707 83984201 514999  8% 19 1172413 64917 13%
c # 15565.40  0 37 519 1960997 84255796 767538  7% 17 1172413 64917 13%
c - 15573.47  0 39 520 1965453 84306978 516992  7% 18 1172413 64917 13%
c - 15618.66  0 39 521 1981902 84630375 525604  8% 18 1172413 64917 13%
c B 15623.80  0 40 521 1983621 84666800 560041  8% 19 1172413 64917 13%
c - 15660.92  0 39 522 1996160 84954393 523021  7% 18 1172413 64917 13%
c W 15679.76  0 39 522 2002385 85078802 640663  8% 18 1172413 64917 13%
c - 15709.48  0 39 523 2010566 85279031 526203  8% 19 1172413 64917 13%
c F 15735.58  0 37 523 2017656 85491804 725665  7% 18 1172413 64917 13%
c - 15749.93  0 37 524 2022725 85604291 525073  7% 18 1172413 64917 13%
c B 15787.34  0 39 524 2039301 85905805 808491  7% 18 1172413 64917 13%
c - 15791.56  0 39 525 2041389 85930172 529073  7% 18 1172413 64917 13%
c s 15792.15  0 39 525 2041389 85930172 528952  7% 18 1172413 64917 13%
c w 15793.06  0 39 525 2041389 85930172 528843  7% 18 1172413 64917 13%
c t 15793.08  0 39 525 2041389 85930172 528775  7% 18 1172413 64917 13%
c 
c   seconds     reductions            redundant     irredundant
c            MB        restarts               trail         variables
c             level           conflicts           glue           remaining
c 
c - 15836.77  0 40 526 2057588 86256673 532085  7% 18 1172413 64917 13%
c W 15847.15  0 40 526 2061227 86320806 592990  7% 18 1172413 64917 13%
c - 15882.20  0 40 527 2073525 86583795 534185  8% 19 1172413 64917 13%
c # 15905.27  0 39 527 2079631 86736810 678735  8% 19 1172413 64917 13%
c - 15930.56  0 39 528 2086679 86911538 531937  8% 19 1172413 64917 13%
c B 15961.35  0 37 528 2093976 87153812 760517  7% 17 1172413 64917 13%
c - 15974.61  0 39 529 2100169 87239904 534304  7% 18 1172413 64917 13%
c - 16020.05  0 40 530 2115538 87568888 538167  7% 18 1172413 64917 13%
c W 16021.90  0 40 530 2115646 87571813 540939  7% 18 1172413 64917 13%
c - 16065.74  0 40 531 2132827 87898492 538925  7% 18 1172413 64917 13%
c F 16079.01  0 40 531 2136863 87990815 626440  8% 19 1172413 64917 13%
c - 16112.81  0 39 532 2146710 88228718 540299  8% 19 1172413 64917 13%
c B 16138.99  0 38 532 2153879 88410819 712293  8% 19 1172413 64917 13%
c - 16159.32  0 39 533 2159393 88559565 540357  7% 18 1172413 64917 13%
c W 16195.94  0 39 533 2173148 88831821 795581  7% 18 1172413 64917 13%
c - 16205.29  0 39 534 2176570 88891031 542116  7% 18 1172413 64917 13%
c s 16205.87  0 39 534 2176570 88891031 541975  7% 18 1172413 64917 13%
c w 16206.81  0 39 534 2176570 88891031 541824  7% 18 1172413 64917 13%
c t 16206.83  0 39 534 2176570 88891031 541732  7% 18 1172413 64917 13%
c - 16252.44  0 39 535 2192351 89223119 545337  7% 18 1172413 64917 13%
c 
c   seconds     reductions            redundant     irredundant
c            MB        restarts               trail         variables
c             level           conflicts           glue           remaining
c 
c # 16254.88  0 39 535 2192787 89253823 574041  7% 18 1172413 64917 13%
c - 16298.24  0 40 536 2211919 89555830 549404  7% 19 1172413 64917 13%
c B 16315.27  0 39 536 2216569 89676825 663506  8% 19 1172413 64917 13%
c - 16346.19  0 38 537 2225096 89889158 548612  8% 19 1172413 64917 13%
c W 16372.85  0 40 537 2234919 90100829 746828  7% 18 1172413 64917 13%
c - 16391.17  0 39 538 2241380 90223107 548144  7% 18 1172413 64917 13%
c F 16434.40  0 40 538 2254540 90525831 833745  8% 19 1172413 64917 13%
c - 16439.35  0 40 539 2255580 90557678 551276  8% 19 1172413 64917 13%
c - 16486.65  0 39 540 2269169 90892869 552434  8% 19 1172413 64917 13%
c B 16491.05  0 37 540 2269584 90951833 607839  7% 18 1172413 64917 13%
c - 16522.10  0 38 541 2284369 91228682 553803  7% 17 1172413 64917 13%
c W 16536.10  0 36 541 2288581 91378835 692955  6% 16 1172413 64917 13%
c - 16564.68  0 40 542 2306202 91565115 558970  7% 18 1172413 64917 13%
c s 16565.36  0 40 542 2306202 91565115 558834  7% 18 1172413 64917 13%
c w 16566.35  0 40 542 2306202 91565115 558690  7% 18 1172413 64917 13%
c t 16566.37  0 40 542 2306202 91565115 558589  7% 18 1172413 64917 13%
c # 16602.71  0 40 542 2318113 91806836 787638  8% 19 1172413 64917 13%
c - 16617.24  0 40 543 2322197 91902168 562132  8% 19 1172413 64917 13%
c B 16655.17  0 36 543 2332517 92235837 875647  7% 17 1172413 64917 13%
c - 16656.41  0 36 544 2333209 92239843 559724  7% 17 1172413 64917 13%
c 
c   seconds     reductions            redundant     irredundant
c            MB        restarts               trail         variables
c             level           conflicts           glue           remaining
c 
c - 16704.29  0 38 545 2355322 92578137 565286  7% 17 1172413 64917 13%
c W 16714.05  0 36 545 2358132 92665840 645567  6% 17 1172413 64917 13%
c - 16753.40  0 40 546 2376206 92917052 563835  7% 18 1172413 64917 13%
c F 16777.83  0 39 546 2383701 93096841 733277  7% 18 1172413 64917 13%
c - 16801.42  0 38 547 2390436 93256588 566159  8% 18 1172413 64917 13%
c B 16834.21  0 39 547 2406283 93528843 819860  7% 18 1172413 64917 13%
c - 16845.43  0 40 548 2410315 93596746 565827  7% 18 1172413 64917 13%
c - 16898.23  0 38 549 2425045 93937523 570230  8% 19 1172413 64917 13%
c W 16903.23  0 38 549 2425969 93961844 592953  8% 19 1172413 64917 13%
c - 16949.13  0 38 550 2438356 94278921 568769  7% 18 1172413 64917 13%
c s 16949.76  0 38 550 2438356 94278921 568648  7% 18 1172413 64917 13%
c w 16950.67  0 38 550 2438356 94278921 568512  7% 18 1172413 64917 13%
c t 16950.70  0 38 550 2438356 94278921 568429  7% 18 1172413 64917 13%
c # 16967.90  0 40 550 2444332 94395845 679093  8% 19 1172413 64917 13%
c - 17002.75  0 39 551 2452991 94620942 569330  8% 19 1172413 64917 13%
c B 17026.38  0 38 551 2461407 94830846 765584  7% 18 1172413 64917 13%
c - 17048.41  0 41 552 2470604 94963581 572859  7% 18 1172413 64917 13%
c W 17095.22  0 40 552 2484126 95266848 859955  8% 19 1172413 64917 13%
c - 17101.82  0 40 553 2485803 95306841 578070  8% 19 1172413 64917 13%
c - 17155.63  0 39 554 2498394 95650723 575973  8% 19 1172413 64917 13%
c 
c   seconds     reductions            redundant     irredundant
c            MB        restarts               trail         variables
c             level           conflicts           glue           remaining
c 
c F 17163.60  0 39 554 2500773 95703854 626226  8% 19 1172413 64917 13%
c - 17208.99  0 39 555 2512841 95995224 576857  8% 19 1172413 64917 13%
c B 17228.18  0 38 555 2517515 96141855 714173  7% 18 1172413 64917 13%
c - 17250.24  0 37 556 2524815 96340346 579168  7% 17 1172413 64917 13%
c W 17288.58  0 41 556 2544143 96580859 806569  7% 18 1172413 64917 13%
c - 17305.04  0 40 557 2549392 96686089 587981  7% 19 1172413 64917 13%
c # 17356.61  0 41 557 2564210 97020860 905206  8% 19 1172413 64917 13%
c - 17358.91  0 41 558 2564754 97032456 588528  8% 19 1172413 64917 13%
c - 17413.43  0 39 559 2577882 97379444 587110  8% 19 1172413 64917 13%
c s 17414.06  0 39 559 2577882 97379444 586978  8% 19 1172413 64917 13%
c w 17415.03  0 39 559 2577882 97379444 586844  8% 19 1172413 64917 13%
c t 17415.05  0 39 559 2577882 97379444 586732  8% 19 1172413 64917 13%
c B 17427.32  0 39 559 2581183 97461861 664960  8% 19 1172413 64917 13%
c - 17470.56  0 40 560 2592401 97727051 587359  8% 19 1172413 64917 13%
c W 17498.60  0 40 560 2598982 97903862 754925  8% 19 1172413 64917 13%
c - 17526.92  0 40 561 2606323 98075278 589848  8% 19 1172413 64917 13%
c F 17569.22  0 40 561 2617510 98346864 847720  8% 19 1172413 64917 13%
c - 17582.51  0 39 562 2620963 98424125 592140  8% 19 1172413 64917 13%
c - 17636.43  0 40 563 2636845 98773592 594226  7% 19 1172413 64917 13%
c B 17639.24  0 40 563 2637757 98790866 610594  7% 19 1172413 64917 13%
c 
c   seconds     reductions            redundant     irredundant
c            MB        restarts               trail         variables
c             level           conflicts           glue           remaining
c 
c - 17691.56  0 39 564 2651405 99123681 595757  8% 19 1172413 64917 13%
c W 17710.16  0 39 564 2655797 99235867 701281  7% 19 1172413 64917 13%
c - 17749.91  0 40 565 2666353 99474392 595860  8% 19 1172413 64917 13%
c # 17777.56  0 39 565 2676083 99681869 789482  7% 18 1172413 64917 13%
c - 17799.14  0 39 566 2682276 99825724 598920  7% 18 1172413 64917 13%
c B 17845.01  0 40 566 2700939 100128870 884445  7% 18 1172413 64917 13%
c - 17854.54  0 41 567 2703737 100177674 605047  8% 19 1172413 64917 13%
c s 17855.22  0 41 567 2703737 100177674 604865  8% 19 1172413 64917 13%
c w 17856.27  0 41 567 2703737 100177674 604732  8% 19 1172413 64917 13%
c t 17856.29  0 41 567 2703737 100177674 604621  8% 19 1172413 64917 13%
c - 17913.44  0 39 568 2718493 100530249 605506  8% 19 1172413 64917 13%
c W 17922.10  0 39 568 2720347 100576871 649478  8% 19 1172413 64917 13%
c - 17967.35  0 41 569 2735542 100883442 606882  7% 19 1172413 64917 13%
c F 17990.34  0 40 569 2741975 101025872 742074  8% 19 1172413 64917 13%
c - 18025.96  0 40 570 2750637 101237255 610074  8% 19 1172413 64917 13%
c B 18065.70  0 41 570 2760378 101475873 836117  8% 19 1172413 64917 13%
c - 18087.21  0 41 571 2765126 101591690 609081  8% 19 1172413 64917 13%
c W 18136.63  0 40 571 2779862 101926874 924766  7% 18 1172413 64917 13%
c - 18140.34  0 40 572 2780777 101946745 611041  7% 18 1172413 64917 13%
c - 18200.62  0 41 573 2797287 102302420 614726  8% 19 1172413 64917 13%
c 
c   seconds     reductions             redundant     irredundant
c            MB        restarts                trail         variables
c             level            conflicts           glue           remaining
c 
c # 18212.95  0 40 573 2800446 102378878 686879  8% 19 1172413 64917 13%
c - 18252.25  0 41 574 2816317 102658720 615021  7% 18 1172413 64917 13%
c B 18280.96  0 40 574 2824863 102831881 778781  8% 19 1172413 64917 13%
c - 18311.74  0 40 575 2832777 103015637 620815  8% 19 1172413 64917 13%
c W 18357.77  0 40 575 2843938 103285885 875813  8% 19 1172413 64917 13%
c - 18369.06  0 38 576 2846189 103373174 617627  7% 18 1172413 64917 13%
c s 18369.81  0 38 576 2846189 103373174 617491  7% 18 1172413 64917 13%
c w 18370.90  0 38 576 2846189 103373174 617305  7% 18 1172413 64917 13%
c t 18370.92  0 38 576 2846189 103373174 617197  7% 18 1172413 64917 13%
c - 18425.29  0 40 577 2866757 103731331 621367  7% 18 1172413 64917 13%
c F 18426.93  0 40 577 2867299 103740888 630439  7% 18 1172413 64917 13%
c - 18480.78  0 41 578 2887306 104090109 625898  7% 19 1172413 64917 13%
c B 18497.97  0 41 578 2892495 104196890 727301  8% 19 1172413 64917 13%
c - 18539.58  0 39 579 2902419 104449508 628293  8% 19 1172413 64917 13%
c W 18570.73  0 41 579 2912723 104653891 821028  7% 18 1172413 64917 13%
c - 18598.02  0 41 580 2921402 104809529 629013  8% 19 1172413 64917 13%
c # 18648.41  0 39 580 2933011 105111893 914954  7% 18 1172413 64917 13%
c - 18652.58  0 35 581 2933456 105170171 628545  6% 17 1172413 64917 13%
c - 18723.68  0 40 582 2957993 105531436 632794  7% 19 1172413 64917 13%
c B 18731.48  0 41 582 2960048 105570896 670412  8% 19 1172413 64917 13%
c 
c   seconds     reductions             redundant     irredundant
c            MB        restarts                trail         variables
c             level            conflicts           glue           remaining
c 
c - 18793.95  0 39 583 2974356 105893318 631717  8% 19 1172413 64917 13%
c W 18820.26  0 40 583 2980386 106030897 762051  8% 19 1172413 64917 13%
c - 18860.96  0 41 584 2990256 106255822 633584  8% 19 1172413 64917 13%
c s 18861.67  0 41 584 2990256 106255822 633417  8% 19 1172413 64917 13%
c w 18862.73  0 41 584 2990256 106255822 633296  8% 19 1172413 64917 13%
c t 18862.75  0 41 584 2990256 106255822 633203  8% 19 1172413 64917 13%
c F 18888.59  0 35 584 2996079 106491899 850229  6% 17 1172413 64917 13%
c - 18905.45  0 37 585 3004413 106618945 627615  6% 17 1172413 64917 13%
c B 18966.07  0 41 585 3028693 106953902 945534  8% 19 1172413 64917 13%
c - 18971.11  0 41 586 3029687 106982690 641777  8% 19 1172413 64917 13%
c - 19021.73  0 36 587 3042416 107347055 640470  7% 17 1172413 64917 13%
c W 19038.59  0 40 587 3050750 107416904 706651  7% 18 1172413 64917 13%
c - 19102.73  0 41 588 3067675 107712042 647410  8% 19 1172413 64917 13%
c # 19131.79  0 40 588 3074398 107880905 805967  8% 19 1172413 64917 13%
c - 19166.47  0 40 589 3082703 108077649 641771  8% 19 1172413 64917 13%
c B 19199.53  0 36 589 3090151 108345906 891932  7% 17 1172413 64917 13%
c - 19222.67  0 41 590 3100829 108443877 643906  7% 18 1172413 64917 13%
c - 19268.62  0 38 591 3116908 108810725 647928  6% 17 1172413 64917 13%
c W 19270.09  0 38 591 3116957 108811908 649038  6% 17 1172413 64917 13%
c - 19321.85  0 38 592 3140500 109178194 652228  7% 17 1172413 64917 13%
c 
c   seconds     reductions             redundant     irredundant
c            MB        restarts                trail         variables
c             level            conflicts           glue           remaining
c 
c s 19322.83  0 38 592 3140500 109178194 652071  7% 17 1172413 64917 13%
c w 19324.04  0 38 592 3140500 109178194 651503  7% 17 1172413 64917 13%
c t 19324.07  0 38 592 3140500 109178194 651390  7% 17 1172413 64917 13%
c F 19340.19  0 40 592 3148533 109278909 746454  7% 18 1172413 64917 13%
c - 19376.39  0 35 593 3160186 109546283 651607  7% 16 1172413 64917 13%
c B 19401.33  0 36 593 3172024 109746910 836897  6% 16 1172413 64917 13%
c - 19432.74  0 41 594 3188695 109914993 654073  7% 18 1172413 64917 13%
c W 19478.70  0 38 594 3201951 110215912 937710  7% 17 1172413 64917 13%
c - 19489.95  0 38 595 3206943 110284323 658689  7% 17 1172413 64917 13%
c - 19556.25  0 41 596 3229779 110654274 660932  8% 19 1172413 64917 13%
c # 19561.79  0 40 596 3231205 110685913 690940  8% 19 1172413 64917 13%
c - 19608.35  0 37 597 3243923 111024847 658726  7% 17 1172413 64917 13%
c B 19633.14  0 41 597 3256442 111156915 783657  7% 18 1172413 64917 13%
c - 19675.69  0 41 598 3268704 111396040 664678  8% 19 1172413 64917 13%
c W 19717.86  0 40 598 3278362 111628917 884798  8% 19 1172413 64917 13%
c - 19744.19  0 40 599 3284466 111767854 661358  8% 19 1172413 64917 13%
c F 19803.98  0 41 599 3298756 112101919 977521  8% 19 1172413 64917 13%
c - 19811.68  0 41 600 3300315 112140290 661792  8% 19 1172413 64917 13%
c - 19878.95  0 40 601 3315101 112513345 664126  8% 19 1172413 64917 13%
c s 19879.82  0 40 601 3315101 112513345 663937  8% 19 1172413 64917 13%
c 
c   seconds     reductions             redundant     irredundant
c            MB        restarts                trail         variables
c             level            conflicts           glue           remaining
c 
c w 19880.85  0 40 601 3315101 112513345 663730  8% 19 1172413 64917 13%
c t 19880.87  0 40 601 3315101 112513345 663636  8% 19 1172413 64917 13%
c B 19892.03  0 41 601 3318100 112575921 722889  8% 19 1172413 64917 13%
c - 19949.41  0 41 602 3331438 112887020 665451  8% 19 1172413 64917 13%
c W 19980.72  0 41 602 3338267 113050922 820530  8% 19 1172413 64917 13%
c - 20017.57  0 41 603 3347487 113261316 667459  8% 19 1172413 64917 13%
c # 20064.82  0 41 603 3359061 113526924 919339  8% 19 1172413 64917 13%
c - 20085.58  0 41 604 3363788 113636234 670939  8% 19 1172413 64917 13%
c B 20153.83  0 41 604 3379289 114003928 1019100  8% 19 1172413 64917 13%
c - 20156.21  0 42 605 3379877 114011772 671983  8% 19 1172413 64917 13%
c - 20225.41  0 41 606 3395326 114387930 672971  8% 19 1172413 64917 13%
c W 20244.62  0 40 606 3399100 114481929 761804  8% 19 1172413 64917 13%
c - 20298.88  0 41 607 3412170 114764709 674568  8% 19 1172413 64917 13%
c F 20335.53  0 41 607 3420457 114960930 860607  8% 19 1172413 64917 13%
c - 20371.42  0 41 608 3427963 115142110 678575  8% 19 1172413 64917 13%
c B 20427.86  0 40 608 3439755 115440932 961050  8% 19 1172413 64917 13%
c - 20444.35  0 41 609 3443581 115520134 680097  8% 19 1172413 64917 13%
c s 20445.16  0 41 609 3443581 115520134 679929  8% 19 1172413 64917 13%
c w 20446.22  0 41 609 3443581 115520134 679777  8% 19 1172413 64917 13%
c t 20446.24  0 41 609 3443581 115520134 679657  8% 19 1172413 64917 13%
c 
c   seconds     reductions             redundant     irredundant
c            MB        restarts                trail         variables
c             level            conflicts           glue           remaining
c 
c - 20511.63  0 41 610 3463103 115898775 682140  8% 19 1172413 64917 13%
c W 20517.30  0 41 610 3464319 115921934 704071  8% 19 1172413 64917 13%
c - 20585.44  0 40 611 3479688 116278042 686492  8% 19 1172413 64917 13%
c # 20595.10  0 37 611 3481225 116403936 803602  7% 17 1172413 64917 13%
c - 20650.30  0 42 612 3501140 116657926 688344  7% 19 1172413 64917 13%
c B 20692.12  0 41 612 3510971 116886943 905385  8% 19 1172413 64917 13%
c - 20722.25  0 41 613 3517924 117038430 692852  8% 19 1172413 64917 13%
c W 20786.88  0 42 613 3532104 117370944 1008163  8% 19 1172413 64917 13%
c - 20796.22  0 42 614 3533946 117419554 691831  8% 19 1172413 64917 13%
c - 20869.18  0 41 615 3549631 117801301 692519  8% 19 1172413 64917 13%
c F 20879.16  0 41 615 3551846 117855946 744436  8% 19 1172413 64917 13%
c - 20931.51  0 40 616 3566918 118183670 694542  7% 18 1172413 64917 13%
c B 20964.80  0 42 616 3578053 118341949 844376  7% 19 1172413 64917 13%
c - 21008.75  0 42 617 3588670 118566657 700881  8% 19 1172413 64917 13%
c W 21059.46  0 40 617 3599488 118828950 949390  8% 19 1172413 64917 13%
c - 21084.96  0 41 618 3605333 118950264 700230  8% 19 1172413 64917 13%
c s 21085.87  0 41 618 3605333 118950264 700050  8% 19 1172413 64917 13%
c w 21086.99  0 41 618 3605333 118950264 699897  8% 19 1172413 64917 13%
c t 21087.01  0 41 618 3605333 118950264 699751  8% 19 1172413 64917 13%
c # 21158.96  0 42 618 3621609 119316952 1046210  8% 19 1172413 64917 13%
c 
c   seconds     reductions             redundant     irredundant
c            MB        restarts                trail         variables
c             level            conflicts           glue           remaining
c 
c - 21162.61  0 41 619 3622289 119334495 699619  8% 19 1172413 64917 13%
c - 21237.49  0 40 620 3638909 119719343 702084  8% 19 1172413 64917 13%
c B 21253.20  0 41 620 3643857 119805954 783978  7% 19 1172413 64917 13%
c - 21313.89  0 42 621 3658786 120104813 705506  8% 19 1172413 64917 13%
c W 21352.63  0 41 621 3666539 120295956 886550  8% 19 1172413 64917 13%
c - 21392.14  0 41 622 3674325 120490903 707260  8% 19 1172413 64917 13%
c F 21450.82  0 41 622 3687365 120786957 987342  8% 19 1172413 64917 13%
c - 21469.18  0 42 623 3691346 120877618 709079  8% 19 1172413 64917 13%
c - 21539.03  0 39 624 3705941 121264949 711226  7% 18 1172413 64917 13%
c B 21540.04  0 39 624 3706056 121278958 724133  7% 18 1172413 64917 13%
c - 21614.04  0 42 625 3731211 121652901 714760  7% 19 1172413 64917 13%
c W 21638.37  0 42 625 3736568 121771960 827980  8% 19 1172413 64917 13%
c - 21692.29  0 40 626 3747149 122041474 719737  8% 19 1172413 64917 13%
c s 21693.21  0 40 626 3747149 122041474 719584  8% 19 1172413 64917 13%
c w 21694.40  0 40 626 3747149 122041474 719461  8% 19 1172413 64917 13%
c t 21694.43  0 40 626 3747149 122041474 719330  8% 19 1172413 64917 13%
c # 21732.34  0 38 626 3755320 122265966 931753  7% 18 1172413 64917 13%
c - 21766.85  0 42 627 3766916 122430668 720420  7% 19 1172413 64917 13%
c B 21835.16  0 42 627 3782729 122760967 1034256  8% 19 1172413 64917 13%
c - 21847.67  0 42 628 3785165 122820482 724581  8% 19 1172413 64917 13%
c 
c   seconds     reductions             redundant     irredundant
c            MB        restarts                trail         variables
c             level            conflicts           glue           remaining
c 
c - 21927.58  0 41 629 3801222 123210917 723547  8% 19 1172413 64917 13%
c W 21938.31  0 40 629 3803047 123256968 767252  8% 19 1172413 64917 13%
c - 22005.47  0 40 630 3817910 123601973 724230  7% 19 1172413 64917 13%
c F 22027.88  0 40 630 3826047 123753970 866216  7% 18 1172413 64917 13%
c - 22083.30  0 43 631 3841620 123993651 728212  8% 19 1172413 64917 13%
c B 22134.21  0 41 631 3852779 124251971 972879  8% 19 1172413 64917 13%
c - 22163.41  0 42 632 3858827 124385948 731100  8% 19 1172413 64917 13%
c W 22241.13  0 41 632 3874410 124750972 1076584  8% 19 1172413 64917 13%
c - 22247.86  0 41 633 3875725 124778867 730579  8% 19 1172413 64917 13%
c - 22335.79  0 41 634 3892949 125172406 732018  8% 19 1172413 64917 13%
c # 22342.40  0 38 634 3893700 125250973 805355  7% 18 1172413 64917 13%
c - 22415.11  0 42 635 3915602 125566565 736693  8% 19 1172413 64917 13%
c s 22416.28  0 42 635 3915602 125566565 736493  8% 19 1172413 64917 13%
c w 22417.56  0 42 635 3915602 125566565 736365  8% 19 1172413 64917 13%
c t 22417.59  0 42 635 3915602 125566565 736233  8% 19 1172413 64917 13%
c B 22448.43  0 39 635 3922120 125751974 910685  7% 19 1172413 64917 13%
c - 22483.26  0 42 636 3935452 125961346 736578  7% 18 1172413 64917 13%
c W 22538.38  0 38 636 3948803 126253976 1012369  7% 18 1172413 64917 13%
c - 22550.82  0 38 637 3953378 126356747 739914  7% 17 1172413 64917 13%
c - 22646.50  0 42 638 3981579 126752770 747157  8% 19 1172413 64917 13%
c 
c   seconds     reductions             redundant     irredundant
c            MB        restarts                trail         variables
c             level            conflicts           glue           remaining
c 
c F 22647.46  0 42 638 3981753 126756983 751198  8% 19 1172413 64917 13%
c - 22734.67  0 41 639 3998983 127149412 744079  8% 19 1172413 64917 13%
c B 22759.65  0 42 639 4004102 127260984 849860  8% 20 1172413 64917 13%
c - 22822.84  0 41 640 4015586 127546676 743389  8% 19 1172413 64917 13%
c W 22874.11  0 43 640 4026352 127765987 951804  8% 19 1172413 64917 13%
c - 22917.12  0 43 641 4034664 127944560 748460  8% 20 1172413 64917 13%
c # 22991.29  0 42 641 4048933 128271989 1056102  8% 19 1172413 64917 13%
c - 22997.56  0 38 642 4049519 128343064 747429  7% 18 1172413 64917 13%
c - 23081.21  0 42 643 4076575 128742190 752156  7% 19 1172413 64917 13%
c s 23082.62  0 42 643 4076575 128742190 751962  7% 19 1172413 64917 13%
c w 23084.02  0 42 643 4076575 128742190 751833  7% 19 1172413 64917 13%
c t 23084.04  0 42 643 4076575 128742190 751689  7% 19 1172413 64917 13%
c B 23086.78  0 39 643 4076865 128778991 785675  7% 18 1172413 64917 13%
c - 23166.63  0 43 644 4099575 129141936 755713  8% 19 1172413 64917 13%
c W 23199.44  0 42 644 4105770 129286993 893351  8% 19 1172413 64917 13%
c - 23257.91  0 40 645 4116928 129542303 758084  8% 19 1172413 64917 13%
c F 23315.23  0 42 645 4129332 129795994 998672  8% 19 1172413 64917 13%
c - 23349.93  0 42 646 4135865 129943290 758482  8% 19 1172413 64917 13%
c B 23432.35  0 42 646 4151706 130305995 1102595  8% 19 1172413 64917 13%
c - 23442.21  0 42 647 4153465 130344898 760638  8% 20 1172413 64917 13%
c 
c   seconds     reductions             redundant     irredundant
c            MB        restarts                trail         variables
c             level            conflicts           glue           remaining
c 
c - 23536.56  0 41 648 4169939 130747129 760817  8% 20 1172413 64917 13%
c W 23553.71  0 42 648 4173027 130816996 827034  8% 20 1172413 64917 13%
c } 23614.64  0 42 648 4184211 131071020 1066655  8% 20 1172413 64917 13%
c [ 23614.64  0 29 648 4184211 131071020 1066655  7% 21 1172413 64917 13%
c - 23624.21  0 35 649 4184242 131149978 759121  7% 22 1172413 64917 13%
c W 23662.43  0 33 649 4184275 131328997 919023  7% 21 1172413 64917 13%
c - 23742.39  0 28 650 4184348 131553449 727712  7% 22 1172413 64917 13%
c I 23854.76  0 31 650 4184403 131841998 979523  7% 22 1172413 64917 13%
c - 23881.16  0 177 651 4184404 131957541 737483  5% 78 1172413 64917 13%
c s 23882.13  0 177 651 4184404 131957541 737371  5% 78 1172413 64917 13%
c w 23883.44  0 177 651 4184404 131957541 737279  5% 78 1172413 64917 13%
c t 23883.47  0 177 651 4184404 131957541 737139  5% 78 1172413 64917 13%
c B 23969.13  0 68 651 4184466 132356000 1102926  7% 32 1172413 64917 13%
c - 23971.21  0 74 652 4184466 132362255 743118  7% 33 1172413 64917 13%
c - 24088.56  0 29 653 4184575 132767589 703295  7% 20 1172413 64917 13%
c W 24125.79  0 29 653 4184600 132871001 794542  7% 20 1172413 64917 13%
c - 24244.00  0 30 654 4184659 133173545 713610  7% 22 1172413 64917 13%
c O 24328.29  0 28 654 4184712 133387002 892647  7% 21 1172413 64917 13%
c - 24406.61  0 27 655 4184771 133580122 715446  7% 21 1172413 64917 13%
c B 24532.36  0 30 655 4184849 133904006 999881  7% 22 1172413 64917 13%
c 
c   seconds     reductions             redundant     irredundant
c            MB        restarts                trail         variables
c             level            conflicts           glue           remaining
c 
c - 24567.13  0 29 656 4184879 133987317 732008  7% 22 1172413 64917 13%
c - 24722.90  0 28 657 4184915 134395132 718183  7% 21 1172413 64917 13%
c W 24732.58  0 28 657 4184915 134422007 741583  7% 21 1172413 64917 13%
c - 24872.73  0 31 658 4184916 134803568 721735  7% 23 1172413 64917 13%
c I 24922.18  0 29 658 4184916 134941009 836107  7% 22 1172413 64917 13%
c - 24965.56  0 115 659 4184917 135212625 758202  8% 29 1172413 64917 13%
c B 25021.55  0 93 659 4184917 135461010 996805  8% 30 1172413 64917 13%
c - 25049.80  0 97 660 4184917 135622302 761543  5% 40 1172413 64917 13%
c s 25050.67  0 97 660 4184917 135622302 761089  5% 40 1172413 64917 13%
c w 25052.14  0 97 660 4184917 135622302 760910  5% 40 1172413 64917 13%
c t 25052.16  0 97 660 4184917 135622302 760814  5% 40 1172413 64917 13%
c W 25150.36  0 50 660 4184917 135982011 1094715  7% 27 1172413 64917 13%
c - 25164.62  0 46 661 4184917 136032600 749040  7% 26 1172413 64917 13%
c - 25288.76  0 35 662 4184918 136443520 742397  6% 24 1172413 64917 13%
c O 25303.65  0 36 662 4184918 136504015 797647  6% 25 1172413 64917 13%
c - 25413.56  0 30 663 4184918 136855061 701860  5% 22 1172413 64917 13%
c B 25471.66  0 29 663 4184918 137027017 845450  6% 22 1172413 64917 13%
c - 25528.67  0 57 664 4184918 137267221 735135  7% 28 1172413 64917 13%
c W 25629.79  0 43 664 4184918 137551018 1002485  7% 25 1172413 64917 13%
c - 25686.75  0 32 665 4184918 137680003 768047  7% 23 1172413 64917 13%
c 
c   seconds     reductions              redundant     irredundant
c            MB        restarts                 trail         variables
c             level            conflicts            glue           remaining
c 
c I 25834.42  0 35 665 4184918 138076019 1111937  7% 22 1172413 64917 13%
c - 25837.72  0 72 666 4184918 138093405 756833  7% 29 1172413 64917 13%
c - 25927.09  0 209 667 4184919 138507431 760391  7% 42 1172413 64917 13%
c B 25946.67  0 208 667 4184919 138602020 851812  7% 40 1172413 64917 13%
c - 26026.12  0 45 668 4184919 138922075 757123  8% 24 1172413 64917 13%
c s 26026.78  0 45 668 4184919 138922075 756800  8% 24 1172413 64917 13%
c w 26028.15  0 45 668 4184919 138922075 756639  8% 24 1172413 64917 13%
c t 26028.17  0 45 668 4184919 138922075 756599  8% 24 1172413 64917 13%
c W 26108.08  0 36 668 4184919 139129021 946122  8% 25 1172413 64917 13%
c - 26205.08  0 33 669 4184919 139337339 747338  8% 25 1172413 64917 13%
c O 26343.88  0 33 669 4184919 139657023 1012676  7% 25 1172413 64917 13%
c - 26366.21  0 33 670 4184919 139753225 733723  7% 23 1172413 64917 13%
c - 26490.04  0 32 671 4184919 140169730 722228  8% 23 1172413 64917 13%
c B 26495.53  0 32 671 4184919 140186025 736819  8% 23 1172413 64917 13%
c - 26606.57  0 56 672 4184919 140586856 755505  7% 30 1172413 64917 13%
c W 26648.66  0 57 672 4184919 140716028 878616  7% 31 1172413 64917 13%
c - 26735.53  0 42 673 4184919 141004603 777007  8% 23 1172413 64917 13%
c I 26797.33  0 39 673 4184919 141247029 1009005  8% 21 1172413 64917 13%
c - 26843.19  0 251 674 4184919 141422973 784839  5% 76 1172413 64917 13%
c B 26999.12  0 282 674 4184919 141779030 1125379  4% 112 1172413 64917 13%
c 
c   seconds      reductions             redundant     irredundant
c            MB         restarts                trail         variables
c              level            conflicts           glue           remaining
c 
c - 27010.74  0 188 675 4184919 141841964 811016  6% 73 1172413 64917 13%
c - 27107.48  0 63 676 4184919 142261573 780077  7% 27 1172413 64917 13%
c W 27123.44  0 51 676 4184919 142312031 827192  7% 25 1172413 64917 13%
c - 27307.03  0 31 677 4184980 142681803 741885  7% 24 1172413 64917 13%
c s 27307.51  0 31 677 4184980 142681803 741739  7% 24 1172413 64917 13%
c w 27308.74  0 31 677 4184980 142681803 741617  7% 24 1172413 64917 13%
c t 27308.77  0 31 677 4184980 142681803 741575  7% 24 1172413 64917 13%
c O 27356.58  0 31 677 4185027 142846033 880485  7% 22 1172413 64917 13%
c - 27432.58  0 27 678 4185087 143102654 729960  7% 21 1172413 64917 13%
c B 27530.70  0 27 678 4185172 143381034 958417  6% 21 1172413 64917 13%
c - 27583.36  0 28 679 4185174 143524126 724562  6% 22 1172413 64917 13%
c W 27753.44  0 27 679 4185287 143917038 1046000  6% 22 1172413 64917 13%
c - 27768.25  0 27 680 4185299 143946218 740238  6% 22 1172413 64917 13%
c - 27976.41  0 28 681 4185410 144368933 742475  6% 23 1172413 64917 13%
c I 28015.23  0 28 681 4185427 144454039 806120  6% 23 1172413 64917 13%
c - 28065.09  0 46 682 4185430 144792266 777898  7% 22 1172413 64917 13%
c B 28101.63  0 37 682 4185461 144992041 960163  6% 22 1172413 64917 13%
c - 28168.82  0 34 683 4185533 145216224 779181  8% 23 1172413 64917 13%
c W 28287.42  0 32 683 4185618 145531044 1044866  7% 25 1172413 64917 13%
c - 28343.12  0 27 684 4185650 145640802 727466  7% 22 1172413 64917 13%
c 
c   seconds     reductions             redundant     irredundant
c            MB        restarts                trail         variables
c             level            conflicts           glue           remaining
c 
c - 28486.92  0 31 685 4185719 146065998 727630  6% 21 1172413 64917 13%
c s 28487.24  0 31 685 4185719 146065998 727538  6% 21 1172413 64917 13%
c w 28488.59  0 31 685 4185719 146065998 727435  6% 21 1172413 64917 13%
c t 28488.61  0 31 685 4185719 146065998 727409  6% 21 1172413 64917 13%
c O 28490.33  0 31 685 4185723 146071045 731473  6% 21 1172413 64917 13%
c - 28698.43  0 28 686 4185837 146491816 710814  7% 22 1172413 64917 13%
c B 28737.01  0 30 686 4185875 146612047 813887  7% 23 1172413 64917 13%
c - 28836.13  0 29 687 4185940 146918256 741355  6% 21 1172413 64917 13%
c W 28920.49  0 29 687 4185941 147154048 943776  7% 22 1172413 64917 13%
c - 28989.86  0 32 688 4185942 147345314 773462  7% 22 1172413 64917 13%
c I 29152.06  0 28 688 4185942 147697051 1091026  7% 21 1172413 64917 13%
c - 29168.79  0 109 689 4185942 147772992 804132  7% 38 1172413 64917 13%
c - 29295.71  0 34 690 4186068 148201293 768533  7% 21 1172413 64917 13%
c B 29307.05  0 32 690 4186069 148241053 805162  7% 21 1172413 64917 13%
c - 29416.92  0 31 691 4186189 148630214 764793  7% 21 1172413 64917 13%
c W 29482.21  0 27 691 4186197 148786055 894088  8% 21 1172413 64917 13%
c - 29613.31  0 26 692 4186259 149059755 744682  8% 20 1172413 64917 13%
c O 29757.71  0 27 692 4186324 149332056 965915  7% 21 1172413 64917 13%
c - 29836.83  0 26 693 4186380 149489917 742299  7% 21 1172413 64917 13%
c s 29837.18  0 26 693 4186380 149489917 742222  7% 21 1172413 64917 13%
c 
c   seconds     reductions             redundant     irredundant
c            MB        restarts                trail         variables
c             level            conflicts           glue           remaining
c 
c w 29838.78  0 26 693 4186380 149489917 742139  7% 21 1172413 64917 13%
c t 29838.80  0 26 693 4186380 149489917 742120  7% 21 1172413 64917 13%
c B 29970.83  0 27 693 4186452 149879057 1080799  7% 21 1172413 64917 13%
c - 29987.89  0 31 694 4186452 149920700 752849  7% 22 1172413 64917 13%
c - 30188.02  0 29 695 4186509 150352105 770285  7% 22 1172413 64917 13%
c W 30217.83  0 30 695 4186522 150427060 835957  7% 22 1172413 64917 13%
c - 30396.04  0 30 696 4186622 150784132 761705  7% 22 1172413 64917 13%
c I 30480.81  0 30 696 4186681 150976061 930641  7% 22 1172413 64917 13%
c - 30549.88  0 35 697 4186708 151216778 775808  7% 22 1172413 64917 13%
c B 30667.20  0 32 697 4186795 151526063 1041655  7% 23 1172413 64917 13%
c - 30699.24  0 32 698 4186834 151650043 771758  7% 21 1172413 64917 13%
c W 30841.15  0 29 698 4186955 152077065 1144408  7% 22 1172413 64917 13%
c - 30844.26  0 29 699 4186958 152083930 759712  7% 22 1172413 64917 13%
c - 31063.25  0 29 700 4186964 152518437 761043  7% 22 1172413 64917 13%
c O 31120.99  0 28 700 4186965 152629067 851395  7% 23 1172413 64917 13%
c - 31308.10  0 25 701 4186965 152953564 750858  7% 21 1172413 64917 13%
c B 31430.12  0 25 701 4186966 153182068 937968  7% 21 1172413 64917 13%
c - 31528.61  0 34 702 4186966 153389313 787901  7% 24 1172413 64917 13%
c s 31528.95  0 34 702 4186966 153389313 787849  7% 24 1172413 64917 13%
c w 31530.76  0 34 702 4186966 153389313 787783  7% 24 1172413 64917 13%
c 
c   seconds     reductions             redundant     irredundant
c            MB        restarts                trail         variables
c             level            conflicts           glue           remaining
c 
c t 31530.78  0 34 702 4186966 153389313 787756  7% 24 1172413 64917 13%
c W 31710.34  0 30 702 4186966 153736071 1098230  8% 23 1172413 64917 13%
c - 31782.16  0 29 703 4186966 153825683 794295  8% 23 1172413 64917 13%
c - 32082.37  0 32 704 4186997 154262673 815872  7% 23 1172413 64917 13%
c I 32096.51  0 31 704 4187005 154291073 841119  7% 23 1172413 64917 13%
c - 32239.92  0 27 705 4187114 154700285 767426  7% 21 1172413 64917 13%
c B 32309.29  0 26 705 4187156 154847075 882810  8% 21 1172413 64917 13%
c - 32481.38  0 25 706 4187221 155138519 737050  8% 21 1172413 64917 13%
c W 32658.43  0 30 706 4187283 155404076 961222  8% 24 1172413 64917 13%
c - 32792.81  0 28 707 4187337 155577373 731260  7% 24 1172413 64917 13%
c O 33143.94  0 27 707 4187434 155962077 1015121  8% 23 1172413 64917 13%
c - 33212.50  0 26 708 4187455 156016846 732232  8% 23 1172413 64917 13%
c - 33519.03  0 29 709 4187477 156456939 776573  7% 23 1172413 64917 13%
c B 33568.13  0 28 709 4187477 156521079 828742  7% 22 1172413 64917 13%
c - 33836.27  0 29 710 4187591 156897653 792953  7% 22 1172413 64917 13%
c s 33836.97  0 29 710 4187591 156897653 791991  7% 22 1172413 64917 13%
c w 33838.81  0 29 710 4187591 156897653 791801  7% 22 1172413 64917 13%
c t 33838.84  0 29 710 4187591 156897653 791791  7% 22 1172413 64917 13%
c W 33951.42  0 27 710 4187625 157081080 941168  7% 22 1172413 64917 13%
c 
c caught signal 15 (SIGTERM)
c 
c --- [ result ] -------------------------------------------------------------
c 
c UNKNOWN
c 
c --- [ run-time profiling ] -------------------------------------------------
c 
c process time taken by individual solving procedures
c (percentage relative to process time for solving)
c 
c     33593.22   98.94% search
c     20829.83   61.35% stable
c     12472.07   36.73% unstable
c       360.21    1.06% simplify
c       291.25    0.86% walk
c       119.76    0.35% probe
c        67.15    0.20% vivify
c        62.03    0.18% ternary
c        30.45    0.09% subsume
c         6.54    0.02% elim
c         0.91    0.00% parse
c         0.07    0.00% lucky
c   =================================
c     33953.43  100.00% solve
c 
c last line shows process time for solving
c (percentage relative to total process time)
c 
c --- [ statistics ] ---------------------------------------------------------
c 
c chronological:          33259827        21.17 %  of conflicts
c conflicts:             157086350      4626.52    per second
c decisions:             359330607     10583.04    per second
c eliminated:               452979        87.40 %  of all variables
c fixed:                       361         0.07 %  of all variables
c learned:               153859974        97.95 %  per conflict
c learned_lits:        16129214649       100.00 %  learned literals
c minimized:                     0         0.00 %  learned literals
c shrunken:             5706786977        35.38 %  learned literals
c minishrunken:         1892968038        11.74 %  learned literals
c otfs:                     183531         0.12 %  of conflict
c propagations:       126049166159         3.71 M  per second
c reduced:               141998472        90.40 %  per conflict
c rephased:                    560    280511.34    interval
c restarts:                4187627        37.51    interval
c stabilizing:                   9        44.37 %  of conflicts
c subsumed:               12714479         7.92 %  of all clauses
c strengthened:             933961         0.58 %  of all clauses
c ternary:                       8         0.41 %  of resolved
c vivified:                  22344         0.01 %  of all clauses
c walked:                      186    844550.27    interval
c weakened:                2254880         2.00    average size
c 
c seconds are measured in process time for solving
c 
c --- [ resources ] ----------------------------------------------------------
c 
c total process time since initialization:     33954.34    seconds
c total real time since initialization:        35051.04    seconds
c maximum resident set size of process:       895072.00    MB
c 
c raising signal 15 (SIGTERM)
